order_line_id,order_id,order_date,customer_id,customer_segment,country,acquisition_channel,product_category,product_id,quantity,unit_price,currency,discount_pct,shipping_cost,returned,payment_status
OL-0001783,ORD-001064,2026-05-25,CUS-B-00099,Corporate,Germany,Organic,Electronics,ELE-023,1,531.22,EUR,20,10.17,False,Paid
OL-0003918,ORD-002343,2026-06-08,CUS-C-00425,Consumer,Germany,Marketplace,Home,HOM-025,1,128.51,EUR,0,8.49,False,Paid
OL-0000222,ORD-000137,2026-04-18,CUS-C-00952,Consumer,Germany,Email,Home,HOM-019,1,65.87,EUR,0,6.83,False,Paid
OL-0002136,ORD-001275,2026-02-28,CUS-C-01076,Consumer,Germany,Marketplace,Office,OFF-023,2,55.53,EUR,0,4.7,False,Paid
OL-0005225,ORD-003124,25/05/2026,CUS-S-00161,Small Business,France,Organic,Office,OFF-015,3,68.2,EUR,0,3.81,False,Paid
OL-0001169,ORD-000697,2026-03-12,CUS-S-00326,Small Business,Spain,Organic,Office,OFF-020,6,46.09,EUR,0,3.92,False,Paid
OL-0000880,ORD-000531,2026-06-22,CUS-C-00242,Consumer,France,Organic,Office,OFF-008,5,8.42,EUR,0,4.19,False,Paid
OL-0000157,ORD-000100,07/03/2026,CUS-C-00520,Consumer,United Kingdom,Organic,Office,OFF-026,1,18.59,GBP,0,3.18,False,Paid
OL-0001658,ORD-000991,2026-06-17,,Small Business,Spain,Social,Home,HOM-016,2,271.82,EUR,0,6.48,False,Paid
OL-0000324,ORD-000198,2026-05-11,CUS-C-00116,Consumer,Germany,Organic,Electronics,ELE-030,1,1110.27,EUR,0,15.54,False,Paid
OL-0005303,ORD-003170,2026-04-03,CUS-S-00332,Small Business,Germany,Paid Search,Office,OFF-030,2,64.23,EUR,0,4.53,False,Paid
OL-0002612,ORD-001560,2026-05-26,CUS-C-00727,Consumer,United States,Marketplace,Home,HOM-025,-2,140.83,USD,0,8.1,True,Refunded
OL-0000812,ORD-000490,2026-05-14,CUS-S-00179,Small Business,France,Email,Home,HOM-020,3,56.81,EUR,20,6.59,False,Paid
OL-0000394,ORD-000238,2026-05-17,CUS-S-00512,Small Business,Germany,Organic,Office,OFF-023,2,56.3,EUR,0,4.83,False,Paid
OL-0003594,ORD-002145,2026-05-25,CUS-C-01079,Consumer,Germany,Marketplace,Home,HOM-024,1,80.11,EUR,0,9.61,False,Paid
OL-0002639,ORD-001574,2026-05-15,CUS-C-01302,Consumer,France,Social,Office,OFF-024,6,17.04,EUR,0,4.6,False,Paid
OL-0002188,ORD-001308,2026-04-26,,Consumer,United States,Organic,Office,OFF-022,6,24.93,USD,0,5.4,False,Paid
OL-0005352,ORD-003199,12/03/2026,,Consumer,France,Marketplace,Office,OFF-016,2,9.26,EUR,0,3.78,False,Paid
OL-0000320,ORD-000195,2026-04-03,CUS-S-00270,Small Business,Spain,Email,Electronics,ELE-009,2,211.31,EUR,5,14.02,False,Paid
OL-0000168,ORD-000104,14/02/2026,CUS-C-00459,Consumer,Germany,Paid Search,Office,OFF-024,2,17.83,EUR,15,5.38,False,Paid
OL-0000747,ORD-000448,2026-05-17,CUS-C-00630,Consumer,France,Organic,Office,OFF-013,3,50.15,EUR,0,3.94,False,Paid
OL-0005471,ORD-003272,2026-03-25,CUS-C-00064,Consumer,United Kingdom,Marketplace,Home,HOM-018,1,40.46,GBP,0,7.22,False,Paid
OL-0003708,ORD-002213,2026-03-20,CUS-S-00093,Small Business,United Kingdom,Organic,Home,HOM-030,3,109.69,GBP,20,8.35,False,Paid
OL-0002765,ORD-001649,13/05/2026,CUS-B-00207,Corporate,United Kingdom,Social,Home,HOM-037,1,120.45,GBP,0,7.05,False,Paid
OL-0005113,ORD-003057,30/05/2026,CUS-B-00218,Corporate,United States,Organic,Electronics,ELE-019,3,273.77,USD,0,14.8,False,Paid
OL-0004007,ORD-002398,05/04/2026,CUS-S-00077,Small Business,United States,Social,Office,OFF-033,6,36.84,USD,0,5.1,False,Paid
OL-0001872,ORD-001114,2026-01-19,CUS-S-00442,Small Business,Germany,Marketplace,Office,OFF-024,1,17.87,EUR,0,4.0,False,Paid
OL-0005757,ORD-003450,14/02/2026,CUS-C-00929,Consumer,Spain,Paid Search,Home,HOM-001,1,260.87,EUR,5,7.23,False,Paid
OL-0003194,ORD-001900,03/06/2026,CUS-B-00241,Corporate,United Kingdom,Organic,Electronics,ELE-006,2,191.6,GBP,0,10.22,False,Paid
OL-0003755,ORD-002243,06/02/2026,CUS-C-01065,Consumer,United Kingdom,Social,Electronics,ELE-013,1,287.84,GBP,0,10.97,False,Paid
OL-0005626,ORD-003373,2026-04-16,CUS-C-00937,Consumer,France,Organic,Home,HOM-005,1,267.15,EUR,0,9.59,False,Paid
OL-0004895,ORD-002927,09/05/2026,CUS-S-00084,Small Business,Germany,Social,Office,OFF-015,4,69.1,EUR,0,4.11,False,Pending
OL-0004103,ORD-002453,2026-02-21,CUS-S-00045,Small Business,Spain,Paid Search,Electronics,ELE-017,1,803.12,EUR,15,16.09,False,Paid
OL-0001262,ORD-000758,2026-06-06,CUS-C-00092,Consumer,Germany,Organic,Office,OFF-003,3,10.75,EUR,0,5.71,False,Paid
OL-0002339,ORD-001395,2026-01-20,CUS-C-00410,Consumer,France,Paid Search,Home,HOM-028,3,328.65,EUR,10,7.02,False,Pending
OL-0000085,ORD-000049,13/01/2026,CUS-B-00250,Corporate,Spain,Social,Office,OFF-039,1,20.73,EUR,0,5.95,False,Paid
OL-0003822,ORD-002281,2026-04-25,CUS-S-00342,Small Business,Germany,Paid Search,Home,HOM-025,1,129.82,EUR,0,6.73,False,Paid
OL-0002654,ORD-001581,2026-01-30,CUS-S-00443,Small Business,Spain,Email,Electronics,ELE-022,1,368.46,EUR,25,10.99,False,Paid
OL-0005546,ORD-003320,05/01/2026,CUS-S-00100,Small Business,United Kingdom,Email,Electronics,ELE-029,1,978.42,GBP,5,11.14,False,Pending
OL-0002747,ORD-001638,2026-04-12,CUS-C-00077,Consumer,Spain,Paid Search,Office,OFF-007,3,41.27,EUR,0,5.69,False,Paid
OL-0002859,ORD-001702,2026-03-17,CUS-C-00027,Consumer,Spain,Marketplace,Office,OFF-007,1,40.4,EUR,0,5.02,False,Pending
OL-0000997,ORD-000602,2026-03-01,CUS-C-00113,Consumer,Spain,Organic,Home,HOM-013,2,106.11,EUR,0,8.91,False,Paid
OL-0000229,ORD-000142,25/05/2026,,Consumer,Spain,Marketplace,Office,OFF-029,3,90.56,EUR,0,3.62,False,Paid
OL-0003265,ORD-001946,2026-05-21,CUS-C-01105,Consumer,Germany,Paid Search,Home,HOM-035,1,212.26,EUR,0,8.19,False,Paid
OL-0004829,ORD-002893,2026-04-29,CUS-C-00003,Consumer,Germany,Email,Home,HOM-038,-1,93.98,EUR,0,9.17,True,Refunded
OL-0003943,ORD-002359,2026-02-19,CUS-S-00189,Small Business,Germany,Marketplace,Electronics,ELE-010,1,1155.96,EUR,0,13.33,False,Paid
OL-0005460,ORD-003268,2026-01-09,CUS-C-00947,Consumer,United Kingdom,Marketplace,Office,OFF-033,6,29.84,GBP,0,3.68,False,Paid
OL-0003833,ORD-002288,20/05/2026,CUS-C-01334,Consumer,Germany,Organic,Office,OFF-032,5,52.32,EUR,0,4.05,False,Paid
OL-0001653,ORD-000987,2026-05-16,CUS-C-00728,Consumer,Spain,Paid Search,Home,HOM-019,3,65.18,EUR,0,7.0,False,Paid
OL-0000080,ORD-000046,2026-03-18,CUS-C-00719,Consumer,France,Social,Home,HOM-038,1,96.86,EUR,0,9.47,False,Paid
OL-0000965,ORD-000582,05/02/2026,CUS-C-00110,Consumer,Spain,Email,Office,OFF-035,4,33.36,EUR,0,5.22,False,Paid
OL-0000927,ORD-000560,2026-06-22,CUS-C-01093,Consumer,France,Paid Search,Electronics,ELE-002,1,392.32,EUR,0,13.77,False,Paid
OL-0000795,ORD-000478,2026-04-14,CUS-C-00188,Consumer,France,Organic,Home,HOM-029,1,70.95,EUR,10,10.19,False,Paid
OL-0003380,ORD-002006,03/01/2026,CUS-B-00229,Corporate,Spain,Organic,Office,OFF-020,3,42.93,EUR,0,5.05,False,Paid
OL-0003165,ORD-001879,2026-01-21,CUS-C-00875,Consumer,United Kingdom,Organic,Home,HOM-023,1,40.29,GBP,0,8.89,False,Paid
OL-0004658,ORD-002783,2026-06-22,CUS-S-00318,Small Business,France,Organic,Electronics,ELE-013,1,348.42,EUR,0,14.97,False,Paid
OL-0003312,ORD-001968,2026-05-27,CUS-B-00032,Corporate,France,Organic,Office,OFF-013,1,50.15,EUR,0,5.13,False,Paid
OL-0003935,ORD-002353,2026-02-28,CUS-C-00220,Consumer,Germany,Email,Home,HOM-014,2,188.86,EUR,0,7.88,False,Paid
OL-0001075,ORD-000641,2026-03-14,CUS-S-00487,Small Business,Germany,Organic,Home,HOM-039,1,45.72,EUR,15,8.16,False,Paid
OL-0004841,ORD-002897,08/01/2026,,Consumer,Spain,Email,Electronics,ELE-004,2,1046.62,EUR,5,12.81,False,Paid
OL-0004184,ORD-002503,15/06/2026,CUS-C-01267,Consumer,United States,Organic,Home,HOM-003,3,175.68,USD,0,8.86,False,Paid
OL-0002025,ORD-001205,2026-05-11,CUS-S-00287,Small Business,Germany,Paid Search,Office,OFF-006,2,27.71,EUR,0,5.57,False,Paid
OL-0005678,ORD-003402,2026-06-03,CUS-C-00345,Consumer,France,Email,Electronics,ELE-003,-2,429.3,EUR,0,16.86,True,Refunded
OL-0004635,ORD-002769,26/02/2026,CUS-C-01005,Consumer,United Kingdom,Social,Office,OFF-023,2,46.23,GBP,0,4.55,False,Paid
OL-0001746,ORD-001042,19/05/2026,CUS-C-00754,Consumer,Spain,Paid Search,Electronics,ELE-038,1,519.91,EUR,15,16.58,False,Paid
OL-0003144,ORD-001869,2026-02-03,CUS-C-00963,Consumer,United Kingdom,Social,Office,OFF-019,2,12.73,GBP,0,4.63,False,Paid
OL-0003264,ORD-001946,2026-05-21,CUS-C-01105,Consumer,Germany,Paid Search,Office,OFF-019,8,15.28,EUR,0,5.19,False,Paid
OL-0003122,ORD-001859,2026-06-26,CUS-C-00406,Consumer,Germany,Email,Home,HOM-038,4,95.2,EUR,15,8.37,False,Paid
OL-0001452,ORD-000867,30/01/2026,CUS-S-00394,Small Business,Spain,Organic,Office,OFF-003,5,10.79,EUR,0,5.33,False,Paid
OL-0000440,ORD-000269,09/05/2026,CUS-C-00861,Consumer,Germany,Email,Electronics,ELE-036,1,1146.6,EUR,10,11.29,False,Paid
OL-0003317,ORD-001972,2026-03-17,CUS-S-00197,Small Business,Spain,Paid Search,Electronics,ELE-008,2,1138.59,EUR,10,16.58,False,Paid
OL-0004544,ORD-002713,2026-03-11,,Consumer,Germany,Marketplace,Electronics,ELE-030,1,1120.16,EUR,15,15.61,False,Paid
OL-0002982,ORD-001772,2026-06-11,CUS-S-00401,Small Business,Germany,Social,Office,OFF-036,1,20.84,EUR,5,4.68,False,Paid
OL-0002081,ORD-001244,06/04/2026,CUS-C-01273,Consumer,Germany,Email,Office,OFF-031,1,57.06,EUR,0,5.81,False,Paid
OL-0004021,ORD-002405,2026-04-14,CUS-B-00228,Corporate,United States,Organic,Electronics,ELE-012,1,583.23,USD,15,14.82,False,Paid
OL-0001455,ORD-000869,2026-01-26,CUS-B-00122,Corporate,United Kingdom,Social,Home,HOM-002,3,167.59,GBP,20,9.1,False,Paid
OL-0000255,ORD-000159,2026-06-11,,Consumer,France,Paid Search,Office,OFF-016,1,9.67,EUR,0,4.65,False,Paid
OL-0000466,ORD-000288,2026-01-16,CUS-C-00759,Consumer,United Kingdom,Paid Search,Electronics,ELE-019,2,205.44,GBP,15,12.86,False,Paid
OL-0002118,ORD-001265,09/03/2026,CUS-B-00226,Corporate,France,Social,Home,HOM-006,1,84.55,EUR,0,6.55,False,Paid
OL-0000507,ORD-000311,2026-04-04,CUS-C-00319,Consumer,Spain,Email,Electronics,ELE-010,2,1150.96,EUR,20,10.79,False,Paid
OL-0004272,ORD-002555,2026-03-28,,Consumer,Germany,Marketplace,Office,OFF-033,3,34.05,EUR,0,4.64,False,Paid
OL-0004289,ORD-002567,2026-05-16,CUS-S-00511,Small Business,United Kingdom,Organic,Office,OFF-012,2,69.05,GBP,0,4.11,False,Paid
OL-0004214,ORD-002522,2026-02-09,CUS-S-00535,Small Business,United Kingdom,Email,Office,OFF-026,5,18.35,GBP,0,3.21,False,Paid
OL-0000234,ORD-000144,17/03/2026,CUS-B-00150,Corporate,France,Email,Electronics,ELE-017,-1,815.82,EUR,10,11.29,True,Refunded
OL-0000554,ORD-000340,09/02/2026,CUS-C-00593,Consumer,Spain,Paid Search,Home,HOM-014,1,198.93,EUR,15,9.17,False,Paid
OL-0005315,ORD-003174,22/06/2026,CUS-B-00023,Corporate,Germany,Email,Electronics,ELE-012,1,520.74,EUR,0,12.45,False,Paid
OL-0000545,ORD-000335,12/02/2026,CUS-C-00579,Consumer,United Kingdom,Paid Search,Electronics,ELE-030,1,945.73,GBP,15,13.63,False,Paid
OL-0003701,ORD-002210,30/04/2026,CUS-C-00276,Consumer,Germany,Social,Office,OFF-021,4,30.23,EUR,0,5.03,False,Paid
OL-0003541,ORD-002109,2026-06-17,CUS-C-00733,Consumer,Spain,Paid Search,Electronics,ELE-035,1,451.33,EUR,15,11.49,False,Paid
OL-0002789,ORD-001665,2026-02-15,CUS-C-00769,Consumer,Spain,Organic,Electronics,ELE-032,1,518.94,EUR,0,15.04,False,Paid
OL-0002865,ORD-001706,2026-03-29,,Small Business,Spain,Email,Electronics,ELE-001,1,581.95,EUR,10,11.34,False,Paid
OL-0002084,ORD-001247,2026-02-09,CUS-C-00281,Consumer,Germany,Organic,Electronics,ELE-018,1,1152.58,EUR,10,12.6,False,Paid
OL-0005543,ORD-003317,2026-05-27,CUS-C-00746,Consumer,Germany,Marketplace,Office,OFF-003,1,10.49,EUR,0,4.93,False,Paid
OL-0000309,ORD-000189,2026-01-31,CUS-S-00516,Small Business,United Kingdom,Paid Search,Office,OFF-004,3,14.47,GBP,0,4.54,False,Paid
OL-0000711,ORD-000428,2026-06-04,CUS-S-00396,Small Business,Germany,Organic,Home,HOM-011,2,87.81,EUR,20,9.19,False,Paid
OL-0004104,ORD-002453,2026-02-21,CUS-S-00045,Small Business,Spain,Paid Search,Home,HOM-036,1,139.94,EUR,0,10.02,False,Paid
OL-0001581,ORD-000942,2026-01-16,,Corporate,France,Marketplace,Office,OFF-038,1,59.96,EUR,0,3.73,False,Paid
OL-0001311,ORD-000786,2026-03-19,CUS-C-00888,Consumer,Germany,Social,Home,HOM-005,1,271.99,EUR,10,9.57,False,Paid
OL-0000626,ORD-000382,2026-05-11,CUS-S-00140,Small Business,France,Email,Office,OFF-002,3,11.13,EUR,0,5.68,False,Paid
OL-0000024,ORD-000013,2026-02-08,CUS-C-00708,Consumer,Germany,Organic,Home,HOM-009,1,131.78,EUR,20,10.44,False,Pending
OL-0002532,ORD-001506,2026-02-02,CUS-C-00932,Consumer,United Kingdom,Organic,Electronics,ELE-015,1,159.06,GBP,15,9.61,False,Paid
OL-0001871,ORD-001114,2026-01-19,CUS-S-00442,Small Business,Germany,Marketplace,Home,HOM-010,1,149.54,EUR,15,9.97,False,Paid
OL-0005111,ORD-003056,2026-03-14,CUS-C-01394,Consumer,France,Paid Search,Electronics,ELE-006,1,225.8,EUR,10,12.0,False,Paid
OL-0003489,ORD-002077,2026-03-01,CUS-B-00100,Corporate,France,Paid Search,Home,HOM-038,-1,94.49,EUR,0,8.44,True,Refunded
OL-0001171,ORD-000698,2026-04-19,CUS-C-01449,Consumer,Germany,Organic,Electronics,ELE-024,1,1075.32,EUR,20,15.24,False,Paid
OL-0004746,ORD-002832,2026-02-22,,Small Business,Spain,Marketplace,Electronics,ELE-039,1,223.94,EUR,15,13.41,False,Paid
OL-0002119,ORD-001266,28/04/2026,CUS-C-01056,Consumer,Germany,Paid Search,Office,OFF-016,3,9.13,EUR,0,5.2,False,Paid
OL-0003019,ORD-001795,2026-05-10,CUS-S-00468,Small Business,United States,Email,Electronics,ELE-001,1,630.43,USD,10,15.6,False,Paid
OL-0001195,ORD-000712,2026-04-12,CUS-B-00156,Corporate,United Kingdom,Email,Office,OFF-027,2,47.11,GBP,0,3.17,False,Paid
OL-0002246,ORD-001340,22/02/2026,CUS-C-01466,Consumer,Germany,Paid Search,Office,OFF-033,8,33.33,EUR,0,5.77,False,Paid
OL-0002874,ORD-001710,2026-06-14,,Small Business,United States,Marketplace,Electronics,ELE-025,1,443.29,USD,0,11.36,False,Paid
OL-0005640,ORD-003382,17/05/2026,CUS-S-00067,Small Business,France,Paid Search,Office,OFF-011,3,17.15,EUR,0,3.78,False,Paid
OL-0002550,ORD-001518,2026-04-17,CUS-S-00313,Small Business,France,Organic,Electronics,ELE-003,2,429.6,EUR,10,12.4,False,Paid
OL-0003155,ORD-001874,2026-01-02,CUS-S-00007,Small Business,United Kingdom,Social,Electronics,ELE-010,1,1036.82,GBP,10,13.73,False,Paid
OL-0000094,ORD-000055,2026-01-20,CUS-S-00366,Small Business,United Kingdom,Organic,Office,OFF-038,1,50.33,GBP,0,3.89,False,Paid
OL-0002078,ORD-001241,2026-03-17,,Small Business,United Kingdom,Email,Office,OFF-029,1,77.35,GBP,0,3.85,False,Paid
OL-0000470,ORD-000291,23/02/2026,CUS-C-01097,Consumer,Spain,Paid Search,Office,OFF-021,8,30.21,EUR,0,6.0,False,Paid
OL-0000788,ORD-000471,12/05/2026,CUS-S-00019,Small Business,United States,Marketplace,Electronics,ELE-008,1,1240.99,USD,10,12.25,False,Paid
OL-0001700,ORD-001015,2026-01-06,CUS-B-00124,Corporate,France,Organic,Office,OFF-025,2,9.8,EUR,15,3.94,False,Paid
OL-0001838,ORD-001094,2026-05-19,CUS-C-00455,Consumer,France,Email,Home,HOM-031,4,80.98,EUR,0,9.64,False,Paid
OL-0003064,ORD-001824,21/04/2026,,Small Business,Germany,Marketplace,Home,HOM-031,2,75.83,EUR,0,9.08,False,Pending
OL-0001707,ORD-001019,2026-04-07,CUS-C-00712,Consumer,France,Organic,Home,HOM-034,1,322.81,EUR,20,6.44,False,Paid
OL-0003968,ORD-002376,11/01/2026,CUS-S-00012,Small Business,France,Organic,Electronics,ELE-008,1,1154.34,EUR,15,12.43,False,Paid
OL-0003863,ORD-002308,2026-04-20,CUS-B-00029,Corporate,France,Organic,Electronics,ELE-029,1,1141.5,EUR,10,10.17,False,Paid
OL-0003665,ORD-002188,2026-01-11,CUS-C-00115,Consumer,Spain,Marketplace,Home,HOM-040,1,311.89,EUR,20,9.98,False,Paid
OL-0000345,ORD-000211,2026-01-27,CUS-S-00135,Small Business,Germany,Organic,Electronics,ELE-036,1,1168.87,EUR,15,11.42,False,Paid
OL-0003205,ORD-001907,2026-04-07,CUS-C-00090,Consumer,United States,Marketplace,Electronics,ELE-010,1,1307.25,USD,20,18.16,False,Paid
OL-0000605,ORD-000370,13/06/2026,CUS-C-00064,Consumer,France,Paid Search,Electronics,ELE-035,1,473.69,EUR,10,16.43,False,Paid
OL-0004943,ORD-002955,2026-03-23,CUS-S-00423,Small Business,Germany,Email,Office,OFF-014,7,27.19,EUR,0,5.56,False,Paid
OL-0001551,ORD-000924,2026-06-09,CUS-S-00460,Small Business,France,Organic,Office,OFF-001,5,59.04,EUR,0,4.24,False,Paid
OL-0004709,ORD-002812,20/02/2026,CUS-C-00130,Consumer,Spain,Email,Office,OFF-026,1,20.6,EUR,10,5.96,False,Paid
OL-0004835,ORD-002895,17/02/2026,CUS-C-01193,Consumer,Spain,Email,Electronics,ELE-002,2,400.81,EUR,15,10.97,False,Paid
OL-0003186,ORD-001893,2026-06-21,,Consumer,France,Marketplace,Home,HOM-035,1,194.78,EUR,0,9.18,False,Paid
OL-0004387,ORD-002622,2026-01-30,,Small Business,France,Marketplace,Home,HOM-013,1,107.59,EUR,15,8.5,False,Paid
OL-0001587,ORD-000947,2026-02-17,CUS-B-00056,Corporate,United Kingdom,Social,Home,HOM-040,1,260.3,GBP,0,6.32,False,Paid
OL-0003120,ORD-001857,2026-03-15,CUS-C-01272,Consumer,United Kingdom,Social,Home,HOM-001,1,212.56,GBP,20,6.27,False,Paid
OL-0003400,ORD-002022,12/05/2026,,Consumer,Germany,Paid Search,Home,HOM-003,1,151.24,EUR,5,10.55,False,Paid
OL-0000402,ORD-000244,2026-04-19,CUS-C-00238,Consumer,United Kingdom,Paid Search,Home,HOM-026,2,165.37,GBP,0,8.03,False,Paid
OL-0000032,ORD-000018,2026-06-13,CUS-C-00847,Consumer,Spain,Organic,Electronics,ELE-017,1,830.54,EUR,0,11.84,False,Paid
OL-0001484,ORD-000886,07/04/2026,CUS-C-00414,Consumer,France,Organic,Electronics,ELE-023,2,510.86,EUR,15,10.01,False,Paid
OL-0002681,ORD-001597,2026-06-04,CUS-S-00484,Small Business,Germany,Marketplace,Home,HOM-037,3,131.41,EUR,15,8.05,False,Paid
OL-0000600,ORD-000367,08/01/2026,CUS-C-00522,Consumer,Germany,Paid Search,Office,OFF-039,2,20.71,EUR,0,3.74,False,Paid
OL-0003150,ORD-001873,2026-02-18,CUS-S-00533,Small Business,Germany,Organic,Home,HOM-008,1,73.85,EUR,0,6.99,False,Paid
OL-0005545,ORD-003319,30/06/2026,CUS-C-00472,Consumer,United Kingdom,Paid Search,Office,OFF-010,1,10.08,GBP,0,4.85,False,Paid
OL-0001861,ORD-001109,2026-04-01,CUS-C-00530,Consumer,France,Paid Search,Home,HOM-014,1,193.23,EUR,0,6.53,False,Paid
OL-0000566,ORD-000346,2026-06-05,CUS-B-00109,Corporate,Spain,Organic,Office,OFF-028,4,26.94,EUR,0,3.67,False,Paid
OL-0002214,ORD-001324,2026-06-03,,Consumer,Spain,Social,Electronics,ELE-040,2,316.26,EUR,0,10.02,False,Paid
OL-0001967,ORD-001169,2026-02-21,CUS-C-00389,Consumer,Germany,Organic,Electronics,ELE-030,1,1131.2,EUR,15,11.99,False,Paid
OL-0000866,ORD-000524,21/01/2026,CUS-S-00517,Small Business,Spain,Organic,Office,OFF-001,2,56.99,EUR,0,3.69,False,Paid
OL-0004608,ORD-002755,2026-02-19,CUS-C-01486,Consumer,Spain,Paid Search,Home,HOM-027,1,111.59,EUR,0,8.17,False,Paid
OL-0002451,ORD-001456,2026-02-05,CUS-C-00480,Consumer,France,Organic,Home,HOM-032,3,232.87,EUR,0,6.76,False,Paid
OL-0005693,ORD-003411,2026-05-21,CUS-C-00404,Consumer,United States,Organic,Home,HOM-029,-1,76.85,USD,25,7.9,True,Refunded
OL-0000813,ORD-000491,2026-06-15,CUS-C-01172,Consumer,France,Paid Search,Electronics,ELE-005,1,527.68,EUR,15,14.15,False,Paid
OL-0001478,ORD-000882,09/01/2026,CUS-C-00508,Consumer,Spain,Organic,Office,OFF-016,2,9.54,EUR,0,4.86,False,Paid
OL-0004735,ORD-002825,2026-06-30,CUS-C-01369,Consumer,France,Marketplace,Home,HOM-036,1,146.99,EUR,0,10.61,False,Paid
OL-0002272,ORD-001355,06/06/2026,,Small Business,United Kingdom,Marketplace,Office,OFF-040,1,47.61,GBP,0,4.39,False,Paid
OL-0001039,ORD-000622,14/06/2026,CUS-S-00516,Small Business,Spain,Email,Electronics,ELE-016,2,371.81,EUR,20,14.85,False,Paid
OL-0004527,ORD-002704,2026-02-04,CUS-C-00719,Consumer,Spain,Organic,Home,HOM-011,1,89.5,EUR,0,8.78,False,Paid
OL-0000081,ORD-000046,2026-03-18,CUS-C-00719,Consumer,France,Social,Electronics,ELE-022,1,369.51,EUR,25,14.84,False,Paid
OL-0001205,ORD-000717,2026-03-02,CUS-C-00509,Consumer,France,Social,Office,OFF-004,1,17.26,EUR,0,3.76,False,Paid
OL-0003286,ORD-001955,10/06/2026,CUS-S-00127,Small Business,France,Marketplace,Home,HOM-011,1,91.94,EUR,0,7.16,False,Paid
OL-0001546,ORD-000922,2026-06-18,CUS-C-00250,Consumer,Germany,Paid Search,Home,HOM-024,3,80.25,EUR,15,8.32,False,Paid
OL-0000178,ORD-000110,2026-04-23,CUS-S-00213,Small Business,United States,Email,Office,OFF-018,1,12.57,USD,0,4.63,False,Paid
OL-0002586,ORD-001541,2026-02-01,CUS-C-00767,Consumer,Germany,Email,Office,OFF-031,1,55.67,EUR,0,5.57,False,Paid
OL-0005819,ORD-003483,2026-04-18,CUS-C-01226,Consumer,Spain,Email,Home,HOM-020,1,58.37,EUR,0,8.94,False,Paid
OL-0004864,ORD-002909,2026-05-27,CUS-C-01465,Consumer,Spain,Paid Search,Office,OFF-036,2,20.64,EUR,0,3.92,False,Paid
OL-0001439,ORD-000861,2026-02-08,,Consumer,United Kingdom,Social,Home,HOM-011,1,78.78,GBP,25,5.77,False,Paid
OL-0000297,ORD-000181,2026-05-15,CUS-B-00143,Corporate,France,Social,Electronics,ELE-017,1,825.94,EUR,10,13.34,False,Paid
OL-0003616,ORD-002156,13/06/2026,CUS-S-00290,Small Business,United Kingdom,Social,Electronics,ELE-028,1,167.47,GBP,15,12.65,False,Paid
OL-0003648,ORD-002180,2026-02-08,CUS-C-00404,Consumer,Spain,Email,Office,OFF-022,2,23.52,EUR,0,5.12,False,Paid
OL-0000158,ORD-000100,07/03/2026,CUS-C-00520,Consumer,United Kingdom,Organic,Electronics,ELE-010,1,1010.4,GBP,10,9.8,False,Paid
OL-0001028,ORD-000614,2026-05-14,CUS-C-00712,Consumer,United Kingdom,Organic,Home,HOM-002,1,160.76,GBP,0,8.46,False,Paid
OL-0000411,ORD-000249,2026-02-12,,Consumer,France,Marketplace,Office ,OFF-018,4,11.41,EUR,0,4.27,False,Pending
OL-0003959,ORD-002367,2026-05-13,CUS-S-00565,Small Business,France,Social,Home,HOM-018,1,46.89,EUR,5,6.82,False,Paid
OL-0001130,ORD-000673,22/06/2026,CUS-S-00563,Small Business,Germany,Organic,Electronics,ELE-017,1,855.17,EUR,0,14.36,False,Paid
OL-0004957,ORD-002963,2026-05-25,CUS-B-00209,Corporate,Spain,Paid Search,Office,OFF-034,4,74.83,EUR,0,5.31,False,Paid
OL-0004757,ORD-002839,2026-01-12,CUS-C-00102,Consumer,Spain,Paid Search,Office,OFF-012,-1,82.59,EUR,0,5.38,True,Refunded
OL-0005448,ORD-003258,2026-02-19,CUS-C-01496,Consumer,France,Organic,Electronics,ELE-001,1,584.1,EUR,0,10.4,False,Paid
OL-0002182,ORD-001306,2026-02-05,CUS-S-00350,Small Business,France,Organic,Electronics,ELE-013,1,365.75,EUR,0,16.63,False,Paid
OL-0005809,ORD-003479,2026-01-03,CUS-C-00135,Consumer,France,Email,Home,HOM-026,1,212.17,EUR,0,9.46,False,Paid
OL-0000811,ORD-000490,2026-05-14,CUS-S-00179,Small Business,France,Email,Home,HOM-028,1,346.39,EUR,0,9.2,False,Paid
OL-0004916,ORD-002941,2026-03-30,CUS-B-00079,Corporate,France,Social,Home,HOM-018,1,47.29,EUR,20,9.8,False,Paid
OL-0004954,ORD-002962,2026-04-03,CUS-C-00958,Consumer,Germany,Social,Electronics,ELE-019,1,245.28,EUR,15,11.87,False,Paid
OL-0003734,ORD-002229,2026-06-29,CUS-C-01149,Consumer,France,Email,Office,OFF-004,1,17.69,EUR,0,5.85,False,Pending
OL-0005164,ORD-003090,2026-03-05,CUS-C-01155,Consumer,Spain,Paid Search,Office,OFF-021,7,30.08,EUR,0,6.01,False,Paid
OL-0002978,ORD-001770,21/03/2026,CUS-S-00586,Small Business,United Kingdom,Paid Search,Office,OFF-008,5,6.79,GBP,0,3.83,False,Paid
OL-0003796,ORD-002269,2026-05-20,CUS-C-01486,Consumer,France,Marketplace,Office,OFF-028,2,25.7,EUR,0,5.58,False,Paid
OL-0002169,ORD-001297,2026-04-20,CUS-S-00311,Small Business,United Kingdom,Social,Home,HOM-036,2,120.38,GBP,15,8.54,False,Paid
OL-0003078,ORD-001832,2026-03-27,CUS-C-00608,Consumer,United Kingdom,Paid Search,Home,HOM-031,2,66.63,GBP,0,7.97,False,Paid
OL-0001695,ORD-001013,24/05/2026,CUS-S-00092,Small Business,United Kingdom,Paid Search,Office,OFF-036,5,16.6,GBP,0,4.7,False,Paid
OL-0001025,ORD-000614,2026-05-14,CUS-C-00712,Consumer,United Kingdom,Organic,Home,HOM-018,1,40.56,GBP,0,5.55,False,Paid
OL-0003947,ORD-002361,2026-05-23,CUS-C-01379,Consumer,United States,Paid Search,Home,HOM-020,1,63.36,USD,0,7.7,False,Paid
OL-0002125,ORD-001268,2026-01-14,CUS-C-00232,Consumer,Germany,Organic,Electronics,ELE-006,2,224.39,EUR,5,14.15,False,Paid
OL-0005295,ORD-003165,2026-02-26,CUS-S-00244,Small Business,Spain,Email,Electronics,ELE-002,1,395.17,EUR,15,16.45,False,Paid
OL-0002705,ORD-001612,2026-06-12,CUS-C-01066,Consumer,Spain,Social,Home,HOM-001,2,263.38,EUR,10,9.43,False,Paid
OL-0001034,ORD-000618,09/05/2026,CUS-C-00123,Consumer,Germany,Paid Search,Office,OFF-030,1,68.8,EUR,0,3.68,False,Paid
OL-0003025,ORD-001798,02/03/2026,CUS-C-01489,Consumer,Germany,Marketplace,Electronics,ELE-018,1,1108.6,EUR,5,13.66,False,Paid
OL-0005365,ORD-003204,2026-02-08,CUS-S-00461,Small Business,Germany,Social,Home,HOM-020,1,58.12,EUR,0,9.07,False,Paid
OL-0004160,ORD-002490,2026-02-10,CUS-C-01361,Consumer,France,Paid Search,Home,HOM-004,2,57.77,EUR,15,7.73,False,Paid
OL-0001701,ORD-001016,2026-06-14,CUS-B-00041,Corporate,Germany,Organic,Electronics,ELE-032,1,535.92,EUR,10,11.5,False,Paid
OL-0002914,ORD-001733,2026-05-28,CUS-C-00245,Consumer,Germany,Social,Electronics,ELE-011,1,1222.96,EUR,20,10.33,False,Paid
OL-0004879,ORD-002918,2026-01-30,,Corporate,Germany,Marketplace,Electronics,ELE-037,1,276.08,EUR,0,14.85,False,Paid
OL-0003321,ORD-001973,2026-03-22,CUS-S-00238,Small Business,France,Organic,Electronics,ELE-013,1,341.48,EUR,0,10.46,False,Paid
OL-0005027,ORD-003007,2026-05-13,CUS-C-00640,Consumer,United Kingdom,Social,Office,OFF-029,4,76.68,GBP,0,3.2,False,Paid
OL-0002583,ORD-001539,2026-05-08,CUS-C-01473,Consumer,Spain,Organic,Office,OFF-037,1,12.87,EUR,0,4.09,False,Paid
OL-0005284,ORD-003161,02/03/2026,CUS-C-00359,Consumer,France,Organic,Electronics,ELE-034,1,447.29,EUR,5,12.89,False,Paid
OL-0004251,ORD-002541,2026-02-25,CUS-C-00028,Consumer,France,Email,Electronics,ELE-033,1,828.49,EUR,10,11.25,False,Paid
OL-0001187,ORD-000708,2026-03-08,CUS-B-00048,Corporate,United Kingdom,Social,Home,HOM-029,-1,57.1,GBP,0,8.54,True,Refunded
OL-0003738,ORD-002232,2026-04-11,CUS-C-01191,Consumer,United States,Social,Office,OFF-019,3,17.64,USD,15,4.34,False,Paid
OL-0000784,ORD-000468,2026-05-28,CUS-B-00206,Corporate,Spain,Organic,Office,OFF-004,2,16.89,EUR,0,4.19,False,Paid
OL-0004403,ORD-002633,2026-02-20,CUS-C-01382,Consumer,United Kingdom,Paid Search,Electronics,ELE-029,1,952.3,GBP,10,13.14,False,Paid
OL-0000051,ORD-000028,2026-05-06,CUS-S-00596,Small Business,United States,Social,Home,HOM-008,2,76.79,USD,15,8.96,False,Paid
OL-0000713,ORD-000430,2026-05-14,CUS-C-00687,Consumer,Germany,Email,Electronics,ELE-029,1,1091.15,EUR,10,16.25,False,Paid
OL-0002307,ORD-001378,01/06/2026,CUS-C-00762,Consumer,United Kingdom,Email,Office,OFF-017,7,8.3,GBP,0,4.13,False,Paid
OL-0003868,ORD-002310,2026-05-31,CUS-B-00152,Corporate,Spain,Paid Search,Office,OFF-020,1,47.94,EUR,0,4.3,False,Paid
OL-0002447,ORD-001454,25/03/2026,CUS-C-00436,Consumer,France,Email,Home,HOM-014,1,194.71,EUR,10,7.13,False,Paid
OL-0002241,ORD-001338,2026-03-03,CUS-B-00250,Corporate,Spain,Email,Electronics,ELE-034,1,429.54,EUR,25,15.65,False,Pending
OL-0004604,ORD-002753,2026-06-17,CUS-S-00301,Small Business,United Kingdom,Email,Office,OFF-017,2,8.34,GBP,0,4.83,False,Paid
OL-0004791,ORD-002864,2026-03-01,CUS-C-00747,Consumer,Spain,Organic,Office,OFF-010,4,12.15,EUR,0,4.15,False,Paid
OL-0003104,ORD-001850,09/04/2026,CUS-C-00435,Consumer,United Kingdom,Email,Office,OFF-032,5,46.42,GBP,0,4.11,False,Paid
OL-0005567,ORD-003332,2026-04-13,CUS-C-01341,Consumer,France,Social,Electronics,ELE-028,2,195.03,EUR,20,10.72,False,Paid
OL-0000677,ORD-000409,2026-06-11,CUS-C-01445,Consumer,United States,Organic,Office,OFF-028,6,26.75,USD,0,4.49,False,Paid
OL-0005557,ORD-003326,2026-02-13,CUS-C-01078,Consumer,Germany,Organic,Electronics,ELE-021,1,478.68,EUR,15,16.07,False,Paid
OL-0003640,ORD-002175,03/06/2026,CUS-C-00062,Consumer,Germany,Marketplace,Office,OFF-014,6,29.01,EUR,0,3.68,False,Paid
OL-0002695,ORD-001606,06/03/2026,CUS-C-00541,Consumer,United Kingdom,Email,Home,HOM-028,1,282.96,GBP,15,5.6,False,Paid
OL-0002996,ORD-001780,2026-02-12,CUS-C-00006,Consumer,France,Organic,Home,HOM-013,1,99.72,EUR,5,7.37,False,Paid
OL-0001563,ORD-000932,2026-05-07,CUS-S-00223,Small Business,France,Paid Search,Office,OFF-001,6,59.03,EUR,0,5.25,False,Paid
OL-0003650,ORD-002180,2026-02-08,CUS-C-00404,Consumer,Spain,Email,Electronics,ELE-016,1,386.16,EUR,10,11.26,False,Paid
OL-0002466,ORD-001466,2026-04-15,CUS-S-00595,Small Business,Spain,Email,Office,OFF-007,2,41.27,EUR,0,5.22,False,Paid
OL-0000347,ORD-000212,2026-01-09,CUS-C-00813,Consumer,France,Organic,Home,HOM-005,-1,262.21,EUR,0,9.96,True,Refunded
OL-0001497,ORD-000895,03/05/2026,CUS-C-01417,Consumer,Germany,Organic,Electronics,ELE-021,1,475.09,EUR,10,10.49,False,Paid
OL-0002345,ORD-001398,29/04/2026,CUS-C-00873,Consumer,Germany,Paid Search,Home,HOM-029,2,66.1,EUR,10,6.44,False,Paid
OL-0003906,ORD-002336,2026-03-08,CUS-B-00096,Corporate,United Kingdom,Organic,Office,OFF-006,3,22.31,GBP,0,4.26,False,Paid
OL-0003659,ORD-002183,02/02/2026,CUS-C-01357,Consumer,Spain,Social,Home,HOM-017,2,50.55,EUR,25,10.74,False,Paid
OL-0000623,ORD-000381,07/02/2026,CUS-B-00194,Corporate,Spain,Organic,Office,OFF-023,1,54.95,EUR,0,6.04,False,Paid
OL-0004097,ORD-002450,2026-01-20,CUS-C-01459,Consumer,Spain,Social,Electronics,ELE-023,1,508.85,EUR,10,12.9,False,Paid
OL-0001401,ORD-000838,2026-06-25,,Consumer,France,Email,Office,OFF-008,5,8.11,EUR,0,4.08,False,Paid
OL-0003298,ORD-001960,2026-02-13,CUS-C-01293,Consumer,France,Organic,Office,OFF-023,6,56.34,EUR,0,6.0,False,Paid
OL-0003986,ORD-002387,2026-05-06,CUS-S-00191,Small Business,France,Organic,Home,HOM-001,2,261.98,EUR,0,7.86,False,Paid
OL-0005182,ORD-003097,2026-02-14,CUS-C-01304,Consumer,Spain,Marketplace,Office,OFF-019,7,16.01,EUR,0,3.75,False,Paid
OL-0004618,ORD-002759,2026-02-26,CUS-C-01242,Consumer,France,Marketplace,Home,HOM-002,1,196.3,EUR,0,9.49,False,Paid
OL-0000325,ORD-000198,2026-05-11,CUS-C-00116,Consumer,Germany,Organic,Electronics,ELE-019,2,240.11,EUR,0,13.86,False,Paid
OL-0002998,ORD-001782,11/06/2026,CUS-S-00013,Small Business,United Kingdom,Email,Office,OFF-007,4,34.61,GBP,0,4.21,False,Paid
OL-0000038,ORD-000021,31/05/2026,CUS-B-00096,Corporate,Germany,Organic,Electronics,ELE-017,2,757.32,EUR,15,12.86,False,Paid
OL-0005375,ORD-003212,08/05/2026,CUS-C-00517,Consumer,France,Email,Office ,OFF-039,2,19.7,EUR,0,5.44,False,Paid
OL-0004185,ORD-002503,15/06/2026,CUS-C-01267,Consumer,United States,Organic,Office,OFF-015,7,74.07,USD,0,5.0,False,Paid
OL-0000531,ORD-000327,2026-04-03,,Corporate,Spain,Marketplace,Electronics,ELE-031,1,205.03,EUR,10,14.6,False,Paid
OL-0002643,ORD-001577,2026-06-22,CUS-S-00023,Small Business,Germany,Paid Search,Office,OFF-032,3,55.42,EUR,0,5.56,False,Paid
OL-0003681,ORD-002197,2026-01-21,CUS-C-00818,Consumer,France,Organic,Office,OFF-016,2,9.67,EUR,0,4.45,False,Paid
OL-0002349,ORD-001401,2026-02-09,CUS-C-00587,Consumer,France,Social,Office,OFF-002,2,11.32,EUR,0,5.27,False,Paid
OL-0002785,ORD-001663,2026-06-30,,Consumer,United Kingdom,Paid Search,Office,OFF-033,2,28.84,GBP,0,3.25,False,Paid
OL-0005493,ORD-003287,2026-04-11,CUS-C-00730,Consumer,Germany,Social,Home,HOM-040,-3,300.83,EUR,0,9.34,True,Refunded
OL-0002226,ORD-001331,2026-05-14,CUS-C-00579,Consumer,France,Email,Electronics,ELE-022,1,379.53,EUR,15,14.95,False,Paid
OL-0001074,ORD-000640,2026-01-14,CUS-S-00180,Small Business,France,Social,Electronics,ELE-009,1,213.47,EUR,10,12.25,False,Paid
OL-0001198,ORD-000713,2026-04-01,CUS-C-00192,Consumer,France,Organic,Office,OFF-002,4,11.16,EUR,0,3.75,False,Paid
OL-0005139,ORD-003074,2026-01-18,CUS-C-00992,Consumer,France,Organic,Office,OFF-037,1,13.02,EUR,0,4.54,False,Paid
OL-0000264,ORD-000164,2026-03-09,CUS-S-00121,Small Business,United Kingdom,Paid Search,Electronics,ELE-032,1,449.68,GBP,5,8.96,False,Paid
OL-0001730,ORD-001031,2026-02-27,CUS-C-01260,Consumer,Germany,Organic,Office,OFF-027,2,51.65,EUR,0,6.0,False,Paid
OL-0005329,ORD-003183,2026-03-31,CUS-C-01434,Consumer,France,Organic,Home,HOM-025,1,131.75,EUR,0,7.76,False,Paid
OL-0000908,ORD-000545,12/04/2026,,Corporate,Germany,Marketplace,Office,OFF-032,4,53.68,EUR,0,5.21,False,Paid
OL-0001336,ORD-000803,2026-06-23,CUS-S-00592,Small Business,United States,Social,Home,HOM-023,2,51.12,USD,0,11.52,False,Paid
OL-0001394,ORD-000836,28/01/2026,CUS-C-00058,Consumer,Spain,Social,Office,OFF-033,4,34.09,EUR,0,4.61,False,Paid
OL-0000961,ORD-000579,2026-04-19,CUS-B-00026,Corporate,France,Paid Search,Electonic,ELE-025,1,419.05,EUR,20,15.29,False,Paid
OL-0000240,ORD-000150,2026-03-08,CUS-C-00795,Consumer,France,Marketplace,Office,OFF-027,3,53.73,EUR,0,6.05,False,Paid
OL-0000200,ORD-000122,2026-01-08,CUS-S-00532,Small Business,France,Organic,Electronics,ELE-009,2,218.48,EUR,15,10.76,False,Paid
OL-0002418,ORD-001438,2026-05-24,CUS-S-00452,Small Business,United Kingdom,Organic,Home,HOM-035,1,173.39,GBP,5,7.79,False,Paid
OL-0005470,ORD-003271,2026-02-18,CUS-C-00477,Consumer,United Kingdom,Organic,Office,OFF-006,1,23.39,GBP,0,4.03,False,Paid
OL-0004311,ORD-002578,2026-02-17,CUS-C-00853,Consumer,Germany,Social,Home,HOM-007,1,136.84,EUR,0,7.59,False,Paid
OL-0004715,ORD-002815,10/05/2026,,Consumer,France,Marketplace,Home,HOM-039,2,46.73,EUR,0,9.15,False,Paid
OL-0005791,ORD-003469,19/03/2026,CUS-C-00927,Consumer,Spain,Paid Search,Office,OFF-032,2,54.6,EUR,0,4.64,False,Paid
OL-0000326,ORD-000198,2026-05-11,CUS-C-00116,Consumer,Germany,Organic,Office,OFF-028,4,25.59,EUR,10,4.19,False,Paid
OL-0002678,ORD-001595,27/01/2026,CUS-B-00027,Corporate,France,Organic,Electronics,ELE-022,1,371.33,EUR,10,13.94,False,Paid
OL-0005824,ORD-003486,2026-06-21,,Consumer,Germany,Organic,Home,HOM-014,2,198.18,EUR,0,10.71,False,Paid
OL-0004419,ORD-002643,2026-03-29,CUS-C-01256,Consumer,Spain,Organic,Home,HOM-002,1,201.51,EUR,5,9.23,False,Paid
OL-0000102,ORD-000061,10/06/2026,,Consumer,Germany,Social,Office,OFF-002,3,10.99,EUR,0,5.64,False,Paid
OL-0001738,ORD-001036,2026-04-21,CUS-S-00384,Small Business,Germany,Organic,Office,OFF-036,2,20.9,EUR,0,5.0,False,Paid
OL-0005262,ORD-003146,14/04/2026,CUS-C-01498,Consumer,France,Organic,Electronics,ELE-003,1,429.56,EUR,5,15.3,False,Paid
OL-0000878,ORD-000529,2026-01-21,CUS-C-00260,Consumer,Spain,Organic,Office,OFF-038,6,60.75,EUR,0,4.0,False,Paid
OL-0000173,ORD-000106,19/02/2026,CUS-B-00145,Corporate,Germany,Organic,Electronics,ELE-030,1,1103.35,EUR,10,11.72,False,Paid
OL-0000409,ORD-000247,25/03/2026,CUS-C-01107,Consumer,Spain,Organic,Office,OFF-038,8,58.42,EUR,0,5.8,False,Paid
OL-0003746,ORD-002236,26/06/2026,CUS-C-01234,Consumer,France,Paid Search,Home,HOM-009,2,131.69,EUR,0,7.35,False,Paid
OL-0001245,ORD-000746,22/04/2026,CUS-S-00526,Small Business,France,Organic,Office,OFF-040,4,55.3,EUR,0,5.57,False,Paid
OL-0002288,ORD-001368,2026-04-10,CUS-S-00431,Small Business,France,Paid Search,Office,OFF-027,3,52.66,EUR,0,5.17,False,Paid
OL-0001355,ORD-000814,02/01/2026,CUS-B-00073,Corporate,Spain,Paid Search,Electronics,ELE-036,1,1200.01,EUR,20,14.54,False,Paid
OL-0002858,ORD-001702,2026-03-17,CUS-C-00027,Consumer,Spain,Marketplace,Office,OFF-036,6,19.61,EUR,0,5.76,False,Paid
OL-0000894,ORD-000540,25/04/2026,CUS-C-00505,Consumer,United States,Email,Home,HOM-001,2,295.42,USD,0,8.14,False,Paid
OL-0001182,ORD-000705,27/03/2026,CUS-C-00511,Consumer,France,Organic,Electronics,ELE-012,1,532.71,EUR,15,16.57,False,Paid
OL-0004656,ORD-002781,2026-01-04,CUS-C-00032,Consumer,France,Organic,Electronics,ELE-007,1,480.81,EUR,15,12.34,False,Paid
OL-0005323,ORD-003179,2026-06-13,CUS-C-00219,Consumer,France,Organic,Home,HOM-030,1,134.46,EUR,10,9.66,False,Paid
OL-0003699,ORD-002208,2026-03-03,CUS-C-00490,Consumer,United Kingdom,Paid Search,Home,HOM-033,2,55.84,GBP,15,6.52,False,Paid
OL-0004467,ORD-002668,2026-05-24,CUS-C-00241,Consumer,Germany,Organic,Electronics,ELE-008,1,1143.63,EUR,10,16.68,False,Paid
OL-0004326,ORD-002589,2026-03-08,CUS-S-00162,Small Business,United Kingdom,Social,Home,HOM-010,2,125.07,GBP,15,5.58,False,Paid
OL-0000731,ORD-000440,08/05/2026,CUS-S-00279,Small Business,Spain,Email,Home,HOM-009,1,135.59,EUR,15,9.55,False,Paid
OL-0001033,ORD-000617,2026-06-28,CUS-S-00563,Small Business,Spain,Marketplace,Office,OFF-005,5,51.37,EUR,0,5.15,False,Paid
OL-0003067,ORD-001825,2026-05-19,CUS-C-00553,Consumer,Germany,Marketplace,Home,HOM-031,2,74.96,EUR,15,7.44,False,Paid
OL-0005659,ORD-003392,2026-03-12,CUS-S-00166,Small Business,Germany,Organic,Home,HOM-031,1,76.69,EUR,10,9.29,False,Paid
OL-0004897,ORD-002928,2026-04-16,CUS-B-00044,Corporate,United States,Paid Search,Office,OFF-031,3,59.57,USD,0,4.85,False,Paid
OL-0000978,ORD-000591,22/06/2026,CUS-C-00240,Consumer,Spain,Paid Search,Electronics,ELE-029,1,1094.69,EUR,20,12.65,False,Paid
OL-0004970,ORD-002973,2026-02-13,CUS-C-01400,Consumer,Germany,Marketplace,Home,HOM-039,1,46.64,EUR,15,8.79,False,Paid
OL-0002623,ORD-001564,2026-06-07,CUS-C-01084,Consumer,United States,Paid Search,Office,OFF-030,5,70.28,USD,0,5.18,False,Paid
OL-0001226,ORD-000730,2026-03-18,CUS-C-00435,Consumer,France,Paid Search,Office,OFF-028,8,24.69,EUR,0,5.72,False,Paid
OL-0001210,ORD-000720,2026-02-20,,Consumer,United Kingdom,Social,Home,HOM-035,1,172.63,GBP,0,9.02,False,Paid
OL-0005481,ORD-003277,2026-03-24,CUS-C-01449,Consumer,United Kingdom,Email,Electronics,ELE-009,1,184.27,GBP,0,13.56,False,Paid
OL-0000587,ORD-000358,14/03/2026,CUS-C-00057,Consumer,Spain,Organic,Electronics,ELE-009,2,225.58,EUR,0,12.72,False,Paid
OL-0005455,ORD-003263,21/03/2026,CUS-S-00039,Small Business,Germany,Paid Search,Office,OFF-005,1,55.85,EUR,0,4.05,False,Paid
OL-0002821,ORD-001681,2026-04-02,CUS-B-00182,Corporate,Germany,Email,Office,OFF-011,2,17.16,EUR,0,3.75,False,Paid
OL-0005756,ORD-003450,14/02/2026,CUS-C-00929,Consumer,Spain,Paid Search,Electronics,ELE-028,-1,198.06,EUR,0,12.9,True,Refunded
OL-0002719,ORD-001619,29/04/2026,CUS-C-01013,Consumer,United Kingdom,Paid Search,Home,HOM-013,2,91.88,GBP,0,7.89,False,Paid
OL-0005625,ORD-003373,2026-04-16,CUS-C-00937,Consumer,France,Organic,Office,OFF-032,1,53.43,EUR,0,5.81,False,Paid
OL-0001761,ORD-001051,06/06/2026,CUS-B-00143,Corporate,Spain,Email,Electronics,ELE-020,2,469.6,EUR,0,11.39,False,Paid
OL-0003050,ORD-001815,14/01/2026,CUS-S-00206,Small Business,Spain,Organic,Office,OFF-014,1,29.21,EUR,0,3.71,False,Paid
OL-0001870,ORD-001114,2026-01-19,CUS-S-00442,Small Business,Germany,Marketplace,Home,HOM-029,2,67.27,EUR,0,10.71,False,Paid
OL-0001545,ORD-000921,2026-02-10,CUS-C-00371,Consumer,United Kingdom,Social,Home,HOM-039,1,40.23,GBP,15,6.5,False,Paid
OL-0000473,ORD-000293,26/02/2026,CUS-C-00977,Consumer,United Kingdom,Paid Search,Office,OFF-033,2,27.02,GBP,0,3.17,False,Paid
OL-0005240,ORD-003134,2026-01-16,CUS-C-00461,Consumer,France,Social,Home,HOM-017,1,48.68,EUR,0,6.65,False,Paid
OL-0001159,ORD-000691,2026-02-06,CUS-S-00407,Small Business,Spain,Organic,Home,HOM-026,2,200.82,EUR,0,9.96,False,Paid
OL-0000133,ORD-000081,18/02/2026,CUS-C-00514,Consumer,United Kingdom,Paid Search,Home,HOM-023,1,40.44,GBP,0,7.74,False,Paid
OL-0001537,ORD-000916,2026-02-20,CUS-C-01094,Consumer,Spain,Marketplace,Office,OFF-012,4,81.89,EUR,0,4.02,False,Paid
OL-0002489,ORD-001483,2026-03-09,CUS-C-00985,Consumer,France,Social,Home ,HOM-010,1,150.49,EUR,0,9.37,False,Paid
OL-0001633,ORD-000975,10/05/2026,CUS-B-00024,Corporate,Germany,Email,Home,HOM-026,1,194.46,EUR,0,7.45,False,Paid
OL-0001322,ORD-000794,19/04/2026,CUS-C-01299,Consumer,Spain,Email,Home,HOM-031,2,75.26,EUR,15,9.87,False,Paid
OL-0005428,ORD-003246,2026-05-11,CUS-C-00534,Consumer,Spain,Paid Search,Office,OFF-006,2,28.45,EUR,0,5.75,False,Paid
OL-0001189,ORD-000709,2026-05-22,CUS-B-00152,Corporate,France,Organic,Office,OFF-031,2,57.3,EUR,0,5.61,False,Paid
OL-0004379,ORD-002620,2026-04-22,CUS-C-00124,Consumer,United States,Email,Home,HOM-027,1,124.15,USD,0,10.84,False,Paid
OL-0003972,ORD-002378,24/05/2026,CUS-C-00483,Consumer,Spain,Organic,Home,HOM-028,1,339.28,EUR,10,7.11,False,Paid
OL-0004817,ORD-002886,2026-02-10,,Small Business,France,Organic,Office,OFF-019,5,15.33,EUR,0,5.65,False,Paid
OL-0000682,ORD-000411,2026-01-11,CUS-B-00154,Corporate,Germany,Social,Office,OFF-031,4,56.82,EUR,0,5.95,False,Paid
OL-0001778,ORD-001061,13/04/2026,CUS-C-00825,Consumer,United States,Organic,Office,OFF-019,4,16.36,USD,0,4.67,False,Paid
OL-0004406,ORD-002634,25/02/2026,CUS-B-00144,Corporate,France,Social,Office,OFF-037,2,12.24,EUR,0,3.84,False,Paid
OL-0004601,ORD-002752,2026-01-18,CUS-C-01047,Consumer,Spain,Marketplace,Home,HOM-036,1,148.54,EUR,0,10.78,False,Paid
OL-0004563,ORD-002725,2026-04-05,,Consumer,France,Organic,Office,OFF-035,4,35.78,EUR,0,5.16,False,Paid
OL-0002903,ORD-001727,2026-04-24,CUS-C-00494,Consumer,United States,Social,Electronics,ELE-007,1,543.72,USD,20,11.91,False,Paid
OL-0005687,ORD-003406,2026-04-01,CUS-C-00601,Consumer,Germany,Paid Search,Electronics,ELE-014,1,176.72,EUR,25,15.98,False,Paid
OL-0003552,ORD-002117,20/01/2026,,Consumer,United Kingdom,Social,Office,OFF-033,4,28.55,GBP,0,3.6,False,Paid
OL-0005643,ORD-003383,2026-05-14,CUS-C-00746,Consumer,Spain,Organic,Electronics,ELE-016,1,389.35,EUR,10,11.32,False,Paid
OL-0001375,ORD-000825,2026-04-05,CUS-C-00517,Consumer,Germany,Paid Search,Office,OFF-001,4,57.33,EUR,0,5.77,False,Paid
OL-0001946,ORD-001155,2026-02-24,CUS-C-00696,Consumer,France,Organic,Electronics,ELE-006,1,223.25,EUR,10,10.22,False,Paid
OL-0000169,ORD-000104,14/02/2026,CUS-C-00459,Consumer,Germany,Paid Search,Home,HOM-007,1,140.64,EUR,15,6.85,False,Paid
OL-0004072,ORD-002436,2026-02-15,CUS-C-00810,Consumer,France,Organic,Electronics,ELE-019,1,243.91,EUR,20,12.8,False,Paid
OL-0004748,ORD-002834,2026-06-02,CUS-B-00009,Corporate,Spain,Paid Search,Home,HOM-012,2,130.88,EUR,15,8.89,False,Paid
OL-0000502,ORD-000307,2026-01-08,CUS-S-00016,Small Business,France,Social,Office,OFF-007,2,41.93,EUR,0,5.54,False,Paid
OL-0001804,ORD-001075,04/06/2026,CUS-S-00095,Small Business,United States,Organic,Electronics,ELE-026,1,257.42,USD,10,13.55,False,Paid
OL-0000882,ORD-000532,2026-02-10,CUS-C-00329,Consumer,Germany,Marketplace,Electronics,ELE-035,1,471.32,EUR,0,12.8,False,Paid
OL-0000707,ORD-000426,15/05/2026,CUS-C-01341,Consumer,Germany,Email,Home,HOM-007,3,132.44,EUR,0,6.51,False,Paid
OL-0003367,ORD-002000,2026-02-02,,Consumer,United Kingdom,Paid Search,Electronics,ELE-014,-1,157.71,GBP,0,9.98,True,Refunded
OL-0002324,ORD-001387,2026-04-18,CUS-B-00219,Corporate,Spain,Paid Search,Electronics,ELE-034,3,453.86,EUR,10,13.67,False,Paid
OL-0002894,ORD-001720,2026-01-13,,Consumer,France,Marketplace,Home,HOM-015,2,134.3,EUR,0,7.07,False,Paid
OL-0003817,ORD-002279,11/03/2026,CUS-C-00961,Consumer,Germany,Paid Search,Home,HOM-040,1,302.12,EUR,0,8.94,False,Paid
OL-0002560,ORD-001523,22/04/2026,,Small Business,Spain,Paid Search,Home,HOM-039,2,46.01,EUR,15,6.57,False,Paid
OL-0000231,ORD-000143,2026-04-14,CUS-S-00135,Small Business,Spain,Email,Home,HOM-029,1,68.32,EUR,20,9.55,False,Paid
OL-0005092,ORD-003046,20/06/2026,CUS-S-00326,Small Business,United States,Organic,Office,OFF-004,3,17.62,USD,0,3.91,False,Paid
OL-0001555,ORD-000928,2026-04-25,CUS-C-01061,Consumer,France,Organic,Home,HOM-025,1,122.69,EUR,0,7.8,False,Paid
OL-0004240,ORD-002535,22/04/2026,CUS-S-00083,Small Business,United States,Paid Search,Electronics,ELE-028,1,213.24,USD,20,15.57,False,Paid
OL-0005095,ORD-003048,08/01/2026,CUS-S-00237,Small Business,France,Social,Electronics,ELE-012,2,532.94,EUR,20,15.71,False,Paid
OL-0004787,ORD-002860,2026-03-01,,Consumer,Spain,Paid Search,Electronics,ELE-006,2,225.81,EUR,0,16.47,False,Paid
OL-0003602,ORD-002148,2026-06-06,CUS-B-00051,Corporate,France,Email,Home,HOM-011,-2,89.18,EUR,0,10.28,True,Refunded
OL-0005218,ORD-003118,2026-03-17,CUS-C-00431,Consumer,France,Email,Electronics,ELE-005,1,521.37,EUR,15,10.18,False,Paid
OL-0005076,ORD-003037,17/05/2026,CUS-C-01309,Consumer,France,Social,Electronics,ELE-021,1,472.29,EUR,0,10.74,False,Paid
OL-0000018,ORD-000009,09/06/2026,CUS-B-00230,Corporate,France,Paid Search,Office,OFF-022,1,23.08,EUR,0,3.65,False,Paid
OL-0005176,ORD-003094,2026-06-04,CUS-B-00003,Corporate,United States,Email,Office,OFF-030,1,71.29,USD,0,4.28,False,Paid
OL-0002869,ORD-001707,2026-03-25,CUS-S-00188,Small Business,France,Organic,Home,HOM-038,1,100.6,EUR,0,8.0,False,Paid
OL-0001655,ORD-000989,13/06/2026,CUS-C-00820,Consumer,Germany,Email,Office,OFF-037,4,13.48,EUR,0,5.99,False,Pending
OL-0001130,ORD-000673,22/06/2026,CUS-S-00563,Small Business,Germany,Organic,Electronics,ELE-017,1,855.17,EUR,0,14.36,False,Paid
OL-0002330,ORD-001391,20/03/2026,CUS-C-00183,Consumer,France,Organic,Office,OFF-011,1,17.13,EUR,0,5.27,False,Paid
OL-0001091,ORD-000651,06/02/2026,CUS-C-00993,Consumer,Germany,Paid Search,Office,OFF-010,1,11.73,EUR,0,5.84,False,Paid
OL-0005604,ORD-003360,2026-05-15,CUS-S-00410,Small Business,France,Email,Home,HOM-006,2,84.74,EUR,0,8.89,False,Paid
OL-0004459,ORD-002663,2026-06-07,CUS-S-00350,Small Business,United Kingdom,Organic,Electronics,ELE-007,1,410.7,GBP,10,12.81,False,Paid
OL-0001499,ORD-000896,2026-03-18,CUS-C-00954,Consumer,Germany,Organic,Home,HOM-009,1,133.98,EUR,10,10.15,False,Paid
OL-0003034,ORD-001803,16/01/2026,CUS-S-00376,Small Business,Germany,Paid Search,Office,OFF-016,4,9.64,EUR,0,5.02,False,Paid
OL-0001882,ORD-001120,2026-06-11,CUS-C-00472,Consumer,Germany,Organic,Office,OFF-013,4,49.95,EUR,0,3.69,False,Pending
OL-0002663,ORD-001586,2026-05-16,CUS-S-00389,Small Business,Germany,Organic,Office,OFF-017,3,9.88,EUR,0,5.7,False,Paid
OL-0005114,ORD-003058,2026-04-29,CUS-S-00584,Small Business,Germany,Email,Office,OFF-017,3,9.29,EUR,0,4.26,False,Paid
OL-0003414,ORD-002034,12/02/2026,CUS-S-00291,Small Business,Spain,Organic,Electronics,ELE-040,1,311.91,EUR,5,10.8,False,Paid
OL-0000697,ORD-000420,2026-01-10,CUS-C-00627,Consumer,Spain,Paid Search,Home,HOM-005,1,263.6,EUR,20,9.74,False,Paid
OL-0004424,ORD-002645,21/03/2026,CUS-C-00207,Consumer,Germany,Paid Search,Home,HOM-015,1,145.94,EUR,0,9.18,False,Paid
OL-0003485,ORD-002074,2026-01-05,CUS-C-00959,Consumer,France,Social,Home,HOM-004,2,54.63,EUR,10,7.57,False,Paid
OL-0000536,ORD-000330,2026-03-11,CUS-S-00564,Small Business,Germany,Organic,Office,OFF-011,8,17.97,EUR,0,4.47,False,Paid
OL-0002628,ORD-001567,2026-03-19,CUS-C-00787,Consumer,Spain,Social,Home,HOM-001,1,258.72,EUR,0,7.19,False,Paid
OL-0003164,ORD-001878,2026-01-16,CUS-B-00092,Corporate,United Kingdom,Paid Search,Office,OFF-011,1,14.92,GBP,0,4.66,False,Paid
OL-0003493,ORD-002079,2026-06-08,CUS-C-01232,Consumer,United States,Paid Search,Home,HOM-029,2,74.44,USD,0,9.13,False,Paid
OL-0003654,ORD-002182,2026-06-03,CUS-B-00213,Corporate,United Kingdom,Paid Search,Electronics,ELE-012,1,424.91,GBP,20,12.59,False,Paid
OL-0002595,ORD-001549,2026-06-14,CUS-S-00432,Small Business,Spain,Organic,Office,OFF-015,1,65.51,EUR,0,3.62,False,Paid
OL-0005718,ORD-003428,2026-05-22,CUS-S-00289,Small Business,Spain,Social,Office,OFF-007,3,40.64,EUR,0,5.04,False,Paid
OL-0005511,ORD-003298,09/04/2026,CUS-C-00187,Consumer,France,Email,Electronics,ELE-016,2,388.87,EUR,20,10.51,False,Paid
OL-0001048,ORD-000625,27/05/2026,CUS-C-01175,Consumer,Germany,Organic,Home,HOM-014,2,186.63,EUR,15,9.78,False,Paid
OL-0005685,ORD-003405,2026-05-22,CUS-C-00365,Consumer,Spain,Paid Search,Electronics,ELE-032,2,527.95,EUR,15,14.7,False,Paid
OL-0005019,ORD-003002,2026-06-14,CUS-C-00017,Consumer,Spain,Paid Search,Electronics,ELE-030,2,1135.38,EUR,0,13.3,False,Pending
OL-0000015,ORD-000007,09/05/2026,CUS-S-00050,Small Business,United Kingdom,Organic,Office,OFF-013,2,44.26,GBP,0,4.31,False,Paid
OL-0003743,ORD-002234,2026-02-22,CUS-S-00240,Small Business,France,Social,Electronics,ELE-038,1,524.46,EUR,25,14.36,False,Paid
OL-0004308,ORD-002577,2026-02-10,CUS-C-00701,Consumer,France,Organic,Home,HOM-032,1,249.49,EUR,0,8.86,False,Paid
OL-0001901,ORD-001130,24/04/2026,CUS-C-01432,Consumer,Germany,Organic,Electronics,ELE-004,1,1052.33,EUR,0,16.72,False,Paid
OL-0002348,ORD-001400,2026-05-11,CUS-C-01177,Consumer,United Kingdom,Social,Electronics,ELE-024,2,910.9,GBP,0,12.89,False,Paid
OL-0005691,ORD-003409,2026-02-28,CUS-S-00321,Small Business,France,Social,Electronics,ELE-022,2,366.26,EUR,20,14.65,False,Paid
OL-0001565,ORD-000934,05/03/2026,CUS-C-01036,Consumer,Germany,Paid Search,Office,OFF-030,3,68.44,EUR,10,3.93,False,Paid
OL-0005620,ORD-003371,2026-03-31,CUS-C-01082,Consumer,France,Paid Search,Electronics,ELE-014,1,181.24,EUR,15,14.31,False,Paid
OL-0001865,ORD-001110,2026-05-14,CUS-S-00192,Small Business,United States,Email,Office,OFF-040,3,59.95,USD,0,6.02,False,Paid
OL-0003095,ORD-001844,2026-01-24,CUS-C-00263,Consumer,Germany,Paid Search,Electronics,ELE-007,1,506.76,EUR,5,13.77,False,Paid
OL-0000066,ORD-000038,08/06/2026,CUS-C-00791,Consumer,Germany,Email,Office,OFF-035,4,35.13,EUR,0,6.05,False,Paid
OL-0003404,ORD-002026,31/01/2026,,Consumer,Spain,Email,Home,HOM-008,1,70.47,EUR,15,8.78,False,Paid
OL-0005410,ORD-003237,2026-01-10,CUS-C-00163,Consumer,Germany,Organic,Electronics,ELE-022,1,372.66,EUR,15,12.63,False,Paid
OL-0003598,ORD-002147,2026-02-24,CUS-S-00054,Small Business,Germany,Organic,Electronics,ELE-011,1,1272.94,EUR,10,14.96,False,Paid
OL-0002411,ORD-001434,2026-04-27,CUS-S-00086,Small Business,Germany,Organic,Electronics,ELE-010,1,1215.71,EUR,25,16.61,False,Paid
OL-0005770,ORD-003457,04/06/2026,CUS-C-00756,Consumer,Spain,Marketplace,Office,OFF-037,3,12.94,EUR,0,4.29,False,Paid
OL-0002842,ORD-001695,2026-01-25,CUS-C-01406,Consumer,Spain,Email,Electronics,ELE-016,2,375.52,EUR,15,12.63,False,Paid
OL-0002009,ORD-001195,2026-04-24,CUS-S-00202,Small Business,United States,Social,Home,HOM-010,1,152.99,USD,0,10.22,False,Paid
OL-0001273,ORD-000765,23/01/2026,CUS-S-00266,Small Business,Germany,Organic,Electronics,ELE-038,2,493.82,EUR,15,14.26,False,Paid
OL-0004946,ORD-002958,2026-04-09,CUS-C-00555,Consumer,United Kingdom,Paid Search,Electronics,ELE-010,1,952.75,GBP,10,10.05,False,Paid
OL-0001895,ORD-001127,2026-03-24,CUS-C-01441,Consumer,Spain,Email,Office,OFF-021,1,30.1,EUR,0,4.49,False,Paid
OL-0004318,ORD-002582,2026-01-08,,Consumer,France,Marketplace,Home,HOM-033,1,65.66,EUR,15,9.32,False,Paid
OL-0001972,ORD-001173,21/01/2026,CUS-S-00212,Small Business,Spain,Social,Office,OFF-034,-2,74.43,EUR,0,6.06,True,Refunded
OL-0004096,ORD-002449,2026-03-27,CUS-C-00313,Consumer,France,Email,Office,OFF-036,2,19.47,EUR,0,5.89,False,Paid
OL-0000089,ORD-000053,2026-05-29,CUS-C-01318,Consumer,France,Social,Home,HOM-002,1,194.91,EUR,5,7.19,False,Paid
OL-0003091,ORD-001842,2026-04-14,CUS-B-00005,Corporate,United States,Organic,Home,HOM-023,1,50.1,USD,0,9.87,False,Paid
OL-0004884,ORD-002921,25/04/2026,CUS-C-00178,Consumer,United States,Email,Office,OFF-032,1,56.38,USD,0,4.6,False,Paid
OL-0001500,ORD-000896,2026-03-18,CUS-C-00954,Consumer,Germany,Organic,Electronics,ELE-008,1,1137.11,EUR,5,16.68,False,Paid
OL-0002900,ORD-001724,13/05/2026,CUS-C-01084,Consumer,France,Email,Home,HOM-001,2,257.2,EUR,0,8.92,False,Paid
OL-0001408,ORD-000844,2026-06-10,CUS-C-00833,Consumer,United States,Marketplace,Home,HOM-002,1,212.51,USD,0,7.26,False,Paid
OL-0003460,ORD-002060,02/06/2026,CUS-B-00228,Corporate,Germany,Paid Search,Electronics,ELE-030,1,1095.17,EUR,5,15.91,False,Paid
OL-0003671,ORD-002191,15/06/2026,,Small Business,France,Organic,Home,HOM-030,1,138.9,EUR,15,10.69,False,Paid
OL-0004699,ORD-002804,2026-06-23,CUS-C-00538,Consumer,United Kingdom,Organic,Office,OFF-038,1,51.63,GBP,0,4.93,False,Paid
OL-0005778,ORD-003460,07/04/2026,CUS-S-00058,Small Business,United Kingdom,Social,Electronics,ELE-025,1,357.36,GBP,10,12.24,False,Paid
OL-0004504,ORD-002692,15/03/2026,CUS-S-00579,Small Business,Germany,Organic,Office,OFF-009,2,80.08,EUR,0,4.51,False,Paid
OL-0000764,ORD-000457,05/06/2026,CUS-S-00039,Small Business,France,Marketplace,Home,HOM-016,2,270.55,EUR,0,9.91,False,Paid
OL-0001663,ORD-000993,2026-02-15,CUS-C-00910,Consumer,United Kingdom,Email,Home,HOM-035,1,167.37,GBP,0,7.35,False,Paid
OL-0000421,ORD-000256,2026-05-05,CUS-C-01080,Consumer,France,Organic,Office,OFF-003,2,10.72,EUR,0,4.37,False,Paid
OL-0003015,ORD-001792,2026-01-09,CUS-S-00270,Small Business,Spain,Paid Search,Home,HOM-033,3,65.65,EUR,0,10.39,False,Paid
OL-0002585,ORD-001541,2026-02-01,CUS-C-00767,Consumer,Germany,Email,Electronics,ELE-018,1,1136.39,EUR,20,11.93,False,Pending
OL-0000374,ORD-000228,10/03/2026,CUS-S-00414,Small Business,United Kingdom,Social,Electronics,ELE-025,1,355.24,GBP,10,11.11,False,Paid
OL-0005032,ORD-003011,2026-03-09,CUS-B-00115,Corporate,Germany,Organic,Electronics,ELE-027,1,653.72,EUR,15,13.18,False,Paid
OL-0004535,ORD-002708,2026-02-05,CUS-C-01268,Consumer,Germany,Social,Electronics,ELE-005,1,556.55,EUR,5,16.23,False,Paid
OL-0002374,ORD-001412,28/04/2026,CUS-C-00214,Consumer,Germany,Organic,Electronics,ELE-029,1,1087.09,EUR,10,15.96,False,Paid
OL-0002768,ORD-001651,2026-05-20,CUS-C-00361,Consumer,France,Paid Search,Home,HOM-024,1,81.33,EUR,0,9.61,False,Paid
OL-0003362,ORD-001997,17/01/2026,CUS-B-00220,Corporate,Germany,Paid Search,Office,OFF-018,2,11.87,EUR,0,5.0,False,Paid
OL-0001833,ORD-001090,2026-02-26,CUS-C-01372,Consumer,France,Paid Search,Electronics,ELE-019,1,239.6,EUR,15,13.07,False,Paid
OL-0001621,ORD-000967,2026-03-28,CUS-C-01282,Consumer,Spain,Organic,Electronics,ELE-003,2,412.81,EUR,0,11.66,False,Paid
OL-0003276,ORD-001951,2026-04-26,CUS-C-01000,Consumer,United Kingdom,Social,Office,OFF-013,4,41.21,GBP,0,5.08,False,Paid
OL-0000539,ORD-000332,07/05/2026,CUS-C-01287,Consumer,France,Organic,Office,OFF-018,1,11.64,EUR,0,4.08,False,Paid
OL-0003551,ORD-002116,2026-01-19,CUS-S-00070,Small Business,France,Organic,Office,OFF-033,4,35.46,EUR,0,4.48,False,Paid
OL-0000756,ORD-000453,11/02/2026,CUS-S-00186,Small Business,Germany,Email,Electronics,ELE-027,2,666.01,EUR,5,12.35,False,Paid
OL-0003607,ORD-002151,2026-05-10,CUS-B-00220,Corporate,France,Paid Search,Office,OFF-002,1,10.79,EUR,0,3.85,False,Paid
OL-0000535,ORD-000329,2026-02-01,CUS-C-01407,Consumer,Germany,Email,Office,OFF-004,7,17.1,EUR,0,4.11,False,Paid
OL-0001449,ORD-000866,21/02/2026,CUS-S-00341,Small Business,France,Email,Electronics,ELE-010,1,1141.99,EUR,0,12.59,False,Paid
OL-0000916,ORD-000552,2026-01-03,CUS-C-01422,Consumer,United Kingdom,Marketplace,Electronics,ELE-020,1,398.47,GBP,0,10.28,False,Paid
OL-0003128,ORD-001862,2026-03-17,CUS-C-01400,Consumer,Spain,Email,Office,OFF-005,1,51.55,EUR,0,3.83,False,Paid
OL-0004940,ORD-002954,2026-04-30,CUS-B-00006,Corporate,Spain,Organic,Office,OFF-013,6,48.46,EUR,15,5.49,False,Paid
OL-0005418,ORD-003241,2026-04-03,CUS-C-01177,Consumer,France,Organic,Office,OFF-006,4,28.84,EUR,0,4.73,False,Paid
OL-0000182,ORD-000112,2026-03-26,CUS-C-01123,Consumer,United Kingdom,Marketplace,Office,OFF-011,3,14.93,GBP,0,3.21,False,Paid
OL-0001770,ORD-001057,2026-05-18,CUS-B-00199,Corporate,United States,Organic,Office,OFF-035,1,36.68,USD,0,6.06,False,Paid
OL-0004610,ORD-002756,2026-04-21,CUS-C-00145,Consumer,France,Paid Search,Electronics,ELE-020,1,463.95,EUR,5,16.44,False,Paid
OL-0002830,ORD-001688,2026-06-10,CUS-C-00696,Consumer,France,Organic,Electronics,ELE-004,1,1031.95,EUR,10,10.22,False,Paid
OL-0003314,ORD-001969,19/05/2026,,Consumer,United States,Social,Office,OFF-038,3,63.97,USD,20,4.33,False,Paid
OL-0005458,ORD-003266,29/06/2026,CUS-C-01483,Consumer,France,Email,Home,HOM-030,1,129.35,EUR,20,9.57,False,Paid
OL-0001193,ORD-000711,2026-01-22,CUS-C-01211,Consumer,France,Email,Electronics,ELE-028,2,186.17,EUR,15,13.08,False,Paid
OL-0004082,ORD-002440,2026-03-08,,Consumer,France,Social,Electronics,ELE-029,1,1072.18,EUR,15,12.47,False,Paid
OL-0002128,ORD-001271,2026-06-29,CUS-B-00156,Corporate,Germany,Social,Electronics,ELE-024,1,1107.11,EUR,15,15.9,False,Paid
OL-0005396,ORD-003226,06/06/2026,CUS-S-00306,Small Business,United Kingdom,Email,Home,HOM-005,1,224.0,GBP,0,5.88,False,Paid
OL-0000477,ORD-000295,2026-02-23,CUS-C-01037,Consumer,France,Social,Office,OFF-035,1,34.52,EUR,0,5.07,False,Paid
OL-0004921,ORD-002943,17/02/2026,CUS-C-01260,Consumer,Germany,Organic,Electronics,ELE-024,1,1070.19,EUR,5,14.37,False,Paid
OL-0001324,ORD-000796,2026-02-24,CUS-C-01479,Consumer,Germany,Organic,Electronics,ELE-037,1,279.31,EUR,15,11.11,False,Paid
OL-0000260,ORD-000162,11/04/2026,CUS-C-00586,Consumer,Germany,Email,Office,OFF-015,2,68.3,EUR,0,4.92,False,Paid
OL-0000280,ORD-000174,2026-03-12,CUS-S-00137,Small Business,France,Paid Search,Office,OFF-016,400,9.02,EUR,0,5.14,False,Paid
OL-0000562,ORD-000344,12/01/2026,CUS-C-00972,Consumer,Spain,Organic,Home,HOM-026,-3,205.8,EUR,0,8.0,True,Refunded
OL-0004285,ORD-002564,2026-02-27,CUS-C-00238,Consumer,Germany,Paid Search,Home,HOM-006,2,86.18,EUR,0,10.73,False,Paid
OL-0000199,ORD-000122,2026-01-08,CUS-S-00532,Small Business,France,Organic,Home ,HOM-007,-3,134.31,EUR,15,7.61,True,Refunded
OL-0003930,ORD-002350,2026-03-21,,Consumer,France,Marketplace,Electronics,ELE-035,1,440.81,EUR,15,13.23,False,Paid
OL-0004378,ORD-002619,07/06/2026,CUS-S-00450,Small Business,Germany,Paid Search,Office,OFF-028,1,25.74,EUR,0,3.69,False,Paid
OL-0002276,ORD-001359,28/02/2026,CUS-C-00258,Consumer,Germany,Social,Office,OFF-037,1,12.99,EUR,0,6.04,False,Paid
OL-0001741,ORD-001038,29/04/2026,CUS-S-00558,Small Business,United Kingdom,Paid Search,Electronics,ELE-031,1,185.59,GBP,15,8.64,False,Paid
OL-0001892,ORD-001125,29/04/2026,CUS-C-00295,Consumer,United Kingdom,Paid Search,Electronics,ELE-016,1,326.0,GBP,15,10.99,False,Paid
OL-0001860,ORD-001108,14/02/2026,CUS-B-00165,Corporate,France,Paid Search,Office,OFF-024,4,17.26,EUR,0,5.77,False,Paid
OL-0004615,ORD-002758,01/03/2026,CUS-B-00129,Corporate,United Kingdom,Organic,Office,OFF-002,1,9.57,GBP,0,4.14,False,Paid
OL-0004922,ORD-002943,17/02/2026,CUS-C-01260,Consumer,Germany,Organic,Electronics,ELE-029,1,1083.83,EUR,10,16.28,False,Paid
OL-0003027,ORD-001799,2026-02-19,CUS-C-01178,Consumer,France,Social,Office,OFF-020,-6,47.33,EUR,0,3.86,True,Refunded
OL-0001384,ORD-000830,2026-01-23,CUS-S-00145,Small Business,Spain,Marketplace,Office,OFF-009,1,77.34,EUR,0,4.19,False,Paid
OL-0002092,ORD-001250,18/02/2026,CUS-S-00111,Small Business,Spain,Organic,Office,OFF-020,3,46.0,EUR,0,4.61,False,Paid
OL-0003077,ORD-001832,2026-03-27,CUS-C-00608,Consumer,United Kingdom,Paid Search,Electronics,ELE-038,1,428.35,GBP,15,11.99,False,Paid
OL-0004334,ORD-002593,2026-04-27,CUS-S-00512,Small Business,France,Organic,Electronics,ELE-039,1,230.73,EUR,0,11.17,False,Paid
OL-0003199,ORD-001903,2026-03-12,CUS-C-01356,Consumer,Germany,Organic,Electronics,ELE-039,1,220.95,EUR,25,12.64,False,Paid
OL-0001600,ORD-000955,2026-05-13,CUS-C-00031,Consumer,France,Email,Office,OFF-033,2,32.77,EUR,0,5.9,False,Paid
OL-0002575,ORD-001534,02/02/2026,CUS-C-00578,Consumer,Germany,Organic,Office,OFF-003,1,10.55,EUR,0,5.45,False,Paid
OL-0001727,ORD-001029,2026-06-13,,Consumer,France,Marketplace,Electronics,ELE-026,1,229.72,EUR,20,16.7,False,Paid
OL-0003238,ORD-001928,2026-01-19,CUS-C-00010,Consumer,France,Paid Search,Office,OFF-010,2,12.24,EUR,0,3.81,False,Paid
OL-0005247,ORD-003137,2026-06-09,CUS-B-00155,Corporate,France,Email,Electronics,ELE-006,2,222.14,EUR,15,12.7,False,Paid
OL-0005694,ORD-003411,2026-05-21,CUS-C-00404,Consumer,United States,Organic,Office,OFF-003,2,11.63,USD,0,4.0,False,Paid
OL-0004667,ORD-002789,2026-01-11,,Corporate,France,Marketplace,Office,OFF-037,1,12.96,EUR,0,5.12,False,Paid
OL-0004793,ORD-002866,2026-06-22,,Consumer,United Kingdom,Marketplace,Office,OFF-006,2,23.67,GBP,0,5.1,False,Paid
OL-0001224,ORD-000728,2026-06-28,CUS-S-00470,Small Business,France,Paid Search,Electronics,ELE-025,1,414.42,EUR,15,16.33,False,Paid
OL-0001298,ORD-000780,07/01/2026,CUS-C-00011,Consumer,Germany,Email,Office,OFF-019,1,15.24,EUR,0,4.02,False,Pending
OL-0002776,ORD-001657,2026-03-23,,Consumer,Germany,Social,Electronics,ELE-001,-1,584.78,EUR,5,14.42,True,Refunded
OL-0000016,ORD-000008,05/01/2026,CUS-S-00419,Small Business,Spain,Email,Home,HOM-020,3,56.84,EUR,20,6.75,False,Paid
OL-0005426,ORD-003245,2026-04-04,CUS-S-00276,Small Business,United Kingdom,Organic,Office,OFF-038,6,49.15,GBP,0,3.97,False,Paid
OL-0000352,ORD-000215,2026-03-10,CUS-C-00968,Consumer,United Kingdom,Paid Search,Office,OFF-027,4,44.56,GBP,0,5.16,False,Paid
OL-0005405,ORD-003232,2026-06-24,CUS-C-01469,Consumer,United Kingdom,Paid Search,Electronics,ELE-003,-1,358.91,GBP,15,12.23,True,Refunded
OL-0001363,ORD-000817,24/05/2026,CUS-C-00485,Consumer,United States,Organic,Office,OFF-012,1,91.35,USD,0,4.33,False,Paid
OL-0002171,ORD-001299,2026-04-23,,Consumer,United States,Marketplace,Electronics,ELE-016,2,402.93,USD,25,13.21,False,Paid
OL-0002032,ORD-001211,20/03/2026,,Consumer,Germany,Paid Search,Office,OFF-006,3,27.38,EUR,0,5.74,False,Paid
OL-0003814,ORD-002277,26/06/2026,CUS-S-00434,Small Business,Spain,Email,Home,HOM-026,1,199.4,EUR,0,9.38,False,Paid
OL-0001023,ORD-000613,2026-01-19,CUS-C-01201,Consumer,Spain,Marketplace,Electronics,ELE-027,2,663.85,EUR,0,13.27,False,Paid
OL-0000372,ORD-000226,2026-04-04,CUS-B-00214,Corporate,United Kingdom,Email,Electronics,ELE-039,1,187.33,GBP,10,14.13,False,Paid
OL-0002245,ORD-001339,2026-06-27,CUS-B-00026,Corporate,Germany,Paid Search,Electronics,ELE-010,1,1198.14,EUR,20,12.78,False,Paid
OL-0002314,ORD-001384,27/04/2026,CUS-S-00515,Small Business,Spain,Email,Electronics,ELE-024,2,1027.45,EUR,10,11.11,False,Pending
OL-0001782,ORD-001064,2026-05-25,CUS-B-00099,Corporate,Germany,Organic,Electronics,ELE-011,1,1243.42,EUR,10,10.5,False,Paid
OL-0003797,ORD-002269,2026-05-20,CUS-C-01486,Consumer,France,Marketplace,Office,OFF-034,3,77.12,EUR,0,4.16,False,Paid
OL-0003800,ORD-002270,2026-04-24,CUS-C-00367,Consumer,Spain,Social,Electronics,ELE-010,1,1212.7,EUR,15,11.77,False,Paid
OL-0005805,ORD-003477,2026-04-08,,Consumer,Spain,Email,Home,HOM-012,1,128.21,EUR,0,9.11,False,Paid
OL-0000743,ORD-000447,2026-04-20,CUS-C-00868,Consumer,Germany,Organic,Home,HOM-033,2,69.99,EUR,0,9.49,False,Paid
OL-0001269,ORD-000763,2026-05-13,CUS-S-00106,Small Business,France,Paid Search,Electronics,ELE-040,2,336.89,EUR,0,15.15,False,Paid
OL-0002601,ORD-001555,2026-06-07,,Small Business,France,Marketplace,Home,HOM-005,-1,256.45,EUR,10,7.98,True,Refunded
OL-0001618,ORD-000966,10/04/2026,CUS-C-01014,Consumer,United States,Organic,Electronics ,ELE-003,1,481.56,USD,10,16.94,False,Paid
OL-0000806,ORD-000486,2026-03-01,CUS-S-00408,Small Business,France,Paid Search,Office,OFF-017,1,9.69,EUR,0,4.29,False,Paid
OL-0004797,ORD-002869,11/02/2026,CUS-S-00592,Small Business,France,Marketplace,Home,HOM-016,1,270.92,EUR,0,8.91,False,Paid
OL-0000684,ORD-000412,2026-05-26,CUS-C-00958,Consumer,Germany,Marketplace,Office,OFF-017,1,9.69,EUR,0,3.95,False,Paid
OL-0004984,ORD-002980,2026-05-26,CUS-B-00114,Corporate,United Kingdom,Paid Search,Office,OFF-020,4,40.05,GBP,0,4.67,False,Paid
OL-0003560,ORD-002125,13/06/2026,CUS-C-01293,Consumer,France,Social,Office,OFF-026,1,21.23,EUR,0,5.45,False,Paid
OL-0003853,ORD-002301,2026-04-11,CUS-B-00194,Corporate,United Kingdom,Paid Search,Office,OFF-024,5,15.45,GBP,0,3.15,False,Paid
OL-0003806,ORD-002273,2026-05-25,CUS-C-00904,Consumer,France,Marketplace,Office,OFF-031,1,56.65,EUR,0,5.46,False,Paid
OL-0005564,ORD-003331,2026-02-17,CUS-S-00290,Small Business,Spain,Organic,Office,OFF-004,2,17.36,EUR,0,5.73,False,Pending
OL-0004707,ORD-002810,2026-03-25,CUS-C-01024,Consumer,United Kingdom,Paid Search,Electronics,ELE-023,1,436.68,GBP,0,10.27,False,Paid
OL-0004370,ORD-002614,17/05/2026,CUS-B-00169,Corporate,France,Organic,Office,OFF-006,1,27.51,EUR,0,5.05,False,Paid
OL-0005013,ORD-002999,2026-05-12,CUS-S-00362,Small Business,United States,Organic,Office,OFF-002,1,11.76,USD,0,6.01,False,Paid
OL-0003857,ORD-002302,2026-04-14,CUS-S-00269,Small Business,United Kingdom,Paid Search,Electronics,ELE-020,1,393.43,GBP,15,11.37,False,Paid
OL-0003860,ORD-002305,2026-06-23,CUS-B-00085,Corporate,United Kingdom,Paid Search,Office,OFF-020,1,39.97,GBP,0,3.83,False,Paid
OL-0000009,ORD-000005,2026-05-23,CUS-S-00189,Small Business,Spain,Organic,Office,OFF-040,3,54.41,EUR,0,5.29,False,Paid
OL-0001863,ORD-001109,2026-04-01,CUS-C-00530,Consumer,France,Paid Search,Home,HOM-014,1,192.57,EUR,15,8.11,False,Paid
OL-0002820,ORD-001681,2026-04-02,CUS-B-00182,Corporate,Germany,Email,Office,OFF-014,2,28.55,EUR,10,4.36,False,Paid
OL-0001352,ORD-000813,2026-02-18,CUS-C-01157,Consumer,Spain,Paid Search,Home,HOM-031,2,76.69,EUR,0,8.26,False,Pending
OL-0000577,ORD-000352,2026-02-19,,Corporate,France,Marketplace,Office,OFF-040,5,53.55,EUR,0,4.86,False,Paid
OL-0000627,ORD-000383,2026-04-28,CUS-C-00328,Consumer,Spain,Email,Electronics,ELE-035,1,447.61,EUR,0,11.89,False,Paid
OL-0003619,ORD-002158,17/05/2026,CUS-S-00554,Small Business,Germany,Email,Office,OFF-009,4,80.92,EUR,0,5.51,False,Paid
OL-0005532,ORD-003311,2026-04-11,CUS-C-00761,Consumer,United Kingdom,Paid Search,Office,OFF-026,1,17.74,GBP,15,3.49,False,Paid
OL-0000427,ORD-000260,2026-04-13,CUS-C-01295,Consumer,Spain,Email,Electronics,ELE-028,1,185.35,EUR,0,11.84,False,Paid
OL-0000034,ORD-000019,2026-04-05,CUS-C-00074,Consumer,Spain,Paid Search,Office,OFF-028,7,25.28,EUR,0,4.11,False,Paid
OL-0001047,ORD-000625,27/05/2026,CUS-C-01175,Consumer,Germany,Organic,Electronics,ELE-005,1,530.47,EUR,0,16.32,False,Paid
OL-0000045,ORD-000024,24/04/2026,CUS-S-00528,Small Business,France,Organic,Office,OFF-036,7,21.2,EUR,0,5.57,False,Pending
OL-0003340,ORD-001984,2026-01-05,CUS-C-00752,Consumer,France,Social,Home,HOM-011,3,98.9,EUR,0,7.3,False,Paid
OL-0001045,ORD-000625,27/05/2026,CUS-C-01175,Consumer,Germany,Organic,Office,OFF-038,2,59.82,EUR,0,3.9,False,Paid
OL-0001102,ORD-000657,2026-04-12,CUS-C-00177,Consumer,France,Social,Office,OFF-012,1,83.86,EUR,0,4.42,False,Paid
OL-0001050,ORD-000627,26/05/2026,,Consumer,United Kingdom,Paid Search,Electronics,ELE-017,2,684.83,GBP,0,13.26,False,Paid
OL-0001884,ORD-001120,2026-06-11,CUS-C-00472,Consumer,Germany,Organic,Electronics,ELE-029,1,1074.88,EUR,5,14.27,False,Paid
OL-0004472,ORD-002671,2026-04-02,CUS-B-00093,Corporate,Germany,Social,Home,HOM-039,4,45.19,EUR,0,8.83,False,Paid
OL-0004634,ORD-002769,26/02/2026,CUS-C-01005,Consumer,United Kingdom,Social,Home,HOM-018,1,40.06,GBP,0,6.32,False,Paid
OL-0001744,ORD-001041,2026-01-09,CUS-S-00189,Small Business,Spain,Social,Home,HOM-036,2,144.47,EUR,0,9.63,False,Paid
OL-0002578,ORD-001537,2026-02-26,,Corporate,United Kingdom,Organic,Office,OFF-024,3,15.18,GBP,0,3.48,False,Paid
OL-0000064,ORD-000036,07/02/2026,CUS-C-01407,Consumer,United Kingdom,Paid Search,Home,HOM-003,1,140.34,GBP,0,8.42,False,Paid
OL-0004354,ORD-002604,2026-06-24,CUS-C-01240,Consumer,Spain,Marketplace,Home,HOM-016,2,274.7,EUR,0,7.42,False,Paid
OL-0003071,ORD-001829,2026-05-21,CUS-C-01494,Consumer,Germany,Social,Office,OFF-024,4,17.22,EUR,0,5.24,False,Paid
OL-0005330,ORD-003184,2026-01-20,CUS-C-00181,Consumer,United Kingdom,Email,Electronics,ELE-017,1,706.81,GBP,10,11.09,False,Paid
OL-0002618,ORD-001562,2026-01-30,CUS-B-00249,Corporate,United Kingdom,Organic,Office,OFF-003,3,9.28,GBP,0,4.56,False,Paid
OL-0001120,ORD-000668,01/02/2026,CUS-C-01021,Consumer,Germany,Paid Search,Office,OFF-007,-3,40.95,EUR,0,4.68,True,Paid
OL-0002500,ORD-001489,2026-01-19,CUS-B-00076,Corporate,Spain,Organic,Home,HOM-024,1,79.22,EUR,15,9.11,False,Paid
OL-0003393,ORD-002017,2026-01-20,CUS-C-01198,Consumer,France,Social,Electronics,ELE-031,1,219.04,EUR,15,11.78,False,Paid
OL-0000706,ORD-000426,15/05/2026,CUS-C-01341,Consumer,Germany,Email,Office,OFF-021,5,30.68,EUR,0,6.01,False,Paid
OL-0004987,ORD-002981,20/04/2026,CUS-S-00588,Small Business,France,Paid Search,Home,HOM-033,1,66.53,EUR,10,6.46,False,Pending
OL-0004963,ORD-002968,11/05/2026,CUS-S-00468,Small Business,France,Paid Search,Office,OFF-011,4,17.78,EUR,0,5.76,False,Paid
OL-0003269,ORD-001948,14/02/2026,CUS-S-00381,Small Business,Germany,Email,Home,HOM-022,1,66.81,EUR,0,10.45,False,Paid
OL-0004011,ORD-002401,27/03/2026,CUS-S-00052,Small Business,France,Email,Electronics,ELE-026,1,230.37,EUR,0,13.48,False,Paid
OL-0001613,ORD-000964,2026-03-22,CUS-C-00760,Consumer,France,Organic,Home,HOM-021,3,134.17,EUR,25,10.39,False,Paid
OL-0004223,ORD-002527,2026-03-13,CUS-B-00226,Corporate,France,Paid Search,Home,HOM-025,1,128.31,EUR,15,7.74,False,Paid
OL-0001974,ORD-001174,08/02/2026,CUS-S-00331,Small Business,France,Paid Search,Home,HOM-024,3,80.15,EUR,20,10.49,False,Paid
OL-0004816,ORD-002885,2026-01-01,CUS-S-00253,Small Business,United Kingdom,Organic,Electronics,ELE-010,-1,945.15,GBP,10,12.28,True,Refunded
OL-0005560,ORD-003328,2026-04-05,,Corporate,France,Social,Electronics,ELE-040,2,314.65,EUR,10,14.24,False,Paid
OL-0003933,ORD-002352,17/03/2026,CUS-S-00148,Small Business,Germany,Paid Search,Office,OFF-021,2,30.15,EUR,0,5.58,False,Paid
OL-0001316,ORD-000789,30/06/2026,CUS-C-00689,Consumer,France,Organic,Home,HOM-029,1,65.29,EUR,20,8.34,False,Paid
OL-0005688,ORD-003406,2026-04-01,CUS-C-00601,Consumer,Germany,Paid Search,Home,HOM-023,3,44.92,EUR,20,9.67,False,Paid
OL-0005695,ORD-003412,2026-01-31,CUS-S-00428,Small Business,France,Marketplace,Home,HOM-033,3,63.97,EUR,0,7.77,False,Paid
OL-0002799,ORD-001670,2026-06-16,CUS-B-00147,Corporate,France,Social,Office,OFF-025,4,9.55,EUR,0,4.74,False,Paid
OL-0005783,ORD-003464,2026-01-30,CUS-B-00059,Corporate,United Kingdom,Paid Search,Electronics,ELE-020,1,400.05,GBP,0,8.74,False,Paid
OL-0003837,ORD-002291,29/01/2026,CUS-S-00022,Small Business,Spain,Paid Search,Office,OFF-002,2,11.27,EUR,0,5.91,False,Paid
OL-0004763,ORD-002844,12/06/2026,CUS-C-00653,Consumer,France,Marketplace,Electronics,ELE-022,3,375.56,EUR,20,15.8,False,Paid
OL-0000748,ORD-000448,2026-05-17,CUS-C-00630,Consumer,France,Organic,Electronics,ELE-014,1,189.25,EUR,20,14.91,False,Paid
OL-0004242,ORD-002535,22/04/2026,CUS-S-00083,Small Business,United States,Paid Search,Office,OFF-004,1,18.74,USD,0,4.4,False,Paid
OL-0000474,ORD-000293,26/02/2026,CUS-C-00977,Consumer,United Kingdom,Paid Search,Office,OFF-025,3,8.86,GBP,0,4.4,False,Paid
OL-0003444,ORD-002051,2026-03-15,CUS-B-00090,Corporate,Germany,Email,Office,OFF-009,2,76.14,EUR,0,4.19,False,Paid
OL-0005674,ORD-003400,2026-04-01,CUS-C-00744,Consumer,United States,Paid Search,Office,OFF-025,3,10.84,USD,0,4.22,False,Paid
OL-0000298,ORD-000182,2026-04-16,CUS-S-00198,Small Business,France,Paid Search,Office,OFF-019,5,15.3,EUR,0,5.48,False,Paid
OL-0000304,ORD-000185,01/05/2026,CUS-B-00138,Corporate,Germany,Email,Electronics,ELE-027,1,635.98,EUR,5,14.33,False,Paid
OL-0002477,ORD-001474,06/06/2026,CUS-C-00505,Consumer,Spain,Social,Home,HOM-028,2,331.5,EUR,15,8.7,False,Paid
OL-0002378,ORD-001414,2026-04-19,CUS-C-00966,Consumer,United Kingdom,Social,Electronics,ELE-011,1,1025.6,GBP,0,14.17,False,Paid
OL-0003535,ORD-002107,2026-06-29,CUS-C-00605,Consumer,Spain,Paid Search,Electronics,ELE-024,1,1087.58,EUR,0,14.04,False,Paid
OL-0003310,ORD-001967,19/05/2026,CUS-C-01175,Consumer,Spain,Organic,Home,HOM-019,2,66.03,EUR,0,8.36,False,Paid
OL-0003870,ORD-002311,2026-01-07,CUS-C-00876,Consumer,Germany,Social,Home,HOM-031,1,76.9,EUR,15,9.47,False,Paid
OL-0004129,ORD-002468,2026-01-08,,Consumer,France,Organic,Office,OFF-027,2,50.68,EUR,15,4.66,False,Paid
OL-0003617,ORD-002156,13/06/2026,CUS-S-00290,Small Business,United Kingdom,Social,Electronics,ELE-028,1,164.42,GBP,0,10.32,False,Paid
OL-0002686,ORD-001601,2026-04-23,CUS-S-00135,Small Business,United Kingdom,Paid Search,Electronics,ELE-029,3,978.35,GBP,0,12.84,False,Paid
OL-0000241,ORD-000151,16/02/2026,,Corporate,United Kingdom,Marketplace,Electronics,ELE-038,1,416.93,GBP,15,9.05,False,Paid
OL-0005738,ORD-003437,2026-03-03,CUS-S-00339,Small Business,Germany,Organic,Office,OFF-029,1,90.0,EUR,0,5.63,False,Paid
OL-0002293,ORD-001372,2026-03-26,,Consumer,Spain,Organic,Office,OFF-036,1,20.11,EUR,0,5.07,False,Paid
OL-0001672,ORD-000999,30/05/2026,CUS-S-00285,Small Business,United Kingdom,Organic,Home,HOM-032,4,199.64,GBP,10,6.77,False,Paid
OL-0002100,ORD-001256,2026-02-28,CUS-C-00813,Consumer,France,Paid Search,Home,HOM-027,1,110.08,EUR,15,10.03,False,Paid
OL-0005061,ORD-003029,21/04/2026,CUS-S-00115,Small Business,France,Paid Search,Office,OFF-032,4,54.51,EUR,0,5.78,False,Paid
OL-0001176,ORD-000701,2026-03-17,CUS-B-00111,Corporate,France,Organic,Office,OFF-039,2,19.82,EUR,0,5.75,False,Paid
OL-0003934,ORD-002352,17/03/2026,CUS-S-00148,Small Business,Germany,Paid Search,Home,HOM-022,1,68.75,EUR,0,8.45,False,Paid
OL-0004384,ORD-002621,2026-05-31,CUS-B-00221,Corporate,United States,Email,Electronics,ELE-028,-1,202.38,USD,10,16.53,True,Refunded
OL-0003083,ORD-001836,2026-05-05,CUS-S-00454,Small Business,Spain,Social,Home,HOM-010,3,143.9,EUR,0,7.49,False,Paid
OL-0002863,ORD-001704,2026-04-28,CUS-S-00513,Small Business,Spain,Social,Office,OFF-003,2,10.86,EUR,0,3.61,False,Paid
OL-0005592,ORD-003350,2026-02-07,CUS-C-00909,Consumer,France,Paid Search,Home,HOM-021,1,136.03,EUR,0,8.34,False,Paid
OL-0005711,ORD-003422,07/01/2026,CUS-C-00044,Consumer,United Kingdom,Paid Search,Electronics,ELE-007,3,420.65,GBP,15,11.92,False,Paid
OL-0005177,ORD-003094,2026-06-04,CUS-B-00003,Corporate,United States,Email,Electronics,ELE-029,1,1210.6,USD,10,13.62,False,Paid
OL-0001648,ORD-000984,21/05/2026,CUS-S-00126,Small Business,France,Organic,Home,HOM-025,3,134.93,EUR,0,10.1,False,Paid
OL-0003415,ORD-002035,2026-03-17,CUS-C-00134,Consumer,Germany,Paid Search,Home,HOM-034,1,327.69,EUR,0,7.88,False,Paid
OL-0000334,ORD-000202,14/06/2026,CUS-S-00137,Small Business,United States,Paid Search,Home,HOM-036,1,153.57,USD,25,10.87,False,Paid
OL-0002603,ORD-001556,2026-02-10,CUS-S-00497,Small Business,France,Organic,Electronics,ELE-013,1,320.2,EUR,0,13.98,False,Paid
OL-0001500,ORD-000896,2026-03-18,CUS-C-00954,Consumer,Germany,Organic,Electronics,ELE-008,1,1137.11,EUR,5,16.68,False,Paid
OL-0002158,ORD-001289,2026-02-26,CUS-C-00163,Consumer,France,Paid Search,Office,OFF-008,2,8.48,EUR,0,4.06,False,Pending
OL-0001162,ORD-000692,2026-05-04,CUS-B-00245,Corporate,United States,Social,Electronics,ELE-023,1,552.55,USD,0,12.8,False,Paid
OL-0003575,ORD-002134,2026-01-28,CUS-S-00316,Small Business,France,Marketplace,Home,HOM-022,1,64.7,EUR,0,9.94,False,Paid
OL-0004477,ORD-002675,2026-05-26,CUS-C-00794,Consumer,Spain,Paid Search,Office,OFF-027,1,52.08,EUR,0,6.01,False,Paid
OL-0004582,ORD-002739,2026-03-15,CUS-S-00175,Small Business,Germany,Marketplace,Home,HOM-024,-4,78.08,EUR,0,9.12,True,Paid
OL-0004951,ORD-002961,26/03/2026,CUS-C-01137,Consumer,Spain,Organic,Home,HOM-010,2,143.13,EUR,20,8.09,False,Paid
OL-0003003,ORD-001786,2026-04-18,CUS-C-00936,Consumer,United Kingdom,Email,Electronics,ELE-038,3,418.26,GBP,5,9.86,False,Paid
OL-0000248,ORD-000154,2026-05-07,CUS-B-00028,Corporate,Spain,Organic,Office,OFF-008,1,8.3,EUR,0,4.27,False,Paid
OL-0004877,ORD-002918,2026-01-30,,Corporate,Germany,Marketplace,Home,HOM-008,1,73.09,EUR,15,9.59,False,Paid
OL-0003530,ORD-002104,08/06/2026,CUS-C-01319,Consumer,Spain,Paid Search,Electronics,ELE-038,2,511.78,EUR,15,12.07,False,Paid
OL-0000801,ORD-000482,2026-06-16,,Small Business,France,Marketplace,Office,OFF-034,3,75.51,EUR,0,5.26,False,Paid
OL-0001685,ORD-001007,2026-05-25,CUS-B-00173,Corporate,United States,Marketplace,Electronics,ELE-023,1,555.25,USD,15,16.47,False,Paid
OL-0004682,ORD-002795,2026-01-14,CUS-C-00356,Consumer,United Kingdom,Paid Search,Office,OFF-034,4,65.94,GBP,0,4.1,False,Paid
OL-0004197,ORD-002508,2026-01-18,CUS-S-00480,Small Business,United Kingdom,Email,Home,HOM-006,1,68.25,GBP,15,8.8,False,Paid
OL-0001922,ORD-001141,2026-06-29,CUS-B-00178,Corporate,United Kingdom,Email,Electronics,ELE-006,1,181.32,GBP,25,10.11,False,Paid
OL-0002210,ORD-001320,17/06/2026,CUS-B-00158,Corporate,Spain,Paid Search,Office,OFF-026,2,20.46,EUR,0,4.33,False,Paid
OL-0001222,ORD-000726,2026-02-18,CUS-S-00514,Small Business,Germany,Email,Electronics,ELE-022,1,377.31,EUR,15,16.75,False,Paid
OL-0004004,ORD-002396,21/06/2026,CUS-S-00395,Small Business,France,Organic,Electronics,ELE-034,1,467.26,EUR,10,15.28,False,Paid
OL-0001514,ORD-000906,2026-04-29,CUS-S-00031,Small Business,United Kingdom,Paid Search,Electronics,ELE-008,1,949.37,GBP,15,10.61,False,Paid
OL-0004352,ORD-002603,11/01/2026,CUS-C-01281,Consumer,Germany,Paid Search,Home,HOM-035,1,188.18,EUR,0,7.49,False,Paid
OL-0001254,ORD-000752,2026-04-06,CUS-C-00852,Consumer,United Kingdom,Organic,Office,OFF-021,1,26.12,GBP,15,4.49,False,Pending
OL-0005331,ORD-003185,2026-04-18,CUS-C-00359,Consumer,Germany,Paid Search,Home,HOM-024,2,82.53,EUR,10,10.08,False,Paid
OL-0005170,ORD-003092,2026-06-12,CUS-C-01489,Consumer,United Kingdom,Organic,Home,HOM-034,1,280.98,GBP,0,8.19,False,Paid
OL-0000599,ORD-000366,02/03/2026,CUS-C-00014,Consumer,France,Paid Search,Office,OFF-024,1,17.41,EUR,0,4.11,False,Paid
OL-0001610,ORD-000961,2026-06-29,CUS-C-00300,Consumer,Germany,Email,Home,HOM-004,1,54.88,EUR,15,8.96,False,Paid
OL-0000316,ORD-000193,21/01/2026,CUS-B-00214,Corporate,France,Email,Home,HOM-014,2,193.94,EUR,0,8.83,False,Paid
OL-0005243,ORD-003136,19/04/2026,CUS-B-00122,Corporate,France,Organic,Office,OFF-018,4,11.88,EUR,0,5.42,False,Paid
OL-0002277,ORD-001359,28/02/2026,CUS-C-00258,Consumer,Germany,Social,Electronics,ELE-027,1,656.49,EUR,20,14.83,False,Paid
OL-0000150,ORD-000094,2026-05-12,CUS-S-00198,Small Business,France,Organic,electronics,ELE-034,2,438.83,EUR,15,15.04,False,Paid
OL-0004734,ORD-002825,2026-06-30,CUS-C-01369,Consumer,France,Marketplace,Electronics,ELE-019,2,233.89,EUR,20,15.04,False,Paid
OL-0001845,ORD-001099,2026-02-13,CUS-C-00673,Consumer,Spain,Organic,Home,HOM-014,1,185.19,EUR,0,10.58,False,Paid
OL-0000291,ORD-000179,2026-06-10,CUS-C-01303,Consumer,France,Marketplace,Electronics,ELE-036,1,1137.81,EUR,25,10.95,False,Paid
OL-0000454,ORD-000279,21/04/2026,CUS-C-00211,Consumer,France,Paid Search,Office,OFF-014,2,28.57,EUR,0,4.54,False,Paid
OL-0005097,ORD-003049,2026-01-26,CUS-C-00245,Consumer,Germany,Organic,Electronics,ELE-013,2,343.32,EUR,0,13.06,False,Paid
OL-0004809,ORD-002878,2026-06-12,,Consumer,France,Paid Search,Electronics,ELE-024,1,1049.55,EUR,15,16.66,False,Paid
OL-0003397,ORD-002020,2026-02-28,CUS-C-01323,Consumer,Germany,Social,Home,HOM-015,3,138.46,EUR,0,8.66,False,Paid
OL-0000692,ORD-000417,2026-02-23,CUS-C-01425,Consumer,Spain,Marketplace,Electronics,ELE-006,2,221.91,EUR,5,10.26,False,Paid
OL-0001145,ORD-000682,2026-04-07,CUS-C-01279,Consumer,Germany,Organic,Home,HOM-034,1,341.16,EUR,0,8.44,False,Paid
OL-0001635,ORD-000976,2026-05-05,CUS-C-00662,Consumer,Germany,Email,Home,HOM-015,2,137.59,EUR,0,9.83,False,Paid
OL-0004193,ORD-002507,2026-04-11,CUS-C-01382,Consumer,United States,Paid Search,Home,HOM-033,1,72.01,USD,10,7.74,False,Paid
OL-0001781,ORD-001063,2026-01-11,,Consumer,Spain,Paid Search,Office,OFF-033,5,33.72,EUR,10,5.67,False,Paid
OL-0004971,ORD-002974,2026-05-24,CUS-C-01016,Consumer,Spain,Paid Search,Home,HOM-029,2,71.73,EUR,0,7.49,False,Paid
OL-0003652,ORD-002181,2026-06-06,CUS-C-00475,Consumer,France,Paid Search,Office,OFF-014,8,27.83,EUR,0,4.89,False,Paid
OL-0000656,ORD-000398,27/04/2026,CUS-B-00238,Corporate,Germany,Organic,office,OFF-015,1,67.49,EUR,0,5.99,False,Paid
OL-0003136,ORD-001865,2026-02-19,CUS-S-00014,Small Business,United Kingdom,Organic,Office,OFF-035,2,29.26,GBP,0,3.94,False,Paid
OL-0001903,ORD-001130,24/04/2026,CUS-C-01432,Consumer,Germany,Organic,Electronics,ELE-008,2,1169.62,EUR,10,16.26,False,Paid
OL-0004428,ORD-002647,05/03/2026,CUS-S-00503,Small Business,Spain,Paid Search,Electronics,ELE-009,1,220.37,EUR,20,16.78,False,Paid
OL-0001040,ORD-000623,25/05/2026,,Small Business,United Kingdom,Social,Electronics,ELE-013,1,292.97,GBP,15,12.22,False,Paid
OL-0004630,ORD-002766,2026-02-19,,Consumer,France,Organic,Home,HOM-009,1,132.48,EUR,25,9.52,False,Paid
OL-0001412,ORD-000846,19/06/2026,CUS-S-00513,Small Business,United States,Email,Office,OFF-033,3,35.25,USD,0,4.41,False,Paid
OL-0005748,ORD-003445,20/02/2026,CUS-C-00296,Consumer,France,Social,Home,HOM-036,1,143.0,EUR,15,9.68,False,Paid
OL-0001673,ORD-000999,30/05/2026,CUS-S-00285,Small Business,United Kingdom,Organic,Office,OFF-034,2,63.07,GBP,0,4.97,False,Paid
OL-0005096,ORD-003048,08/01/2026,CUS-S-00237,Small Business,France,Social,Home,HOM-022,2,68.71,EUR,5,10.77,False,Paid
OL-0001371,ORD-000823,2026-05-26,CUS-S-00300,Small Business,United States,Organic,Electronics,ELE-026,1,255.24,USD,20,11.8,False,Paid
OL-0005083,ORD-003042,2026-05-29,CUS-C-01294,Consumer,France,Social,Office,OFF-018,-3,12.43,EUR,0,4.22,True,Paid
OL-0003134,ORD-001864,2026-05-07,CUS-C-01025,Consumer,France,Paid Search,Electronics,ELE-028,2,190.11,EUR,15,12.36,False,Paid
OL-0002381,ORD-001415,2026-05-02,CUS-B-00191,Corporate,Germany,Social,Home,HOM-028,1,335.08,EUR,0,7.99,False,Paid
OL-0003721,ORD-002219,2026-04-05,CUS-C-01043,Consumer,Spain,Organic,Electronics,ELE-034,1,442.74,EUR,10,16.32,False,Paid
OL-0004092,ORD-002446,2026-02-05,CUS-S-00599,Small Business,France,Marketplace,Office,OFF-034,1,73.48,EUR,0,3.71,False,Paid
OL-0005007,ORD-002996,2026-06-20,CUS-S-00419,Small Business,Germany,Social,Home,HOM-025,2,129.75,EUR,10,9.99,False,Paid
OL-0001624,ORD-000969,28/05/2026,CUS-C-00986,Consumer,Germany,Email,Home,HOM-018,2,45.78,EUR,20,7.28,False,Paid
OL-0003670,ORD-002190,2026-03-12,CUS-B-00194,Corporate,United Kingdom,Paid Search,Office,OFF-016,5,7.77,GBP,0,3.34,False,Paid
OL-0000382,ORD-000233,06/05/2026,CUS-S-00192,Small Business,United States,Marketplace,Home,HOM-004,3,64.32,USD,0,7.96,False,Paid
OL-0003115,ORD-001855,2026-04-15,CUS-S-00159,Small Business,Germany,Organic,Home,HOM-004,2,55.31,EUR,0,7.36,False,Paid
OL-0001821,ORD-001084,03/05/2026,CUS-S-00075,Small Business,Spain,Organic,Home,HOM-014,2,185.18,EUR,0,9.25,False,Paid
OL-0003631,ORD-002167,2026-05-02,,Consumer,Spain,Marketplace,Home,HOM-014,1,188.73,EUR,0,10.46,False,Paid
OL-0000423,ORD-000257,17/05/2026,,Consumer,United Kingdom,Social,Office,OFF-029,1,74.91,GBP,0,4.21,False,Paid
OL-0000809,ORD-000489,28/05/2026,,Consumer,France,Marketplace,Electronics,ELE-016,1,398.01,EUR,10,14.11,False,Pending
OL-0001380,ORD-000828,2026-06-24,CUS-C-00203,Consumer,United Kingdom,Paid Search,Electronics,ELE-002,1,335.48,GBP,15,12.43,False,Pending
OL-0001670,ORD-000997,2026-01-22,CUS-C-01434,Consumer,United Kingdom,Email,Home,HOM-028,1,294.47,GBP,10,5.69,False,Paid
OL-0002099,ORD-001256,2026-02-28,CUS-C-00813,Consumer,France,Paid Search,Office,OFF-002,7,10.9,EUR,0,5.35,False,Paid
OL-0005526,ORD-003307,28/04/2026,CUS-C-01187,Consumer,Spain,Social,Office ,OFF-001,7,56.24,EUR,0,5.28,False,Paid
OL-0000125,ORD-000076,2026-02-18,CUS-C-01139,Consumer,Germany,Email,Electronics,ELE-017,3,809.39,EUR,15,12.07,False,Paid
OL-0000103,ORD-000061,10/06/2026,,Consumer,Germany,Social,Home,HOM-018,1,48.35,EUR,0,8.59,False,Paid
OL-0004059,ORD-002429,2026-02-14,,Small Business,France,Paid Search,Home,HOM-023,3,48.01,EUR,20,7.72,False,Paid
OL-0001733,ORD-001033,2026-06-05,CUS-S-00514,Small Business,United Kingdom,Organic,Home,HOM-030,3,118.07,GBP,0,6.98,False,Paid
OL-0003036,ORD-001804,31/01/2026,CUS-C-00230,Consumer,Spain,Paid Search,Home,HOM-003,1,157.95,EUR,15,10.75,False,Paid
OL-0002916,ORD-001735,2026-03-29,CUS-C-00005,Consumer,France,Organic,Office,OFF-020,1,46.18,EUR,0,5.01,False,Paid
OL-0000487,ORD-000298,2026-06-18,,Consumer,France,Paid Search,Electronics,ELE-013,1,350.26,EUR,25,13.84,False,Paid
OL-0001129,ORD-000673,22/06/2026,CUS-S-00563,Small Business,Germany,Organic,Electronics,ELE-010,1,1201.85,EUR,15,15.18,False,Paid
OL-0003618,ORD-002157,2026-06-21,CUS-C-01004,Consumer,United Kingdom,Organic,Home,HOM-025,3,113.03,GBP,0,7.18,False,Pending
OL-0001515,ORD-000906,2026-04-29,CUS-S-00031,Small Business,United Kingdom,Paid Search,Home,HOM-021,2,115.41,GBP,15,7.32,False,Paid
OL-0000136,ORD-000083,21/05/2026,CUS-C-00828,Consumer,United Kingdom,Marketplace,Home,HOM-031,1,66.94,GBP,0,5.49,False,Paid
OL-0002599,ORD-001553,2026-04-11,,Consumer,United Kingdom,Marketplace,Home,HOM-027,1,92.83,GBP,15,7.17,False,Paid
OL-0002003,ORD-001194,2026-05-24,CUS-S-00007,Small Business,United Kingdom,Paid Search,Office,OFF-031,2,48.67,GBP,0,3.86,False,Pending
OL-0002834,ORD-001691,18/03/2026,CUS-B-00064,Corporate,France,Organic,Office,OFF-031,2,56.31,EUR,0,4.89,False,Paid
OL-0001818,ORD-001083,2026-03-04,CUS-B-00075,Corporate,Spain,Email,Office,OFF-011,6,18.24,EUR,0,3.91,False,Paid
OL-0000753,ORD-000452,2026-05-21,,Consumer,Spain,Marketplace,Office,OFF-033,1,34.64,EUR,0,4.66,False,Pending
OL-0004002,ORD-002396,21/06/2026,CUS-S-00395,Small Business,France,Organic,Home,HOM-023,1,44.46,EUR,0,10.22,False,Paid
OL-0005028,ORD-003008,2026-03-28,CUS-C-01372,Consumer,France,Organic,Electronics,ELE-035,2,441.74,EUR,5,15.44,False,Paid
OL-0001104,ORD-000657,2026-04-12,CUS-C-00177,Consumer,France,Social,Electronics,ELE-035,2,440.57,EUR,15,11.11,False,Paid
OL-0005371,ORD-003208,06/03/2026,CUS-S-00336,Small Business,United Kingdom,Paid Search,Home,HOM-006,1,69.02,GBP,0,5.8,False,Paid
OL-0002317,ORD-001384,27/04/2026,CUS-S-00515,Small Business,Spain,Email,Office,OFF-020,3,46.09,EUR,10,6.03,False,Paid
OL-0001919,ORD-001139,2026-05-04,CUS-C-00999,Consumer,France,Paid Search,Office,OFF-024,2,17.43,EUR,10,3.93,False,Paid
OL-0001544,ORD-000920,14/05/2026,CUS-B-00118,Corporate,Spain,Paid Search,Electronics,ELE-019,1,239.81,EUR,10,13.08,False,Paid
OL-0003668,ORD-002190,2026-03-12,CUS-B-00194,Corporate,United Kingdom,Paid Search,Office,OFF-014,3,24.04,GBP,10,3.99,False,Pending
OL-0004442,ORD-002653,2026-06-26,CUS-S-00315,Small Business,France,Paid Search,Electronics,ELE-027,1,661.68,EUR,15,15.79,False,Paid
OL-0003707,ORD-002213,2026-03-20,CUS-S-00093,Small Business,United Kingdom,Organic,Home,HOM-009,1,117.36,GBP,20,7.15,False,Paid
OL-0001177,ORD-000702,2026-03-19,CUS-C-00727,Consumer,France,Organic,Office,OFF-033,1,33.44,EUR,0,4.25,False,Paid
OL-0001560,ORD-000930,2026-03-10,CUS-S-00518,Small Business,United Kingdom,Social,Office,OFF-010,1,10.49,GBP,10,4.18,False,Paid
OL-0005664,ORD-003394,2026-01-07,CUS-C-01495,Consumer,France,Paid Search,Electronics,ELE-001,1,609.07,EUR,5,12.5,False,Paid
OL-0000145,ORD-000090,2026-06-01,CUS-C-01046,Consumer,Germany,Paid Search,Electronics,ELE-013,3,343.22,EUR,0,11.26,False,Paid
OL-0000381,ORD-000233,06/05/2026,CUS-S-00192,Small Business,United States,Marketplace,Home,HOM-035,1,216.28,USD,0,9.39,False,Paid
OL-0001434,ORD-000858,17/06/2026,CUS-C-01476,Consumer,France,Organic,Office,OFF-002,2,11.01,EUR,0,5.95,False,Paid
OL-0001096,ORD-000653,2026-05-03,CUS-C-00829,Consumer,Spain,Paid Search,Office,OFF-032,1,55.54,EUR,0,4.68,False,Paid
OL-0005414,ORD-003238,2026-04-21,CUS-C-00851,Consumer,France,Paid Search,Office,OFF-001,2,58.34,EUR,0,4.22,False,Paid
OL-0000122,ORD-000073,2026-06-23,CUS-B-00130,Corporate,Spain,Social,Office,OFF-034,3,72.49,EUR,0,3.79,False,Paid
OL-0005566,ORD-003331,2026-02-17,CUS-S-00290,Small Business,Spain,Organic,Office,OFF-021,3,29.34,EUR,0,5.92,False,Paid
OL-0000612,ORD-000374,2026-06-06,CUS-C-00869,Consumer,France,Organic,Electronics,ELE-023,2,517.28,EUR,20,13.18,False,Paid
OL-0004825,ORD-002892,23/01/2026,CUS-B-00220,Corporate,United Kingdom,Email,Electronics,ELE-031,1,186.84,GBP,5,11.64,False,Paid
OL-0001942,ORD-001152,2026-04-23,CUS-C-00415,Consumer,Spain,Organic,Home,HOM-014,2,198.78,EUR,20,9.24,False,Paid
OL-0000419,ORD-000254,2026-05-11,CUS-C-01324,Consumer,Germany,Paid Search,Office,OFF-008,2,8.08,EUR,0,4.15,False,Paid
OL-0002253,ORD-001345,2026-03-02,CUS-B-00191,Corporate,Spain,Social,Office,OFF-038,30,60.18,EUR,0,5.0,False,Paid
OL-0001351,ORD-000813,2026-02-18,CUS-C-01157,Consumer,Spain,Paid Search,Home,HOM-036,1,146.75,EUR,5,8.92,False,Paid
OL-0002304,ORD-001377,2026-06-01,CUS-C-00401,Consumer,France,Organic,Office,OFF-011,1,17.56,EUR,0,5.07,False,Paid
OL-0005434,ORD-003249,2026-05-10,CUS-S-00239,Small Business,France,Organic,Home,HOM-023,1,47.69,EUR,0,9.8,False,Paid
OL-0004259,ORD-002547,23/02/2026,CUS-C-01307,Consumer,France,Paid Search,Office,OFF-023,3,55.03,EUR,0,4.67,False,Paid
OL-0001979,ORD-001178,16/04/2026,CUS-C-00846,Consumer,France,Paid Search,Home,HOM-024,1,81.04,EUR,0,9.0,False,Paid
OL-0004480,ORD-002678,2026-06-21,CUS-C-00017,Consumer,Spain,Marketplace,Office,OFF-024,8,16.7,EUR,0,4.37,False,Paid
OL-0001303,ORD-000782,2026-01-12,CUS-S-00282,Small Business,United Kingdom,Organic,Electronics,ELE-017,1,699.81,GBP,20,12.56,False,Paid
OL-0003056,ORD-001819,2026-05-27,CUS-B-00040,Corporate,France,Marketplace,Office,OFF-006,6,29.79,EUR,0,5.0,False,Pending
OL-0000249,ORD-000155,2026-01-16,CUS-C-00647,Consumer,France,Marketplace,Office,OFF-010,8,11.89,EUR,0,4.27,False,Paid
OL-0001398,ORD-000838,2026-06-25,,Consumer,France,Email,Home,HOM-007,2,138.76,EUR,15,10.34,False,Paid
OL-0004029,ORD-002410,2026-02-26,CUS-C-01172,Consumer,United Kingdom,Social,Electronics,ELE-001,1,483.76,GBP,0,12.9,False,Paid
OL-0000448,ORD-000275,2026-04-24,CUS-B-00250,Corporate,United States,Social,Electronics,ELE-037,1,300.73,USD,15,12.72,False,Paid
OL-0001426,ORD-000854,26/04/2026,CUS-C-00725,Consumer,United Kingdom,Social,office,OFF-034,8,62.26,GBP,0,5.02,False,Paid
OL-0004687,ORD-002797,2026-05-20,CUS-S-00504,Small Business,Germany,Social,Home,HOM-012,1,132.95,EUR,0,7.58,False,Paid
OL-0001200,ORD-000714,23/06/2026,,Small Business,France,Social,Electronics,ELE-025,1,441.58,EUR,0,11.31,False,Paid
OL-0001422,ORD-000852,2026-06-13,CUS-C-00849,Consumer,France,Organic,Office,OFF-037,3,12.79,EUR,0,6.02,False,Paid
OL-0004558,ORD-002721,2026-02-12,CUS-S-00401,Small Business,Germany,Organic,Home,HOM-007,2,135.12,EUR,0,9.35,False,Paid
OL-0003765,ORD-002252,2026-03-24,CUS-S-00600,Small Business,Spain,Organic,Home,HOM-038,2,94.71,EUR,15,9.91,False,Paid
OL-0003917,ORD-002343,2026-06-08,CUS-C-00425,Consumer,Germany,Marketplace,Electronics,ELE-027,1,662.76,EUR,25,12.72,False,Paid
OL-0004474,ORD-002673,2026-06-11,CUS-B-00077,Corporate,France,Social,Home,HOM-031,1,78.17,EUR,20,7.98,False,Paid
OL-0004665,ORD-002787,2026-04-12,CUS-C-01422,Consumer,Spain,Paid Search,Electronics,ELE-026,1,233.31,EUR,10,15.2,False,Paid
OL-0004728,ORD-002823,24/05/2026,,Consumer,Germany,Paid Search,Electronics,ELE-006,1,219.13,EUR,0,14.07,False,Paid
OL-0004114,ORD-002460,03/06/2026,CUS-C-00056,Consumer,France,Email,Home,HOM-014,1,188.76,EUR,15,6.87,False,Paid
OL-0003510,ORD-002092,2026-06-03,CUS-S-00496,Small Business,Spain,Paid Search,Home,HOM-006,1,84.86,EUR,0,10.2,False,Paid
OL-0002886,ORD-001716,2026-05-03,CUS-C-00266,Consumer,France,Social,Home,HOM-006,2,80.08,EUR,15,6.47,False,Paid
OL-0001536,ORD-000916,2026-02-20,CUS-C-01094,Consumer,Spain,Marketplace,Office,OFF-037,2,13.62,EUR,0,3.88,False,Paid
OL-0000415,ORD-000252,15/05/2026,CUS-C-00600,Consumer,Spain,Social,Home,HOM-022,2,65.45,EUR,15,8.85,False,Paid
OL-0004586,ORD-002741,27/02/2026,CUS-B-00183,Corporate,Germany,Organic,Electronics,ELE-036,-1,1222.15,EUR,10,10.99,True,Refunded
OL-0001721,ORD-001026,2026-02-17,CUS-C-00101,Consumer,Germany,Social,Office,OFF-030,8,66.12,EUR,0,3.94,False,Paid
OL-0000655,ORD-000397,20/06/2026,CUS-B-00124,Corporate,Spain,Marketplace,Electronics,ELE-031,1,216.66,EUR,15,12.0,False,Paid
OL-0003561,ORD-002126,2026-02-26,CUS-C-00923,Consumer,Spain,Email,Home,HOM-012,-1,127.23,EUR,0,8.26,True,Refunded
OL-0001003,ORD-000604,2026-04-21,CUS-B-00058,Corporate,France,Social,Office,OFF-011,1,17.17,EUR,0,4.69,False,Paid
OL-0004455,ORD-002661,27/06/2026,CUS-C-00014,Consumer,United Kingdom,Social,Home,HOM-021,2,113.06,GBP,0,8.78,False,Paid
OL-0003373,ORD-002003,2026-01-17,CUS-C-01112,Consumer,Germany,Email,Home,HOM-037,2,141.88,EUR,0,6.8,False,Paid
OL-0003974,ORD-002379,13/05/2026,,Small Business,Spain,Marketplace,Home,HOM-018,1,48.2,EUR,0,10.12,False,Paid
OL-0003531,ORD-002105,2026-01-28,CUS-S-00403,Small Business,Germany,Email,Electronics,ELE-018,1,1112.18,EUR,15,16.76,False,Paid
OL-0001488,ORD-000890,2026-03-02,CUS-C-00615,Consumer,France,Organic,Office,OFF-022,2,23.09,EUR,0,4.28,False,Paid
OL-0000590,ORD-000360,2026-04-09,CUS-B-00179,Corporate,Germany,Email,Office,OFF-002,3,10.82,EUR,0,5.97,False,Paid
OL-0002087,ORD-001249,2026-01-15,CUS-C-00199,Consumer,United Kingdom,Paid Search,Electronics,ELE-005,1,444.83,GBP,10,13.4,False,Paid
OL-0003609,ORD-002153,19/06/2026,,Corporate,France,Social,Electronics ,ELE-037,1,279.86,EUR,10,11.58,False,Paid
OL-0004517,ORD-002697,2026-04-07,CUS-B-00215,Corporate,United Kingdom,Marketplace,Office,OFF-038,7,52.77,GBP,0,3.96,False,Paid
OL-0001601,ORD-000955,2026-05-13,CUS-C-00031,Consumer,France,Email,Electronics,ELE-009,1,216.17,EUR,10,12.78,False,Paid
OL-0005290,ORD-003162,25/04/2026,CUS-S-00373,Small Business,France,Social,Home,HOM-008,3,75.06,EUR,25,6.4,False,Paid
OL-0002837,ORD-001692,11/04/2026,CUS-B-00179,Corporate,France,Social,Home,HOM-010,4,146.4,EUR,0,8.0,False,Paid
OL-0002358,ORD-001407,2026-03-03,CUS-C-01283,Consumer,Germany,Paid Search,Electronics,ELE-023,1,519.06,EUR,15,11.32,False,Paid
OL-0000995,ORD-000600,2026-04-22,CUS-B-00109,Corporate,United States,Organic,Home,HOM-013,1,115.34,USD,0,10.82,False,Paid
OL-0002198,ORD-001313,2026-06-17,,Consumer,United Kingdom,Paid Search,Office,OFF-018,2,9.96,GBP,0,5.0,False,Paid
OL-0001880,ORD-001118,2026-03-30,CUS-C-00329,Consumer,Spain,Organic,Electronics,ELE-011,1,1235.76,EUR,15,11.33,False,Paid
OL-0004565,ORD-002726,14/03/2026,CUS-C-00667,Consumer,Spain,Organic,Electronics,ELE-017,1,853.24,EUR,15,15.19,False,Paid
OL-0001372,ORD-000824,2026-05-21,CUS-S-00178,Small Business,Spain,Social,Electronics,ELE-036,1,1165.24,EUR,15,12.79,False,Paid
OL-0001874,ORD-001115,2026-04-04,CUS-B-00137,Corporate,Spain,Paid Search,Office,OFF-013,3,49.13,EUR,0,5.88,False,Paid
OL-0000209,ORD-000130,2026-06-23,CUS-C-00356,Consumer,Spain,Marketplace,Electronics,ELE-009,2,214.6,EUR,20,16.87,False,Paid
OL-0004813,ORD-002882,20/01/2026,CUS-C-00417,Consumer,France,Organic,Electronics,ELE-033,2,819.71,EUR,20,14.88,False,Paid
OL-0004241,ORD-002535,22/04/2026,CUS-S-00083,Small Business,United States,Paid Search,Office,OFF-036,3,20.9,USD,0,4.47,False,Paid
OL-0000426,ORD-000259,2026-01-07,,Consumer,France,Paid Search,Electronics,ELE-007,1,482.68,EUR,0,15.14,False,Paid
OL-0005787,ORD-003466,2026-06-13,,Corporate,United States,Marketplace,Office,OFF-019,4,16.13,USD,0,4.03,False,Paid
OL-0001407,ORD-000843,2026-04-02,CUS-C-01383,Consumer,United Kingdom,Paid Search,Home,HOM-035,2,168.55,GBP,0,7.09,False,Paid
OL-0005649,ORD-003386,11/05/2026,,Small Business,Spain,Social,Home ,HOM-033,1,67.79,EUR,0,6.72,False,Paid
OL-0001109,ORD-000661,06/02/2026,CUS-B-00173,Corporate,France,Paid Search,Office,OFF-009,2,81.11,EUR,0,5.42,False,Paid
OL-0005273,ORD-003152,2026-05-16,CUS-C-01043,Consumer,Spain,Paid Search,Office,OFF-031,1,55.91,EUR,0,5.24,False,Paid
OL-0000111,ORD-000066,2026-02-17,CUS-S-00473,Small Business,Spain,Paid Search,Office,OFF-039,1,20.2,EUR,0,3.69,False,Paid
OL-0003075,ORD-001831,2026-05-01,CUS-C-00591,Consumer,France,Marketplace,Electronics,ELE-037,1,283.06,EUR,15,10.29,False,Paid
OL-0001729,ORD-001031,2026-02-27,CUS-C-01260,Consumer,Germany,Organic,Electronics,ELE-030,3,1057.84,EUR,0,11.47,False,Paid
OL-0002264,ORD-001351,2026-04-02,CUS-C-00450,Consumer,France,Organic,Home,HOM-036,2,134.2,EUR,15,10.05,False,Paid
OL-0002549,ORD-001517,2026-04-03,CUS-S-00150,Small Business,United Kingdom,Organic,Office,OFF-002,1,9.29,GBP,0,5.03,False,Paid
OL-0002035,ORD-001212,04/01/2026,CUS-C-00146,Consumer,Germany,Social,Electronics,ELE-033,1,861.69,EUR,5,11.59,False,Paid
OL-0001173,ORD-000699,2026-02-19,CUS-B-00089,Corporate,United Kingdom,Marketplace,Home,HOM-017,2,42.74,GBP,10,6.92,False,Paid
OL-0003769,ORD-002254,2026-01-04,CUS-S-00087,Small Business,Germany,Organic,Home,HOM-024,1,79.34,EUR,0,6.62,False,Paid
OL-0002446,ORD-001453,2026-01-19,CUS-C-00908,Consumer,Spain,Marketplace,Office,OFF-039,2,20.5,EUR,0,5.15,False,Paid
OL-0003183,ORD-001892,2026-03-24,CUS-S-00250,Small Business,Spain,Organic,Office,OFF-013,3,48.22,EUR,0,4.41,False,Paid
OL-0002946,ORD-001752,2026-03-06,CUS-S-00085,Small Business,France,Organic,Home,HOM-017,1,50.2,EUR,20,10.54,False,Paid
OL-0004592,ORD-002744,2026-04-09,CUS-C-00166,Consumer,Germany,Organic,Home,HOM-031,1,77.38,EUR,0,6.46,False,Paid
OL-0004590,ORD-002743,2026-05-23,CUS-C-00819,Consumer,Germany,Email,Electronics,ELE-036,1,1121.17,EUR,0,13.18,False,Paid
OL-0003612,ORD-002154,2026-06-04,CUS-B-00107,Corporate,Spain,Organic,Electronics,ELE-025,1,416.33,EUR,10,10.87,False,Paid
OL-0003938,ORD-002356,2026-04-13,CUS-C-01266,Consumer,Germany,Organic,Home,HOM-027,2,110.7,EUR,10,7.76,False,Paid
OL-0002147,ORD-001283,2026-03-26,,Small Business,France,Social,Home,HOM-038,1,95.75,EUR,0,6.73,False,Paid
OL-0005752,ORD-003447,2026-04-14,CUS-C-00529,Consumer,Spain,Organic,Office,OFF-006,1,27.13,EUR,20,4.76,False,Paid
OL-0001469,ORD-000876,2026-03-18,CUS-C-00229,Consumer,Spain,Paid Search,Office ,OFF-022,1,23.24,EUR,0,4.25,False,Pending
OL-0000438,ORD-000267,2026-04-06,CUS-C-00236,Consumer,Germany,Marketplace,Electronics,ELE-016,2,365.74,EUR,25,13.35,False,Paid
OL-0005788,ORD-003467,2026-03-30,CUS-B-00045,Corporate,France,Social,Office,OFF-030,2,64.81,EUR,0,4.56,False,Paid
OL-0001058,ORD-000631,2026-05-11,CUS-C-00821,Consumer,Spain,Email,Office,OFF-027,3,53.42,EUR,0,4.86,False,Paid
OL-0002796,ORD-001667,2026-03-07,CUS-C-00720,Consumer,Germany,Marketplace,Home,HOM-028,1,326.34,EUR,10,6.44,False,Paid
OL-0000108,ORD-000064,2026-05-29,CUS-S-00234,Small Business,United Kingdom,Email,Home,HOM-012,1,111.85,GBP,0,5.59,False,Paid
OL-0003553,ORD-002118,2026-02-24,CUS-C-01246,Consumer,United Kingdom,Paid Search,Electronics,ELE-024,3,917.88,GBP,15,13.82,False,Paid
OL-0000030,ORD-000017,24/06/2026,CUS-C-01218,Consumer,France,Paid Search,Electronics,ELE-001,1,578.3,EUR,10,12.05,False,Pending
OL-0002233,ORD-001335,2026-03-03,CUS-S-00140,Small Business,Spain,Social,Electronics,ELE-008,1,1163.07,EUR,15,12.61,False,Paid
OL-0000890,ORD-000538,2026-01-16,CUS-S-00093,Small Business,United Kingdom,Email,Office,OFF-017,1,8.39,GBP,0,3.3,False,Paid
OL-0003066,ORD-001825,2026-05-19,CUS-C-00553,Consumer,Germany,Marketplace,Electronics,ELE-025,1,419.73,EUR,15,11.72,False,Paid
OL-0001631,ORD-000974,2026-03-03,CUS-C-00170,Consumer,United Kingdom,Organic,Office,OFF-019,1,13.52,GBP,0,4.39,False,Paid
OL-0000752,ORD-000451,2026-05-20,CUS-C-00120,Consumer,Germany,Email,Electronics,ELE-014,1,183.69,EUR,20,12.72,False,Paid
OL-0002359,ORD-001407,2026-03-03,CUS-C-01283,Consumer,Germany,Paid Search,Home,HOM-008,2,73.38,EUR,15,8.32,False,Paid
OL-0000585,ORD-000357,2026-02-17,CUS-C-00990,Consumer,Spain,Organic,Home,HOM-019,1,65.98,EUR,15,6.5,False,Paid
OL-0001935,ORD-001148,08/01/2026,CUS-S-00385,Small Business,France,Organic,Office,OFF-031,1,55.52,EUR,0,5.33,False,Paid
OL-0004983,ORD-002980,2026-05-26,CUS-B-00114,Corporate,United Kingdom,Paid Search,Home,HOM-034,1,283.16,GBP,0,8.64,False,Paid
OL-0002351,ORD-001403,2026-02-09,,Small Business,Germany,Marketplace,Office,OFF-026,6,21.91,EUR,0,3.72,False,Paid
OL-0005606,ORD-003361,2026-02-18,CUS-C-00828,Consumer,France,Organic,Office,OFF-012,2,81.38,EUR,5,5.21,False,Paid
OL-0005215,ORD-003116,2026-06-23,CUS-S-00479,Small Business,France,Social,Electronics,ELE-007,1,456.06,EUR,15,15.6,False,Paid
OL-0003847,ORD-002297,27/05/2026,CUS-B-00154,Corporate,Germany,Marketplace,Office,OFF-025,4,9.72,EUR,0,4.22,False,Paid
OL-0005119,ORD-003062,2026-04-05,,Consumer,Spain,Social,Home,HOM-011,2,89.69,EUR,10,8.67,False,Paid
OL-0001119,ORD-000667,19/04/2026,CUS-S-00500,Small Business,Germany,Marketplace,Electronics,ELE-007,2,484.67,EUR,20,12.61,False,Paid
OL-0002318,ORD-001385,2026-06-20,CUS-S-00485,Small Business,Germany,Social,Office,OFF-033,-1,34.89,EUR,0,3.97,True,Refunded
OL-0001345,ORD-000810,26/06/2026,,Consumer,Germany,Social,Office,OFF-007,4,41.33,EUR,0,3.99,False,Paid
OL-0003442,ORD-002050,2026-05-25,CUS-B-00018,Corporate,United Kingdom,Paid Search,Office,OFF-026,3,17.57,GBP,0,4.16,False,Paid
OL-0004636,ORD-002769,26/02/2026,CUS-C-01005,Consumer,United Kingdom,Social,Electronics,ELE-037,1,237.88,GBP,15,9.72,False,Paid
OL-0000170,ORD-000104,14/02/2026,CUS-C-00459,Consumer,Germany,Paid Search,Electronics,ELE-024,1,1059.19,EUR,0,15.47,False,Paid
OL-0000970,ORD-000585,09/04/2026,CUS-C-01105,Consumer,Germany,Email,Electronics,ELE-006,1,219.18,EUR,10,11.18,False,Paid
OL-0000180,ORD-000110,2026-04-23,CUS-S-00213,Small Business,United States,Email,Electronics,ELE-039,1,240.11,USD,10,13.36,False,Paid
OL-0002795,ORD-001667,2026-03-07,CUS-C-00720,Consumer,Germany,Marketplace,Home,HOM-003,1,161.67,EUR,0,9.51,False,Pending
OL-0001508,ORD-000903,2026-06-25,CUS-C-00733,Consumer,Spain,Email,Office,OFF-040,2,56.45,EUR,0,5.38,False,Paid
OL-0004047,ORD-002422,2026-04-19,,Consumer,Spain,Paid Search,Home,HOM-040,-2,302.33,EUR,0,10.02,True,Refunded
OL-0002139,ORD-001278,2026-03-27,,Consumer,Germany,Marketplace,Office,OFF-034,4,73.06,EUR,0,5.7,False,Paid
OL-0002328,ORD-001389,2026-01-27,CUS-C-00469,Consumer,Germany,Email,Electronics,ELE-011,2,1248.93,EUR,0,14.61,False,Paid
OL-0003488,ORD-002077,2026-03-01,CUS-B-00100,Corporate,France,Paid Search,Home,HOM-038,2,97.28,EUR,0,8.09,False,Paid
OL-0004537,ORD-002710,2026-01-15,CUS-C-00007,Consumer,Germany,Paid Search,Electronics,ELE-017,1,804.11,EUR,0,11.6,False,Paid
OL-0005287,ORD-003161,02/03/2026,CUS-C-00359,Consumer,France,Organic,Home,HOM-014,1,195.91,EUR,0,9.68,False,Paid
OL-0005496,ORD-003289,2026-04-04,CUS-S-00321,Small Business,Germany,Email,Office,OFF-001,6,58.5,EUR,0,4.12,False,Paid
OL-0001868,ORD-001113,2026-02-13,CUS-C-00443,Consumer,Germany,Email,Electronics,ELE-031,1,208.81,EUR,0,14.1,False,Pending
OL-0000091,ORD-000054,2026-05-29,CUS-C-00561,Consumer,Germany,Email,Home,HOM-028,1,341.76,EUR,0,9.44,False,Paid
OL-0002816,ORD-001679,2026-05-13,CUS-C-01050,Consumer,Spain,Paid Search,Office,OFF-008,-1,7.92,EUR,0,5.7,True,Refunded
OL-0003410,ORD-002030,2026-06-19,CUS-C-00718,Consumer,United States,Paid Search,Electronics,ELE-008,1,1288.51,USD,25,14.36,False,Paid
OL-0002406,ORD-001431,2026-05-28,CUS-S-00451,Small Business,Spain,Email,Home,HOM-017,-1,52.42,EUR,15,10.39,True,Refunded
OL-0002472,ORD-001471,05/06/2026,CUS-C-01355,Consumer,United Kingdom,Email,Home,HOM-006,1,71.7,GBP,0,6.68,False,Paid
OL-0000625,ORD-000382,2026-05-11,CUS-S-00140,Small Business,France,Email,Office,OFF-038,1,61.87,EUR,0,5.93,False,Paid
OL-0000070,ORD-000041,2026-04-22,,Consumer,France,Social,Office,OFF-035,2,34.67,EUR,0,3.85,False,Paid
OL-0003625,ORD-002164,2026-05-09,CUS-S-00005,Small Business,France,Email,Home,HOM-032,1,239.47,EUR,0,7.23,False,Paid
OL-0001506,ORD-000901,02/05/2026,CUS-C-00490,Consumer,Germany,Organic,Electronics,ELE-027,1,672.23,EUR,0,13.22,False,Paid
OL-0003492,ORD-002078,2026-06-18,,Consumer,France,Marketplace,Office,OFF-039,3,19.97,EUR,0,4.81,False,Paid
OL-0005138,ORD-003074,2026-01-18,CUS-C-00992,Consumer,France,Organic,Home,HOM-024,3,83.15,EUR,0,6.52,False,Paid
OL-0004670,ORD-002790,12/06/2026,CUS-C-00872,Consumer,Spain,Organic,Office,OFF-038,3,58.77,EUR,0,5.27,False,Paid
OL-0000765,ORD-000458,22/04/2026,,Corporate,Spain,Marketplace,Office,OFF-038,5,62.26,EUR,0,4.49,False,Paid
OL-0000294,ORD-000180,2026-03-28,,Small Business,Germany,Marketplace,Electronics,ELE-040,2,322.92,EUR,0,14.74,False,Paid
OL-0004353,ORD-002604,2026-06-24,CUS-C-01240,Consumer,Spain,Marketplace,Office,OFF-031,2,57.26,EUR,0,3.67,False,Paid
OL-0000446,ORD-000274,01/04/2026,CUS-B-00171,Corporate,France,Organic,Electronics,ELE-012,3,538.63,EUR,20,11.35,False,Paid
OL-0000469,ORD-000291,23/02/2026,CUS-C-01097,Consumer,Spain,Paid Search,Electronics,ELE-025,1,428.23,EUR,0,10.08,False,Paid
OL-0003436,ORD-002045,2026-06-26,CUS-S-00128,Small Business,Germany,Organic,Office,OFF-019,1,15.09,EUR,0,5.71,False,Paid
OL-0001220,ORD-000724,2026-03-27,CUS-S-00564,Small Business,France,Organic,Office,OFF-029,2,88.74,EUR,0,5.13,False,Paid
OL-0000433,ORD-000264,2026-03-13,CUS-S-00589,Small Business,France,Organic,Electronics,ELE-038,2,506.27,EUR,0,11.16,False,Paid
OL-0003188,ORD-001895,24/03/2026,CUS-C-01494,Consumer,France,Paid Search,Electronics,ELE-013,1,338.9,EUR,15,10.15,False,Paid
OL-0001489,ORD-000890,2026-03-02,CUS-C-00615,Consumer,France,Organic,Office,OFF-032,1,52.02,EUR,0,4.69,False,Paid
OL-0003548,ORD-002115,05/06/2026,CUS-C-01222,Consumer,Spain,Social,Electronics,ELE-008,1,1134.65,EUR,0,10.85,False,Paid
OL-0003752,ORD-002240,2026-02-01,CUS-C-00569,Consumer,United Kingdom,Email,Electronics,ELE-015,1,165.25,GBP,15,12.2,False,Paid
OL-0000578,ORD-000353,2026-06-12,CUS-S-00441,Small Business,United Kingdom,Paid Search,Office,OFF-017,2,8.05,GBP,0,4.62,False,Paid
OL-0002174,ORD-001301,2026-02-16,CUS-B-00116,Corporate,Germany,Paid Search,Office,OFF-002,2,10.8,EUR,0,4.82,False,Paid
OL-0000246,ORD-000153,19/05/2026,CUS-C-00024,Consumer,United Kingdom,Organic,Office,OFF-005,1,44.53,GBP,20,4.99,False,Paid
OL-0004191,ORD-002506,2026-06-19,,Small Business,Spain,Email,Office,OFF-031,1,58.42,EUR,0,4.7,False,Paid
OL-0000368,ORD-000224,11/01/2026,CUS-B-00060,Corporate,Spain,Email,Electronics,ELE-040,1,320.75,EUR,15,10.33,False,Paid
OL-0004569,ORD-002729,2026-04-30,CUS-C-01030,Consumer,France,Organic,Office,OFF-024,4,18.1,EUR,0,3.66,False,Paid
OL-0002901,ORD-001725,02/06/2026,CUS-C-00905,Consumer,Germany,Marketplace,Home,HOM-023,1,46.18,EUR,10,10.24,False,Paid
OL-0001612,ORD-000963,26/05/2026,CUS-S-00098,Small Business,Spain,Email,Office,OFF-001,1,54.55,EUR,15,6.02,False,Paid
OL-0002846,ORD-001698,2026-06-10,CUS-B-00214,Corporate,Spain,Organic,Home,HOM-018,2,47.65,EUR,0,10.48,False,Paid
OL-0003785,ORD-002262,2026-05-22,CUS-B-00239,Corporate,United States,Organic,Home,HOM-005,1,280.53,USD,15,9.38,False,Paid
OL-0004210,ORD-002518,2026-04-24,CUS-B-00220,Corporate,France,Organic,Office,OFF-029,6,89.15,EUR,0,4.64,False,Paid
OL-0005501,ORD-003293,01/01/2026,CUS-C-01445,Consumer,Germany,Social,Electronics,ELE-039,1,224.56,EUR,10,11.49,False,Paid
OL-0001243,ORD-000744,16/01/2026,CUS-C-00253,Consumer,France,Organic,Home,HOM-007,1,136.08,EUR,0,9.35,False,Paid
OL-0002371,ORD-001412,28/04/2026,CUS-C-00214,Consumer,Germany,Organic,Electronics,ELE-027,1,668.05,EUR,15,16.59,False,Paid
OL-0004270,ORD-002554,2026-02-03,CUS-S-00218,Small Business,Germany,Social,Home,HOM-031,1,76.04,EUR,10,8.91,False,Paid
OL-0004473,ORD-002672,2026-06-26,CUS-C-01262,Consumer,France,Organic,Electronics,ELE-015,1,190.12,EUR,5,11.14,False,Paid
OL-0004386,ORD-002622,2026-01-30,,Small Business,France,Marketplace,Home,HOM-040,2,296.43,EUR,20,8.94,False,Paid
OL-0000556,ORD-000342,2026-03-14,CUS-S-00520,Small Business,Germany,Email,Home,HOM-037,1,139.96,EUR,0,6.78,False,Paid
OL-0002164,ORD-001293,03/05/2026,CUS-S-00519,Small Business,France,Email,Electronics,ELE-035,1,445.9,EUR,15,10.41,False,Paid
OL-0004559,ORD-002722,2026-02-10,CUS-C-00484,Consumer,Germany,Marketplace,Electronics,ELE-016,2,377.63,EUR,20,15.29,False,Paid
OL-0000558,ORD-000342,2026-03-14,CUS-S-00520,Small Business,Germany,Email,Electronics,ELE-022,2,367.76,EUR,5,14.06,False,Paid
OL-0004743,ORD-002830,02/05/2026,CUS-S-00356,Small Business,Germany,Marketplace,Office,OFF-021,3,29.89,EUR,0,4.51,False,Paid
OL-0002826,ORD-001684,2026-03-17,CUS-C-00033,Consumer,Germany,Social,Electronics,ELE-036,1,1187.92,EUR,0,10.1,False,Paid
OL-0004276,ORD-002558,2026-06-01,CUS-C-00711,Consumer,United States,Organic,Electronics,ELE-020,1,501.4,USD,20,11.83,False,Paid
OL-0001964,ORD-001167,2026-05-01,CUS-S-00164,Small Business,France,Email,Home,HOM-030,1,132.13,EUR,0,8.83,False,Paid
OL-0004265,ORD-002552,2026-04-01,CUS-C-01270,Consumer,Germany,Paid Search,Home,HOM-035,1,196.07,EUR,0,8.91,False,Paid
OL-0003290,ORD-001956,2026-05-20,CUS-B-00120,Corporate,United Kingdom,Marketplace,Office,OFF-010,2,10.36,GBP,0,4.3,False,Paid
OL-0005585,ORD-003346,23/06/2026,CUS-C-01028,Consumer,Spain,Social,Electronics,ELE-022,2,382.98,EUR,0,14.74,False,Paid
OL-0000152,ORD-000096,2026-01-01,CUS-B-00059,Corporate,United Kingdom,Organic,Electronics,ELE-031,1,181.8,GBP,15,9.69,False,Paid
OL-0004675,ORD-002793,2026-01-11,CUS-C-00483,Consumer,Spain,Email,Electronics,ELE-001,1,584.32,EUR,0,10.87,False,Paid
OL-0004733,ORD-002825,2026-06-30,CUS-C-01369,Consumer,France,Marketplace,Home,HOM-029,1,71.26,EUR,15,8.74,False,Paid
OL-0004759,ORD-002841,2026-01-04,CUS-S-00205,Small Business,United Kingdom,Paid Search,Home,HOM-009,1,112.04,GBP,0,8.54,False,Paid
OL-0005271,ORD-003151,2026-04-12,CUS-C-00037,Consumer,France,Paid Search,Office,OFF-024,4,17.19,EUR,0,5.59,False,Paid
OL-0004215,ORD-002522,2026-02-09,CUS-S-00535,Small Business,United Kingdom,Email,Electronics,ELE-003,1,364.58,GBP,10,13.44,False,Pending
OL-0003495,ORD-002081,2026-05-27,,Corporate,Spain,Email,Home,HOM-029,1,71.31,EUR,15,8.38,False,Paid
OL-0000268,ORD-000167,2026-06-15,CUS-S-00303,Small Business,Germany,Paid Search,Electronics,ELE-011,2,1259.04,EUR,10,11.5,False,Paid
OL-0003693,ORD-002204,2026-06-11,CUS-B-00195,Corporate,United Kingdom,Paid Search,Home,HOM-019,4,58.61,GBP,20,8.64,False,Paid
OL-0004621,ORD-002761,2026-06-28,CUS-B-00055,Corporate,United States,Social,Office,OFF-006,2,28.58,USD,0,6.54,False,Paid
OL-0003608,ORD-002152,2026-03-04,CUS-C-00095,Consumer,Spain,Email,Home,HOM-030,1,124.17,EUR,0,7.62,False,Paid
OL-0001756,ORD-001049,23/04/2026,CUS-C-01270,Consumer,Germany,Paid Search,Office,OFF-011,2,18.67,EUR,0,5.5,False,Paid
OL-0005274,ORD-003153,2026-04-21,,Consumer,United Kingdom,Marketplace,Home,HOM-032,1,204.29,GBP,15,6.71,False,Paid
OL-0004560,ORD-002722,2026-02-10,CUS-C-00484,Consumer,Germany,Marketplace,Home,HOM-035,3,198.84,EUR,10,8.73,False,Paid
OL-0000749,ORD-000449,13/02/2026,CUS-C-00035,Consumer,Germany,Social,Electronics,ELE-024,1,1083.48,EUR,20,13.01,False,Paid
OL-0005781,ORD-003462,2026-01-31,CUS-C-01119,Consumer,Spain,Marketplace,Home,HOM-010,1,143.26,EUR,0,8.84,False,Paid
OL-0001534,ORD-000915,2026-05-03,,Consumer,United Kingdom,Organic,Electronics,ELE-027,1,542.08,GBP,20,13.96,False,Paid
OL-0001043,ORD-000623,25/05/2026,,Small Business,United Kingdom,Social,Home,HOM-026,3,172.18,GBP,0,8.95,False,Paid
OL-0005492,ORD-003286,2026-01-19,CUS-C-01500,Consumer,Spain,Email,Office,OFF-018,2,11.88,EUR,0,4.67,False,Paid
OL-0003880,ORD-002318,15/05/2026,CUS-C-00337,Consumer,Spain,Organic,Electronics,ELE-009,1,222.62,EUR,10,15.11,False,Pending
OL-0002664,ORD-001586,2026-05-16,CUS-S-00389,Small Business,Germany,Organic,Home,HOM-012,1,131.84,EUR,0,7.0,False,Paid
OL-0005107,ORD-003054,10/02/2026,CUS-C-01007,Consumer,Spain,Paid Search,Home,HOM-012,1,131.82,EUR,0,9.5,False,Paid
OL-0001558,ORD-000929,02/05/2026,CUS-C-00365,Consumer,France,Organic,Electronics,ELE-020,-1,471.81,EUR,10,16.2,True,Paid
OL-0000492,ORD-000300,30/05/2026,CUS-B-00146,Corporate,United States,Paid Search,Office,OFF-014,1,29.69,USD,0,4.14,False,Paid
OL-0004374,ORD-002618,06/06/2026,CUS-C-00488,Consumer,United Kingdom,Email,Electronics,ELE-009,1,182.51,GBP,20,11.85,False,Paid
OL-0003383,ORD-002008,2026-03-30,CUS-S-00404,Small Business,Germany,Email,Electronics,ELE-020,1,461.35,EUR,0,13.28,False,Pending
OL-0005528,ORD-003309,12/01/2026,CUS-S-00596,Small Business,Spain,Social,Office,OFF-039,2,21.14,EUR,15,4.87,False,Paid
OL-0000472,ORD-000292,2026-02-04,CUS-C-00908,Consumer,France,Organic,Home,HOM-011,2,92.02,EUR,10,6.93,False,Paid
OL-0005304,ORD-003171,23/03/2026,,Consumer,Spain,Marketplace,Home,HOM-004,1,55.52,EUR,15,8.32,False,Paid
OL-0002313,ORD-001383,2026-04-09,,Consumer,Germany,Marketplace,Home,HOM-025,1,129.36,EUR,15,10.76,False,Paid
OL-0005598,ORD-003356,08/05/2026,CUS-C-00567,Consumer,United States,Social,Electronics,ELE-020,1,506.98,USD,10,14.89,False,Paid
OL-0000808,ORD-000488,21/03/2026,CUS-S-00286,Small Business,France,Marketplace,Home,HOM-009,1,129.47,EUR,15,9.41,False,Paid
OL-0005671,ORD-003398,04/03/2026,CUS-B-00053,Corporate,United Kingdom,Social,Electronics,ELE-010,2,1016.52,GBP,0,13.43,False,Paid
OL-0004880,ORD-002919,2026-04-18,CUS-S-00217,Small Business,France,Organic,Home,HOM-015,1,140.29,EUR,15,8.69,False,Paid
OL-0000897,ORD-000541,23/04/2026,CUS-C-01382,Consumer,Spain,Social,Electronics,ELE-027,1,637.27,EUR,20,12.73,False,Paid
OL-0005372,ORD-003209,2026-06-16,CUS-B-00150,Corporate,Germany,Social,Office,OFF-031,8,59.21,EUR,10,5.27,False,Paid
OL-0002504,ORD-001491,30/01/2026,CUS-S-00387,Small Business,Germany,Paid Search,Office,OFF-003,1,10.81,EUR,0,4.41,False,Paid
OL-0005684,ORD-003405,2026-05-22,CUS-C-00365,Consumer,Spain,Paid Search,Electronics,ELE-007,2,488.71,EUR,0,11.15,False,Paid
OL-0004323,ORD-002586,2026-05-03,CUS-S-00424,Small Business,France,Email,Electronics,ELE-024,-1,1046.63,EUR,15,15.58,True,Refunded
OL-0000355,ORD-000217,29/03/2026,,Consumer,Spain,Marketplace,Office,OFF-034,1,73.41,EUR,10,5.75,False,Paid
OL-0000252,ORD-000157,2026-02-09,CUS-B-00010,Corporate,United Kingdom,Social,Home,HOM-022,1,59.66,GBP,0,8.12,False,Paid
OL-0000186,ORD-000115,2026-06-24,CUS-S-00598,Small Business,Germany,Paid Search,Electronics,ELE-038,2,519.06,EUR,0,11.69,False,Paid
OL-0002379,ORD-001414,2026-04-19,CUS-C-00966,Consumer,United Kingdom,Social,Home,HOM-012,1,118.6,GBP,0,8.47,False,Paid
OL-0001184,ORD-000706,2026-01-25,,Corporate,Spain,Marketplace,Office,OFF-022,8,22.62,EUR,0,4.85,False,Paid
OL-0002111,ORD-001261,2026-01-27,CUS-B-00232,Corporate,Germany,Social,Home,HOM-011,1,89.73,EUR,10,7.83,False,Paid
OL-0004275,ORD-002557,2026-05-03,CUS-S-00399,Small Business,United Kingdom,Organic,Office,OFF-037,2,10.92,GBP,0,4.21,False,Paid
OL-0000228,ORD-000141,10/05/2026,CUS-S-00352,Small Business,United Kingdom,Organic,Electronics,ELE-031,1,186.48,GBP,20,10.23,False,Paid
OL-0002154,ORD-001286,13/05/2026,CUS-C-00292,Consumer,Germany,Paid Search,Home,HOM-026,3,201.66,EUR,0,6.97,False,Paid
OL-0005768,ORD-003456,2026-01-12,CUS-S-00320,Small Business,Germany,Organic,Office,OFF-008,2,8.46,EUR,0,5.94,False,Paid
OL-0001296,ORD-000779,27/04/2026,CUS-B-00155,Corporate,Spain,Paid Search,Office,OFF-007,4,40.74,EUR,0,5.05,False,Paid
OL-0000982,ORD-000594,11/01/2026,CUS-B-00076,Corporate,Germany,Paid Search,Electronics,ELE-004,1,1016.51,EUR,15,13.74,False,Paid
OL-0004852,ORD-002904,2026-06-17,CUS-C-00804,Consumer,France,Organic,Office,OFF-028,1,26.52,EUR,0,5.27,False,Paid
OL-0003939,ORD-002356,2026-04-13,CUS-C-01266,Consumer,Germany,Organic,Office,OFF-029,4,87.04,EUR,0,5.47,False,Paid
OL-0005461,ORD-003268,2026-01-09,CUS-C-00947,Consumer,United Kingdom,Marketplace,Home,HOM-014,1,159.73,GBP,20,8.0,False,Paid
OL-0002803,ORD-001672,2026-01-02,CUS-C-01182,Consumer,Spain,Marketplace,Office,OFF-022,1,23.22,EUR,0,4.6,False,Paid
OL-0003185,ORD-001893,2026-06-21,,Consumer,France,Marketplace,Electronics,ELE-020,1,471.35,EUR,10,13.44,False,Paid
OL-0001906,ORD-001131,2026-06-04,CUS-S-00541,Small Business,France,Organic,Office,OFF-008,1,7.77,EUR,0,5.49,False,Paid
OL-0005037,ORD-003013,2026-03-01,CUS-S-00541,Small Business,Germany,Social,Office,OFF-018,3,11.86,EUR,0,5.96,False,Paid
OL-0002224,ORD-001330,14/05/2026,CUS-C-00715,Consumer,France,Paid Search,Electronics,ELE-004,1,1044.8,EUR,20,15.99,False,Paid
OL-0003839,ORD-002291,29/01/2026,CUS-S-00022,Small Business,Spain,Paid Search,Electronics,ELE-007,1,498.36,EUR,20,11.76,False,Paid
OL-0003182,ORD-001891,2026-04-12,CUS-B-00217,Corporate,France,Marketplace,Electronics,ELE-031,1,223.48,EUR,25,14.69,False,Paid
OL-0000293,ORD-000180,2026-03-28,,Small Business,Germany,Marketplace,Office,OFF-025,1,10.12,EUR,0,4.11,False,Paid
OL-0002722,ORD-001622,17/06/2026,CUS-C-00776,Consumer,Germany,Paid Search,Home,HOM-019,1,66.92,EUR,0,8.72,False,Paid
OL-0000550,ORD-000338,31/03/2026,CUS-C-00782,Consumer,France,Social,Office,OFF-009,1,78.36,EUR,0,6.0,False,Paid
OL-0004255,ORD-002545,2026-06-11,CUS-B-00123,Corporate,Germany,Email,Office,OFF-005,4,53.46,EUR,0,5.71,False,Paid
OL-0005530,ORD-003310,2026-05-05,CUS-S-00493,Small Business,Spain,Paid Search,Electronics,ELE-035,1,454.27,EUR,20,14.34,False,Paid
OL-0001570,ORD-000937,2026-01-02,,Consumer,Spain,Marketplace,Electronics,ELE-003,1,437.68,EUR,15,13.31,False,Paid
OL-0001076,ORD-000641,2026-03-14,CUS-S-00487,Small Business,Germany,Organic,Electronics,ELE-027,1,673.58,EUR,0,10.98,False,Paid
OL-0004441,ORD-002652,19/01/2026,CUS-S-00129,Small Business,France,Organic,Electronics,ELE-040,1,326.62,EUR,10,15.39,False,Paid
OL-0002448,ORD-001454,25/03/2026,CUS-C-00436,Consumer,France,Email,Home,HOM-022,2,65.49,EUR,20,9.19,False,Paid
OL-0001323,ORD-000795,11/05/2026,CUS-S-00466,Small Business,France,Organic,Office,OFF-013,3,49.76,EUR,0,6.01,False,Paid
OL-0005060,ORD-003028,2026-03-04,,Consumer,United Kingdom,Marketplace,Office,OFF-033,2,28.09,GBP,0,5.07,False,Paid
OL-0002969,ORD-001764,2026-05-19,CUS-C-01267,Consumer,United Kingdom,Paid Search,Home,HOM-023,1,39.99,GBP,0,9.12,False,Paid
OL-0003210,ORD-001910,2026-01-08,CUS-B-00142,Corporate,Germany,Organic,Electronics,ELE-015,1,181.21,EUR,10,11.66,False,Paid
OL-0002671,ORD-001592,2026-05-23,CUS-C-01034,Consumer,France,Social,Office,OFF-001,7,61.35,EUR,0,5.07,False,Paid
OL-0002421,ORD-001439,04/02/2026,CUS-S-00579,Small Business,Germany,Paid Search,Home,HOM-009,1,134.72,EUR,0,10.32,False,Paid
OL-0003735,ORD-002230,2026-06-09,CUS-B-00200,Corporate,France,Paid Search,Electronics,ELE-028,2,197.35,EUR,5,11.45,False,Paid
OL-0005110,ORD-003055,2026-04-10,CUS-B-00105,Corporate,United Kingdom,Email,Home,HOM-028,1,270.27,GBP,0,8.21,False,Paid
OL-0003054,ORD-001817,2026-06-10,CUS-C-01331,Consumer,Spain,Email,Office,OFF-001,4,55.6,EUR,0,4.64,False,Pending
OL-0002835,ORD-001691,18/03/2026,CUS-B-00064,Corporate,France,Organic,Home,HOM-035,1,193.66,EUR,15,10.5,False,Paid
OL-0003718,ORD-002218,04/04/2026,CUS-S-00322,Small Business,United Kingdom,Organic,Office,OFF-010,2,10.32,GBP,0,5.19,False,Paid
OL-0003338,ORD-001983,2026-04-06,CUS-C-00637,Consumer,Germany,Email,Office,OFF-033,7,34.21,EUR,0,4.36,False,Paid
OL-0003197,ORD-001902,2026-03-17,CUS-S-00411,Small Business,France,Marketplace,Home,HOM-018,2,48.8,EUR,15,8.09,False,Paid
OL-0004867,ORD-002910,2026-06-23,CUS-C-01461,Consumer,United Kingdom,Paid Search,Office,OFF-001,1,50.32,GBP,0,4.53,False,Paid
OL-0003741,ORD-002234,2026-02-22,CUS-S-00240,Small Business,France,Social,Office,OFF-008,500,8.03,EUR,0,4.34,False,Paid
OL-0004887,ORD-002922,11/04/2026,CUS-B-00228,Corporate,France,Email,Electronics,ELE-040,2,341.68,EUR,10,11.92,False,Paid
OL-0005801,ORD-003475,13/01/2026,CUS-S-00115,Small Business,Germany,Social,Office,OFF-036,5,19.52,EUR,0,3.88,False,Paid
OL-0001143,ORD-000680,2026-05-07,,Consumer,France,Marketplace,Electronics,ELE-025,1,418.95,EUR,10,16.47,False,Paid
OL-0004644,ORD-002773,2026-03-20,CUS-S-00395,Small Business,Germany,Paid Search,Office,OFF-001,1,56.5,EUR,0,3.7,False,Paid
OL-0000933,ORD-000564,2026-06-26,,Corporate,Spain,Marketplace,Office,OFF-003,4,11.83,EUR,0,4.08,False,Paid
OL-0000614,ORD-000376,2026-06-23,CUS-C-01273,Consumer,France,Social,Home,HOM-013,1,104.93,EUR,0,10.78,False,Paid
OL-0002228,ORD-001333,2026-05-23,CUS-S-00446,Small Business,Spain,Email,Office,OFF-016,4,8.78,EUR,0,3.88,False,Paid
OL-0004739,ORD-002827,2026-05-16,CUS-C-00444,Consumer,United States,Marketplace,Office,OFF-010,1,13.18,USD,0,4.16,False,Paid
OL-0003241,ORD-001931,2026-06-11,CUS-S-00505,Small Business,France,Email,Home,HOM-030,1,133.69,EUR,0,7.86,False,Paid
OL-0003470,ORD-002066,07/03/2026,CUS-C-01180,Consumer,France,Organic,Home,HOM-034,1,332.57,EUR,0,10.68,False,Paid
OL-0005051,ORD-003022,07/02/2026,,Consumer,France,Marketplace,Home,HOM-010,-2,142.84,EUR,0,10.13,True,Paid
OL-0004692,ORD-002800,30/01/2026,,Small Business,Spain,Social,Electronics,ELE-007,1,508.97,EUR,15,14.38,False,Pending
OL-0003816,ORD-002278,2026-04-30,CUS-S-00160,Small Business,United States,Marketplace,Home,HOM-030,1,146.9,USD,15,11.4,False,Paid
OL-0004102,ORD-002452,2026-05-01,CUS-C-00184,Consumer,Germany,Organic,Office,OFF-002,2,11.7,EUR,0,5.39,False,Paid
OL-0005408,ORD-003235,2026-03-08,CUS-C-00508,Consumer,Germany,Organic,Office,OFF-008,4,8.55,EUR,0,5.27,False,Paid
OL-0000506,ORD-000310,17/06/2026,,Consumer,Spain,Paid Search,Home,HOM-038,1,94.01,EUR,0,7.1,False,Paid
OL-0001510,ORD-000905,17/04/2026,,Small Business,France,Marketplace,Home,HOM-012,1,124.02,EUR,0,7.96,False,Paid
OL-0001667,ORD-000995,2026-06-13,CUS-C-00340,Consumer,Germany,Paid Search,Electronics,ELE-007,1,490.36,EUR,15,12.11,False,Paid
OL-0000273,ORD-000170,13/05/2026,CUS-S-00310,Small Business,France,Organic,Electronics,ELE-026,1,233.88,EUR,20,16.77,False,Paid
OL-0002116,ORD-001264,10/02/2026,CUS-C-00104,Consumer,France,Social,Electronics,ELE-035,2,444.5,EUR,10,11.32,False,Pending
OL-0005165,ORD-003090,2026-03-05,CUS-C-01155,Consumer,Spain,Paid Search,Home,HOM-019,1,68.54,EUR,15,8.37,False,Paid
OL-0004506,ORD-002693,24/06/2026,CUS-C-01134,Consumer,Germany,Email,Office,OFF-039,3,20.17,EUR,0,5.01,False,Paid
OL-0001486,ORD-000888,15/03/2026,CUS-S-00530,Small Business,France,Paid Search,Home,HOM-016,1,275.05,EUR,10,9.08,False,Paid
OL-0004302,ORD-002574,29/04/2026,CUS-C-01293,Consumer,United Kingdom,Paid Search,Home,HOM-005,1,229.54,GBP,10,8.78,False,Paid
OL-0000702,ORD-000423,25/05/2026,CUS-B-00042,Corporate,Spain,Organic,Electronics,ELE-033,2,829.39,EUR,0,16.08,False,Paid
OL-0003834,ORD-002289,22/01/2026,CUS-B-00157,Corporate,France,Email,Electronics,ELE-027,1,662.61,EUR,15,10.15,False,Paid
OL-0003590,ORD-002143,2026-06-23,CUS-C-00291,Consumer,France,Email,Office,OFF-021,4,30.13,EUR,0,5.9,False,Paid
OL-0000107,ORD-000064,2026-05-29,CUS-S-00234,Small Business,United Kingdom,Email,Office,OFF-039,-2,17.04,GBP,0,3.47,True,Refunded
OL-0005048,ORD-003020,2026-01-21,CUS-C-00774,Consumer,France,Social,Office,OFF-029,3,86.67,EUR,0,3.75,False,Paid
OL-0005001,ORD-002992,22/04/2026,CUS-B-00079,Corporate,Germany,Organic,Office,OFF-021,5,30.24,EUR,0,5.97,False,Paid
OL-0005318,ORD-003176,20/06/2026,CUS-C-00161,Consumer,United Kingdom,Organic,Office,OFF-002,3,9.51,GBP,15,4.52,False,Paid
OL-0004768,ORD-002848,2026-04-13,CUS-B-00230,Corporate,Germany,Organic,Office,OFF-034,7,71.8,EUR,0,5.79,False,Paid
OL-0005242,ORD-003135,2026-05-19,CUS-C-00576,Consumer,United Kingdom,Social,Home,HOM-026,2,175.98,GBP,5,5.69,False,Paid
OL-0003850,ORD-002299,2026-05-01,CUS-C-00897,Consumer,France,Organic,Office,OFF-028,1,26.18,EUR,0,4.36,False,Paid
OL-0000953,ORD-000575,25/05/2026,,Consumer,United States,Marketplace,Home,HOM-004,2,58.08,USD,0,11.66,False,Paid
OL-0002365,ORD-001409,07/03/2026,CUS-C-00447,Consumer,Spain,Paid Search,Home,HOM-023,1,45.96,EUR,0,9.57,False,Paid
OL-0003896,ORD-002329,2026-06-10,CUS-S-00557,Small Business,Germany,Email,Home,HOM-005,1,261.53,EUR,0,10.49,False,Paid
OL-0003840,ORD-002292,06/04/2026,CUS-B-00132,Corporate,Spain,Paid Search,Electronics,ELE-023,1,488.5,EUR,20,12.5,False,Pending
OL-0002651,ORD-001580,2026-05-15,CUS-S-00585,Small Business,Germany,Social,Electronics,ELE-025,1,431.42,EUR,25,10.17,False,Paid
OL-0003227,ORD-001920,09/03/2026,CUS-S-00500,Small Business,Spain,Email,Home,HOM-017,1,50.34,EUR,20,9.56,False,Paid
OL-0004931,ORD-002949,31/01/2026,CUS-C-00774,Consumer,Spain,Organic,Home,HOM-034,1,326.41,EUR,25,9.44,False,Paid
OL-0002911,ORD-001731,04/03/2026,CUS-C-01451,Consumer,Germany,Organic,Office,OFF-001,4,57.18,EUR,0,3.72,False,Paid
OL-0001085,ORD-000646,31/05/2026,CUS-S-00298,Small Business,Spain,Social,Office,OFF-027,1,54.78,EUR,25,5.23,False,Paid
OL-0003540,ORD-002108,2026-01-21,CUS-C-01169,Consumer,France,Organic,Home,HOM-021,1,137.89,EUR,15,8.36,False,Paid
OL-0003545,ORD-002113,11/02/2026,CUS-C-00322,Consumer,Spain,Social,Office,OFF-002,2,11.45,EUR,0,5.98,False,Paid
OL-0004642,ORD-002772,18/02/2026,CUS-S-00398,Small Business,France,Email,Home,HOM-019,3,66.15,EUR,0,6.56,False,Paid
OL-0001421,ORD-000851,28/04/2026,CUS-C-01248,Consumer,France,Organic,Home,HOM-014,2,197.31,EUR,10,8.41,False,Paid
OL-0002771,ORD-001654,2026-02-20,CUS-C-00212,Consumer,United Kingdom,Paid Search,Office,OFF-039,2,17.38,GBP,0,5.08,False,Paid
OL-0001787,ORD-001066,2026-03-23,CUS-C-00920,Consumer,Spain,Organic,Home,HOM-001,1,267.86,EUR,0,8.51,False,Paid
OL-0004481,ORD-002678,2026-06-21,CUS-C-00017,Consumer,Spain,Marketplace,Home,HOM-005,1,265.14,EUR,15,8.76,False,Paid
OL-0001889,ORD-001123,2026-06-01,CUS-C-00958,Consumer,France,Paid Search,Home,HOM-028,1,338.99,EUR,10,8.93,False,Paid
OL-0005662,ORD-003393,2026-01-25,CUS-C-01326,Consumer,Spain,Paid Search,Electronics,ELE-022,1,386.08,EUR,20,16.02,False,Paid
OL-0005650,ORD-003386,11/05/2026,,Small Business,Spain,Social,Office,OFF-001,3,59.35,EUR,0,4.07,False,Paid
OL-0000417,ORD-000252,15/05/2026,CUS-C-00600,Consumer,Spain,Social,Home,HOM-019,1,65.84,EUR,0,8.26,False,Pending
OL-0001216,ORD-000723,2026-04-08,CUS-C-00225,Consumer,Germany,Organic,Office,OFF-010,3,11.62,EUR,0,5.84,False,Paid
OL-0004839,ORD-002897,08/01/2026,,Consumer,Spain,Email,Electronics,ELE-019,1,230.1,EUR,0,11.84,False,Paid
OL-0005747,ORD-003445,20/02/2026,CUS-C-00296,Consumer,France,Social,Home,HOM-016,2,274.19,EUR,15,10.73,False,Paid
OL-0000565,ORD-000345,05/04/2026,CUS-B-00071,Corporate,Germany,Social,Electronics,ELE-017,1,807.15,EUR,10,16.31,False,Paid
OL-0000479,ORD-000295,2026-02-23,CUS-C-01037,Consumer,France,Social,Home,HOM-032,4,241.12,EUR,10,7.04,False,Paid
OL-0001376,ORD-000825,2026-04-05,CUS-C-00517,Consumer,Germany,Paid Search,Electronics,ELE-029,2,1116.04,EUR,15,15.43,False,Paid
OL-0000143,ORD-000088,2026-06-30,CUS-C-01378,Consumer,Germany,Email,Home,HOM-023,4,46.58,EUR,25,9.87,False,Paid
OL-0001213,ORD-000720,2026-02-20,,Consumer,United Kingdom,Social,Office,OFF-028,6,22.84,GBP,0,3.69,False,Paid
OL-0005298,ORD-003166,2026-05-11,CUS-S-00193,Small Business,United States,Marketplace,Electronics,ELE-020,1,497.53,USD,0,15.33,False,Paid
OL-0001098,ORD-000655,2026-06-20,CUS-B-00162,Corporate,Germany,Organic,Office,OFF-007,4,40.7,EUR,0,3.95,False,Paid
OL-0002143,ORD-001280,2026-04-29,CUS-C-00947,Consumer,France,Email,Home,HOM-040,1,306.12,EUR,0,10.6,False,Paid
OL-0000606,ORD-000370,13/06/2026,CUS-C-00064,Consumer,France,Paid Search,Office,OFF-014,1,27.3,EUR,10,5.76,False,Paid
OL-0003787,ORD-002262,2026-05-22,CUS-B-00239,Corporate,United States,Organic,Office,OFF-012,8,89.75,USD,0,5.01,False,Paid
OL-0002576,ORD-001535,2026-06-07,CUS-C-00576,Consumer,United Kingdom,Email,Home,HOM-014,2,157.09,GBP,0,7.92,False,Paid
OL-0000498,ORD-000305,22/02/2026,CUS-C-00633,Consumer,France,Organic,Office,OFF-002,1,11.08,EUR,10,5.55,False,Paid
OL-0002543,ORD-001514,25/06/2026,CUS-S-00581,Small Business,Spain,Organic,Office,OFF-003,3,10.86,EUR,0,5.78,False,Paid
OL-0004482,ORD-002679,2026-02-22,CUS-S-00509,Small Business,United Kingdom,Organic,Office,OFF-014,3,25.01,GBP,0,3.85,False,Paid
OL-0005222,ORD-003121,2026-06-03,,Consumer,United Kingdom,Email,Office,OFF-012,1,70.09,GBP,0,5.1,False,Paid
OL-0002464,ORD-001465,2026-06-07,CUS-C-00683,Consumer,France,Email,Office,OFF-039,5,19.66,EUR,0,4.44,False,Paid
OL-0000722,ORD-000434,2026-04-01,CUS-C-00467,Consumer,Germany,Organic,Office,OFF-030,3,69.8,EUR,15,4.43,False,Paid
OL-0001087,ORD-000648,02/06/2026,CUS-S-00036,Small Business,Germany,Organic,Home,HOM-029,2,67.38,EUR,0,10.29,False,Paid
OL-0001026,ORD-000614,2026-05-14,CUS-C-00712,Consumer,United Kingdom,Organic,Home,HOM-029,2,58.62,GBP,5,7.67,False,Paid
OL-0001358,ORD-000816,2026-05-16,CUS-S-00130,Small Business,Spain,Organic,Office,OFF-040,6,58.88,EUR,0,5.31,False,Paid
OL-0003257,ORD-001941,25/05/2026,CUS-S-00106,Small Business,United States,Organic,Office,OFF-031,3,61.78,USD,0,6.27,False,Paid
OL-0002813,ORD-001677,2026-05-05,,Consumer,France,Marketplace,Office,OFF-036,1,19.57,EUR,0,5.44,False,Paid
OL-0003399,ORD-002021,2026-06-21,,Consumer,France,Marketplace,Electronics,ELE-011,1,1268.46,EUR,0,16.37,False,Paid
OL-0004812,ORD-002881,2026-04-29,CUS-C-00197,Consumer,Germany,Social,Home,HOM-019,1,68.26,EUR,0,9.61,False,Pending
OL-0004833,ORD-002895,17/02/2026,CUS-C-01193,Consumer,Spain,Email,Electronics,ELE-034,1,403.04,EUR,0,16.25,False,Paid
OL-0002893,ORD-001720,2026-01-13,,Consumer,France,Marketplace,Home,HOM-014,2,182.34,EUR,15,10.23,False,Paid
OL-0003408,ORD-002029,2026-03-28,CUS-B-00214,Corporate,France,Organic,Home,HOM-039,2,44.91,EUR,15,10.6,False,Paid
OL-0002958,ORD-001758,10/03/2026,CUS-C-00967,Consumer,France,Organic,Electronics,ELE-016,1,371.0,EUR,10,16.33,False,Paid
OL-0004752,ORD-002836,28/03/2026,CUS-C-00648,Consumer,Germany,Organic,Electronics,ELE-027,1,659.15,EUR,15,13.44,False,Paid
OL-0000337,ORD-000205,2026-01-01,,Consumer,France,Marketplace,Home,HOM-034,2,331.44,EUR,0,9.1,False,Paid
OL-0005258,ORD-003144,18/02/2026,CUS-C-00214,Consumer,Spain,Organic,Office,OFF-018,3,11.67,EUR,0,5.66,False,Paid
OL-0001965,ORD-001168,09/06/2026,CUS-C-00182,Consumer,France,Paid Search,Home,HOM-008,1,73.21,EUR,0,8.38,False,Paid
OL-0003558,ORD-002123,07/06/2026,CUS-C-00340,Consumer,Germany,Organic,Electronics,ELE-038,1,500.99,EUR,10,13.89,False,Paid
OL-0001562,ORD-000931,12/02/2026,CUS-B-00051,Corporate,Spain,Organic,Electronics,ELE-040,1,323.32,EUR,0,14.04,False,Paid
OL-0001739,ORD-001036,2026-04-21,CUS-S-00384,Small Business,Germany,Organic,Electronics,ELE-036,2,1243.56,EUR,10,11.58,False,Paid
OL-0004363,ORD-002611,2026-05-11,CUS-C-00501,Consumer,France,Organic,Electronics,ELE-010,1,1167.69,EUR,0,12.72,False,Paid
OL-0002440,ORD-001451,2026-01-03,CUS-S-00368,Small Business,Germany,Paid Search,Home,HOM-003,3,163.0,EUR,20,9.65,False,Paid
OL-0002019,ORD-001202,2026-01-12,CUS-C-00943,Consumer,Germany,Marketplace,Electronics,ELE-018,1,1137.44,EUR,15,11.55,False,Paid
OL-0003097,ORD-001845,14/04/2026,CUS-B-00087,Corporate,United Kingdom,Marketplace,Office,OFF-017,2,8.17,GBP,0,3.68,False,Paid
OL-0000725,ORD-000435,03/04/2026,,Corporate,France,Marketplace,Electronics,ELE-027,1,647.4,EUR,5,14.51,False,Paid
OL-0000766,ORD-000459,2026-04-09,CUS-S-00160,Small Business,France,Paid Search,Office,OFF-016,3,9.36,EUR,0,5.83,False,Paid
OL-0000287,ORD-000178,2026-02-13,CUS-S-00340,Small Business,Spain,Organic,Office,OFF-015,2,69.23,EUR,15,5.75,False,Paid
OL-0000308,ORD-000188,25/02/2026,CUS-C-01430,Consumer,Germany,Paid Search,Electronics,ELE-021,1,479.02,EUR,25,15.14,False,Paid
OL-0005211,ORD-003113,2026-06-08,CUS-S-00083,Small Business,France,Paid Search,Home,HOM-001,2,261.58,EUR,0,8.77,False,Paid
OL-0004669,ORD-002789,2026-01-11,,Corporate,France,Marketplace,Office,OFF-038,3,58.87,EUR,0,4.7,False,Paid
OL-0005436,ORD-003251,06/03/2026,CUS-S-00195,Small Business,France,Marketplace,Home,HOM-034,2,312.23,EUR,20,7.64,False,Paid
OL-0001731,ORD-001032,2026-03-08,CUS-C-00200,Consumer,Germany,Email,Office,OFF-037,3,12.46,EUR,0,5.87,False,Paid
OL-0004410,ORD-002637,2026-02-07,CUS-B-00082,Corporate,Spain,Paid Search,Electronics,ELE-008,1,1119.27,EUR,15,13.74,False,Paid
OL-0005086,ORD-003043,2026-02-18,CUS-B-00079,Corporate,Germany,Email,Office,OFF-040,2,56.08,EUR,0,5.56,False,Paid
OL-0001472,ORD-000879,2026-04-03,CUS-C-00014,Consumer,Spain,Organic,Office,OFF-031,1,57.73,EUR,0,5.41,False,Paid
OL-0000072,ORD-000042,02/06/2026,CUS-S-00501,Small Business,France,Email,Home,HOM-036,1,142.33,EUR,10,7.09,False,Paid
OL-0001567,ORD-000935,2026-01-26,CUS-S-00180,Small Business,Germany,Social,Electronics,ELE-013,1,346.19,EUR,20,12.66,False,Paid
OL-0000712,ORD-000429,2026-03-18,CUS-C-01030,Consumer,Germany,Paid Search,Office,OFF-005,4,50.52,EUR,0,4.77,False,Paid
OL-0003711,ORD-002215,2026-02-07,CUS-S-00011,Small Business,United Kingdom,Organic,Electronics,ELE-016,1,314.08,GBP,15,12.84,False,Paid
OL-0001021,ORD-000613,2026-01-19,CUS-C-01201,Consumer,Spain,Marketplace,Home,HOM-007,4,133.02,EUR,5,9.86,False,Paid
OL-0001346,ORD-000810,26/06/2026,,Consumer,Germany,Social,Office,OFF-007,3,38.64,EUR,0,4.46,False,Paid
OL-0004999,ORD-002991,2026-06-22,CUS-C-01117,Consumer,United Kingdom,Marketplace,Electronics,ELE-030,1,947.29,GBP,10,13.09,False,Paid
OL-0003159,ORD-001875,27/02/2026,CUS-S-00531,Small Business,Spain,Social,Electronics,ELE-009,1,212.3,EUR,25,12.44,False,Paid
OL-0000738,ORD-000443,2026-04-27,CUS-S-00405,Small Business,France,Organic,Office,OFF-003,4,10.81,EUR,0,4.98,False,Paid
OL-0005401,ORD-003229,2026-02-06,CUS-S-00288,Small Business,Spain,Paid Search,Home,HOM-032,2,252.43,EUR,10,8.2,False,Paid
OL-0002433,ORD-001447,2026-06-21,CUS-C-00205,Consumer,United Kingdom,Organic,Electronics,ELE-031,1,187.5,GBP,5,12.7,False,Paid
OL-0005804,ORD-003477,2026-04-08,,Consumer,Spain,Email,Office,OFF-005,2,52.17,EUR,0,4.3,False,Paid
OL-0005571,ORD-003336,2026-05-07,CUS-C-00672,Consumer,United States,Social,Electronics,ELE-024,2,1154.3,USD,15,16.47,False,Paid
OL-0001236,ORD-000739,2026-02-07,CUS-C-00303,Consumer,France,Organic,Home,HOM-033,1,66.77,EUR,0,8.11,False,Paid
OL-0002260,ORD-001348,2026-05-09,CUS-C-01275,Consumer,Spain,Social,Electronics,ELE-013,1,339.22,EUR,10,10.98,False,Paid
OL-0005480,ORD-003276,08/02/2026,CUS-C-01016,Consumer,Spain,Email,Electronics,ELE-005,1,552.83,EUR,10,14.7,False,Paid
OL-0004380,ORD-002620,2026-04-22,CUS-C-00124,Consumer,United States,Email,Electronics,ELE-036,1,1212.1,USD,20,15.28,False,Paid
OL-0003951,ORD-002363,2026-04-18,CUS-S-00035,Small Business,France,Organic,Home,HOM-030,1,128.27,EUR,15,7.17,False,Paid
OL-0005489,ORD-003284,2026-04-24,,Consumer,Germany,Social,Office,OFF-023,5,54.21,EUR,0,3.69,False,Paid
OL-0000979,ORD-000591,22/06/2026,CUS-C-00240,Consumer,Spain,Paid Search,Office,OFF-030,3,64.68,EUR,0,3.69,False,Paid
OL-0004624,ORD-002762,2026-06-24,CUS-C-00844,Consumer,United States,Paid Search,Home,HOM-028,1,359.95,USD,0,10.04,False,Paid
OL-0005109,ORD-003055,2026-04-10,CUS-B-00105,Corporate,United Kingdom,Email,Electronics,ELE-028,1,165.01,GBP,15,8.68,False,Paid
OL-0002023,ORD-001204,2026-04-11,CUS-B-00003,Corporate,Spain,Paid Search,Home,HOM-027,1,112.35,EUR,0,7.73,False,Paid
OL-0003521,ORD-002099,2026-04-05,CUS-C-01182,Consumer,Spain,Organic,Office,OFF-025,5,9.74,EUR,10,5.01,False,Paid
OL-0005282,ORD-003159,2026-01-18,CUS-B-00126,Corporate,Spain,Organic,Electronics,ELE-024,1,1062.55,EUR,10,15.51,False,Paid
OL-0000345,ORD-000211,2026-01-27,CUS-S-00135,Small Business,Germany,Organic,Electronics,ELE-036,1,1168.87,EUR,15,11.42,False,Paid
OL-0005000,ORD-002991,2026-06-22,CUS-C-01117,Consumer,United Kingdom,Marketplace,Electronics,ELE-013,1,292.55,GBP,15,9.23,False,Paid
OL-0000912,ORD-000549,2026-06-05,CUS-C-00125,Consumer,France,Email,Electronics,ELE-005,1,524.32,EUR,20,12.5,False,Paid
OL-0002437,ORD-001449,19/06/2026,CUS-C-01424,Consumer,Spain,Social,Home,HOM-029,2,68.25,EUR,15,8.07,False,Paid
OL-0000048,ORD-000025,2026-06-14,CUS-S-00169,Small Business,United States,Email,Office,OFF-028,6,29.41,USD,0,5.08,False,Paid
OL-0004081,ORD-002440,2026-03-08,,Consumer,France,Social,Home,HOM-030,2,128.89,EUR,0,9.83,False,Paid
OL-0005196,ORD-003104,2026-05-02,CUS-S-00324,Small Business,Germany,Organic,Office,OFF-029,2,90.69,EUR,0,5.59,False,Paid
OL-0000444,ORD-000273,2026-05-23,CUS-C-00500,Consumer,United States,Paid Search,Home,HOM-031,-2,82.59,USD,15,8.95,True,Refunded
OL-0003593,ORD-002144,2026-06-11,CUS-S-00437,Small Business,Germany,Marketplace,Office,OFF-012,5,81.27,EUR,0,5.13,False,Paid
OL-0003131,ORD-001863,2026-01-09,CUS-C-00431,Consumer,Spain,Paid Search,Office,OFF-021,3,30.39,EUR,0,4.22,False,Paid
OL-0002487,ORD-001481,2026-04-01,CUS-C-00486,Consumer,Germany,Paid Search,Home,HOM-005,2,257.05,EUR,25,8.79,False,Paid
OL-0005709,ORD-003421,2026-06-19,CUS-S-00424,Small Business,Spain,Email,Home,HOM-002,1,191.29,EUR,0,7.26,False,Paid
OL-0001894,ORD-001126,20/05/2026,CUS-C-00894,Consumer,Germany,Paid Search,Office,OFF-016,3,9.17,EUR,0,5.47,False,Paid
OL-0003018,ORD-001794,2026-01-12,CUS-C-00064,Consumer,Spain,Organic,Electronics,ELE-006,1,216.99,EUR,10,12.48,False,Paid
OL-0001221,ORD-000725,25/05/2026,CUS-C-01324,Consumer,Spain,Social,Electronics,ELE-040,3,307.84,EUR,10,16.59,False,Paid
OL-0003831,ORD-002287,14/03/2026,CUS-C-01412,Consumer,France,Email,Electronics,ELE-016,-1,368.95,EUR,0,10.38,True,Refunded
OL-0002269,ORD-001354,2026-04-21,CUS-C-01078,Consumer,France,Paid Search,Home,HOM-032,1,243.48,EUR,15,9.8,False,Paid
OL-0001056,ORD-000630,16/03/2026,,Corporate,France,Social,Electronics,ELE-029,1,1113.91,EUR,20,11.84,False,Paid
OL-0000849,ORD-000512,2026-04-19,CUS-S-00229,Small Business,Germany,Paid Search,Office,OFF-013,2,49.01,EUR,0,3.78,False,Paid
OL-0003893,ORD-002326,2026-03-25,CUS-B-00158,Corporate,France,Paid Search,Home,HOM-022,1,68.09,EUR,0,8.47,False,Pending
OL-0002223,ORD-001329,2026-03-18,CUS-S-00175,Small Business,Germany,Social,Electronics,ELE-027,2,666.71,EUR,0,15.26,False,Paid
OL-0003878,ORD-002317,2026-03-31,CUS-C-00674,Consumer,United Kingdom,Paid Search,Office ,OFF-003,5,9.08,GBP,0,3.64,False,Paid
OL-0002743,ORD-001635,10/06/2026,CUS-C-00268,Consumer,Spain,Paid Search,Office,OFF-012,1,83.07,EUR,0,3.92,False,Paid
OL-0005607,ORD-003362,2026-01-07,CUS-C-00968,Consumer,Germany,Email,Home,HOM-001,1,276.67,EUR,0,10.23,False,Paid
OL-0004281,ORD-002562,09/04/2026,CUS-C-00543,Consumer,France,Organic,Electronics,ELE-025,1,434.55,EUR,15,12.73,False,Paid
OL-0001329,ORD-000800,2026-03-11,CUS-C-01286,Consumer,France,Paid Search,Home,HOM-022,1,67.3,EUR,15,8.71,False,Paid
OL-0002875,ORD-001711,29/06/2026,CUS-S-00596,Small Business,Germany,Organic,Electronics,ELE-001,3,571.96,EUR,0,12.06,False,Paid
OL-0004631,ORD-002767,30/05/2026,CUS-S-00236,Small Business,Germany,Social,Office,OFF-005,1,51.52,EUR,0,3.7,False,Paid
OL-0000777,ORD-000465,2026-06-03,CUS-C-00367,Consumer,Germany,Email,Home,HOM-028,1,331.94,EUR,5,8.77,False,Paid
OL-0005677,ORD-003402,2026-06-03,CUS-C-00345,Consumer,France,Email,Home,HOM-035,2,193.13,EUR,0,7.79,False,Paid
OL-0000184,ORD-000114,15/04/2026,CUS-S-00063,Small Business,Germany,Paid Search,Office,OFF-029,6,88.58,EUR,0,4.74,False,Paid
OL-0003130,ORD-001863,2026-01-09,CUS-C-00431,Consumer,Spain,Paid Search,Electronics,ELE-021,1,464.78,EUR,20,14.8,False,Paid
OL-0004099,ORD-002451,01/03/2026,CUS-C-00840,Consumer,France,Paid Search,Electronics,ELE-010,1,1189.41,EUR,15,15.61,False,Paid
OL-0001194,ORD-000711,2026-01-22,CUS-C-01211,Consumer,France,Email,Electronics,ELE-008,1,1122.83,EUR,0,11.76,False,Paid
OL-0003649,ORD-002180,2026-02-08,CUS-C-00404,Consumer,Spain,Email,Home,HOM-002,1,202.2,EUR,0,8.74,False,Paid
OL-0000735,ORD-000441,2026-06-12,CUS-C-00283,Consumer,Spain,Organic,Office,OFF-023,2,56.96,EUR,0,5.98,False,Paid
OL-0001836,ORD-001092,2026-01-17,CUS-S-00578,Small Business,France,Social,Home,HOM-020,2,57.09,EUR,0,8.24,False,Paid
OL-0002273,ORD-001356,2026-04-05,,Consumer,Germany,Marketplace,Office,OFF-031,1,56.16,EUR,0,5.73,False,Pending
OL-0003794,ORD-002267,2026-05-03,CUS-S-00061,Small Business,United Kingdom,Organic,Electronics,ELE-001,1,513.58,GBP,15,9.15,False,Paid
OL-0000486,ORD-000297,2026-05-05,CUS-B-00191,Corporate,United States,Social,Office,OFF-036,4,21.27,USD,10,6.34,False,Paid
OL-0001164,ORD-000694,09/06/2026,CUS-C-00651,Consumer,United Kingdom,Organic,Home,HOM-019,-1,56.92,GBP,0,5.8,True,Refunded
OL-0000453,ORD-000279,21/04/2026,CUS-C-00211,Consumer,France,Paid Search,Office,OFF-014,1,28.66,EUR,0,4.35,False,Paid
OL-0002299,ORD-001375,2026-05-27,,Small Business,Germany,Social,Electronics,ELE-024,2,1077.01,EUR,15,14.22,False,Paid
OL-0004595,ORD-002746,2026-05-13,CUS-C-00743,Consumer,Germany,Organic,Electronics,ELE-003,1,424.06,EUR,0,16.55,False,Paid
OL-0000031,ORD-000017,24/06/2026,CUS-C-01218,Consumer,France,Paid Search,Home,HOM-038,1,94.55,EUR,25,7.85,False,Paid
OL-0000790,ORD-000473,15/01/2026,CUS-C-00921,Consumer,France,Organic,Electronics,ELE-004,-3,1062.68,EUR,15,12.86,True,Refunded
OL-0005099,ORD-003049,2026-01-26,CUS-C-00245,Consumer,Germany,Organic,Office,OFF-035,6,34.79,EUR,0,5.57,False,Paid
OL-0001966,ORD-001169,2026-02-21,CUS-C-00389,Consumer,Germany,Organic,Home,HOM-020,1,59.11,EUR,5,7.87,False,Paid
OL-0001110,ORD-000662,15/03/2026,CUS-S-00589,Small Business,Spain,Social,Home,HOM-030,2,127.79,EUR,0,10.75,False,Paid
OL-0000101,ORD-000060,2026-03-20,CUS-C-00453,Consumer,Germany,Social,Office,OFF-015,2,67.04,EUR,0,5.67,False,Paid
OL-0003971,ORD-002377,2026-04-01,CUS-S-00467,Small Business,Spain,Organic,Home,HOM-005,2,269.28,EUR,15,6.93,False,Paid
OL-0003013,ORD-001791,2026-01-26,CUS-C-01066,Consumer,Spain,Paid Search,Office,OFF-017,2,9.07,EUR,0,4.26,False,Paid
OL-0003168,ORD-001881,2026-05-18,CUS-C-01261,Consumer,Germany,Email,Electronics,ELE-006,1,229.31,EUR,10,11.89,False,Paid
OL-0004725,ORD-002821,2026-01-17,CUS-C-01083,Consumer,Spain,Paid Search,Home,HOM-032,1,238.34,EUR,15,10.26,False,Paid
OL-0001771,ORD-001058,2026-01-26,CUS-S-00414,Small Business,Germany,Paid Search,Office,OFF-021,5,30.47,EUR,0,3.8,False,Paid
OL-0001920,ORD-001140,25/04/2026,CUS-C-00182,Consumer,Spain,Paid Search,Home,HOM-028,4,336.0,EUR,0,6.41,False,Paid
OL-0003756,ORD-002244,2026-04-27,CUS-S-00041,Small Business,Germany,Email,Office,OFF-007,1,40.53,EUR,0,4.49,False,Paid
OL-0004542,ORD-002711,2026-01-29,,Corporate,United Kingdom,Paid Search,Home,HOM-014,1,167.4,GBP,0,6.53,False,Paid
OL-0000862,ORD-000521,2026-02-03,CUS-S-00160,Small Business,Germany,Social,Office,OFF-033,-1,35.65,EUR,0,3.91,True,Refunded
OL-0001502,ORD-000897,06/05/2026,CUS-S-00400,Small Business,France,Paid Search,Home,HOM-034,1,330.78,EUR,0,10.57,False,Pending
OL-0000904,ORD-000544,2026-02-28,CUS-C-00197,Consumer,United Kingdom,Organic,Office,OFF-024,2,15.0,GBP,0,3.2,False,Paid
OL-0005056,ORD-003026,2026-05-21,CUS-C-00504,Consumer,France,Organic,Office,OFF-007,2,41.46,EUR,10,4.32,False,Paid
OL-0000110,ORD-000065,29/01/2026,CUS-C-00220,Consumer,United Kingdom,Organic,Office,OFF-033,3,27.76,GBP,0,4.23,False,Paid
OL-0005369,ORD-003206,11/04/2026,CUS-S-00534,Small Business,France,Paid Search,Office,OFF-011,2,16.96,EUR,0,4.13,False,Paid
OL-0005494,ORD-003287,2026-04-11,CUS-C-00730,Consumer,Germany,Social,Electronics,ELE-036,1,1238.62,EUR,15,13.89,False,Paid
OL-0005035,ORD-003012,2026-02-18,CUS-S-00359,Small Business,Germany,Organic,Home,HOM-036,1,143.18,EUR,5,6.71,False,Paid
OL-0004398,ORD-002628,2026-04-17,CUS-C-01463,Consumer,United States,Email,Office,OFF-034,4,79.95,USD,0,4.97,False,Paid
OL-0001927,ORD-001143,2026-01-24,CUS-C-00829,Consumer,France,Email,Office,OFF-026,3,21.12,EUR,0,6.04,False,Paid
OL-0002134,ORD-001274,10/06/2026,CUS-C-00720,Consumer,United States,Paid Search,Electronics,ELE-005,1,600.92,USD,15,18.26,False,Paid
OL-0003526,ORD-002103,2026-01-08,CUS-S-00494,Small Business,Germany,Organic,Electronics,ELE-011,1,1283.83,EUR,15,10.76,False,Paid
OL-0000324,ORD-000198,2026-05-11,CUS-C-00116,Consumer,Germany,Organic,Electronics,ELE-030,1,1110.27,EUR,0,15.54,False,Paid
OL-0004651,ORD-002777,2026-03-17,CUS-S-00123,Small Business,France,Email,Electronics,ELE-008,1,1108.9,EUR,0,11.6,False,Paid
OL-0003672,ORD-002192,2026-05-25,CUS-S-00046,Small Business,Spain,Paid Search,Electronics,ELE-027,2,661.07,EUR,10,13.87,False,Paid
OL-0004394,ORD-002625,2026-03-31,CUS-C-00045,Consumer,France,Paid Search,Electronics,ELE-026,1,231.65,EUR,10,15.65,False,Paid
OL-0003046,ORD-001812,2026-01-25,CUS-C-00064,Consumer,France,Organic,Electronics,ELE-026,1,232.26,EUR,20,12.81,False,Paid
OL-0005547,ORD-003321,2026-04-16,CUS-S-00464,Small Business,Germany,Organic,Electronics,ELE-005,-1,550.49,EUR,15,13.8,True,Paid
OL-0005161,ORD-003087,2026-01-18,CUS-S-00153,Small Business,Spain,Organic,Office,OFF-034,1,70.19,EUR,0,3.63,False,Paid
OL-0005639,ORD-003381,10/05/2026,CUS-C-01358,Consumer,Germany,Paid Search,Office,OFF-002,2,10.47,EUR,0,4.91,False,Paid
OL-0003887,ORD-002323,2026-01-21,CUS-C-00533,Consumer,France,Organic,Home,HOM-025,1,136.1,EUR,15,7.74,False,Paid
OL-0001095,ORD-000653,2026-05-03,CUS-C-00829,Consumer,Spain,Paid Search,Electronics,ELE-006,1,216.37,EUR,0,11.19,False,Paid
OL-0001122,ORD-000668,01/02/2026,CUS-C-01021,Consumer,Germany,Paid Search,Home,HOM-011,-3,90.47,EUR,0,9.66,True,Refunded
OL-0002517,ORD-001498,2026-05-12,CUS-C-01309,Consumer,France,Social,Office,OFF-032,7,55.1,EUR,0,6.0,False,Paid
OL-0002211,ORD-001321,2026-06-25,CUS-C-01175,Consumer,Germany,Paid Search,Electronics,ELE-038,2,503.78,EUR,0,14.59,False,Paid
OL-0000810,ORD-000489,28/05/2026,,Consumer,France,Marketplace,Office,OFF-020,2,47.86,EUR,0,4.4,False,Paid
OL-0004253,ORD-002543,09/05/2026,CUS-C-01156,Consumer,United States,Paid Search,Office,OFF-003,2,11.68,USD,0,4.52,False,Paid
OL-0003275,ORD-001951,2026-04-26,CUS-C-01000,Consumer,United Kingdom,Social,Office,OFF-032,1,44.99,GBP,0,4.38,False,Paid
OL-0002019,ORD-001202,2026-01-12,CUS-C-00943,Consumer,Germany,Marketplace,Electronics,ELE-018,1,1137.44,EUR,15,11.55,False,Paid
OL-0004344,ORD-002599,2026-03-06,CUS-C-01181,Consumer,France,Organic,Electronics,ELE-023,1,498.42,EUR,25,13.13,False,Paid
OL-0002372,ORD-001412,28/04/2026,CUS-C-00214,Consumer,Germany,Organic,Electronics,ELE-017,2,806.08,EUR,15,16.25,False,Paid
OL-0005504,ORD-003295,2026-04-28,CUS-C-00602,Consumer,Germany,Marketplace,Electronics,ELE-029,3,1132.27,EUR,10,14.3,False,Paid
OL-0005654,ORD-003388,2026-02-14,CUS-S-00122,Small Business,Germany,Organic,Electronics,ELE-036,-1,1154.48,EUR,10,14.84,True,Refunded
OL-0003945,ORD-002359,2026-02-19,CUS-S-00189,Small Business,Germany,Marketplace,Electronics,ELE-002,1,385.57,EUR,0,12.88,False,Paid
OL-0005040,ORD-003015,11/04/2026,CUS-S-00522,Small Business,United Kingdom,Organic,Home,HOM-020,1,50.1,GBP,15,6.43,False,Paid
OL-0002544,ORD-001514,25/06/2026,CUS-S-00581,Small Business,Spain,Organic,Office,OFF-007,4,39.59,EUR,0,4.9,False,Paid
OL-0001774,ORD-001060,2026-01-06,CUS-C-00956,Consumer,France,Paid Search,Electronics,ELE-038,1,501.36,EUR,15,10.02,False,Paid
OL-0002847,ORD-001698,2026-06-10,CUS-B-00214,Corporate,Spain,Organic,Electronics,ELE-013,1,330.31,EUR,10,11.71,False,Paid
OL-0005800,ORD-003474,2026-04-28,,Consumer,United Kingdom,Social,Home,HOM-022,2,58.88,GBP,0,6.78,False,Paid
OL-0001766,ORD-001056,04/01/2026,CUS-S-00116,Small Business,France,Organic,Home,HOM-034,1,331.85,EUR,0,6.76,False,Paid
OL-0003898,ORD-002330,26/03/2026,CUS-C-00233,Consumer,United Kingdom,Email,Home,HOM-003,1,141.51,GBP,0,8.25,False,Paid
OL-0005629,ORD-003376,2026-04-05,CUS-C-00480,Consumer,United Kingdom,Email,Office,OFF-011,2,15.54,GBP,0,4.46,False,Paid
OL-0001757,ORD-001049,23/04/2026,CUS-C-01270,Consumer,Germany,Paid Search,Electronics,ELE-021,1,455.88,EUR,0,15.41,False,Paid
OL-0002347,ORD-001399,2026-03-20,CUS-C-00263,Consumer,United Kingdom,Organic,Electronics,ELE-001,1,498.36,GBP,0,12.15,False,Paid
OL-0002997,ORD-001781,2026-03-19,CUS-S-00525,Small Business,Germany,Marketplace,Home,HOM-019,1,67.18,EUR,0,8.02,False,Paid
OL-0001596,ORD-000952,2026-02-07,CUS-S-00258,Small Business,France,Organic,Electronics,ELE-022,1,366.44,EUR,15,13.43,False,Paid
OL-0002783,ORD-001662,2026-05-31,CUS-S-00147,Small Business,Germany,Paid Search,Electronics,ELE-027,1,633.03,EUR,0,12.86,False,Paid
OL-0003253,ORD-001938,22/04/2026,CUS-C-00010,Consumer,France,Paid Search,Office,OFF-028,4,27.07,EUR,0,4.03,False,Paid
OL-0000830,ORD-000502,12/06/2026,CUS-C-01429,Consumer,Germany,Marketplace,Home,HOM-031,1,77.52,EUR,0,7.46,False,Paid
OL-0003902,ORD-002333,2026-05-31,CUS-C-01116,Consumer,Germany,Social,Electronics,ELE-011,1,1221.8,EUR,10,13.46,False,Paid
OL-0001859,ORD-001107,2026-02-04,CUS-B-00200,Corporate,Spain,Organic,Home,HOM-027,2,113.84,EUR,0,6.4,False,Paid
OL-0000439,ORD-000268,2026-03-06,,Small Business,United Kingdom,Marketplace,Home,HOM-014,1,159.11,GBP,0,7.12,False,Paid
OL-0000628,ORD-000383,2026-04-28,CUS-C-00328,Consumer,Spain,Email,Electronics,ELE-026,2,230.59,EUR,15,15.92,False,Paid
OL-0005053,ORD-003024,2026-06-21,CUS-C-00105,Consumer,Spain,Organic,Home,HOM-029,2,69.75,EUR,0,8.4,False,Paid
OL-0002880,ORD-001713,2026-03-04,CUS-C-01017,Consumer,United Kingdom,Paid Search,Office,OFF-027,1,47.46,GBP,0,3.87,False,Paid
OL-0000926,ORD-000559,2026-02-12,CUS-C-00921,Consumer,Germany,Paid Search,Home,HOM-023,2,47.71,EUR,10,7.86,False,Paid
OL-0004122,ORD-002464,11/06/2026,CUS-C-00451,Consumer,Spain,Marketplace,Home,HOM-027,1,108.62,EUR,0,9.33,False,Paid
OL-0004875,ORD-002916,2026-03-11,CUS-S-00204,Small Business,France,Social,Home & Living,HOM-026,1,200.34,EUR,0,9.71,False,Paid
OL-0005737,ORD-003436,16/04/2026,CUS-S-00358,Small Business,United Kingdom,Paid Search,Home,HOM-022,1,58.83,GBP,15,7.14,False,Paid
OL-0002866,ORD-001706,2026-03-29,,Small Business,Spain,Email,Electronics,ELE-034,2,434.9,EUR,20,10.54,False,Paid
OL-0001547,ORD-000922,2026-06-18,CUS-C-00250,Consumer,Germany,Paid Search,Electronics,ELE-017,1,881.73,EUR,15,14.04,False,Paid
OL-0001174,ORD-000699,2026-02-19,CUS-B-00089,Corporate,United Kingdom,Marketplace,Electronics,ELE-026,1,209.71,GBP,20,10.58,False,Paid
OL-0003361,ORD-001996,2026-06-15,CUS-C-01021,Consumer,France,Social,Office,OFF-014,4,28.42,EUR,0,5.62,False,Paid
OL-0003198,ORD-001903,2026-03-12,CUS-C-01356,Consumer,Germany,Organic,Office,OFF-019,2,15.65,EUR,0,3.97,False,Paid
OL-0000945,ORD-000572,03/05/2026,CUS-B-00178,Corporate,United States,Marketplace,Electronics,ELE-036,1,1302.55,USD,15,14.93,False,Paid
OL-0004770,ORD-002849,2026-06-06,,Small Business,Spain,Marketplace,Electronics,ELE-021,-1,464.17,EUR,20,10.25,True,Refunded
OL-0002289,ORD-001369,2026-01-29,CUS-C-01064,Consumer,France,Paid Search,Home,HOM-039,3,48.24,EUR,0,10.1,False,Paid
OL-0000013,ORD-000006,2026-05-27,,Consumer,France,Social,Office,OFF-024,2,17.91,EUR,0,4.24,False,Paid
OL-0001118,ORD-000667,19/04/2026,CUS-S-00500,Small Business,Germany,Marketplace,Electronics,ELE-001,2,580.86,EUR,15,16.28,False,Paid
OL-0004366,ORD-002612,22/01/2026,CUS-S-00297,Small Business,Spain,Social,Electronics,ELE-012,1,555.02,EUR,10,11.48,False,Paid
OL-0003656,ORD-002182,2026-06-03,CUS-B-00213,Corporate,United Kingdom,Paid Search,Home,HOM-009,1,114.26,GBP,0,8.12,False,Paid
OL-0005696,ORD-003413,2026-05-17,CUS-S-00588,Small Business,Spain,Paid Search,Home,HOM-040,1,303.01,EUR,0,10.2,False,Paid
OL-0000643,ORD-000390,2026-02-15,CUS-S-00537,Small Business,Germany,Organic,Electronics,ELE-039,1,224.89,EUR,10,12.65,False,Paid
OL-0002590,ORD-001545,24/04/2026,CUS-B-00162,Corporate,France,Organic,Home,HOM-025,1,124.62,EUR,0,10.44,False,Paid
OL-0004708,ORD-002811,2026-05-08,CUS-S-00466,Small Business,United Kingdom,Paid Search,Electronics,ELE-016,1,322.39,GBP,20,10.47,False,Pending
OL-0002679,ORD-001596,02/04/2026,CUS-C-01352,Consumer,Spain,Paid Search,Home,HOM-003,-1,158.82,EUR,0,10.49,True,Refunded
OL-0004293,ORD-002570,2026-01-24,CUS-B-00191,Corporate,France,Paid Search,Office,OFF-003,8,10.71,EUR,0,5.55,False,Paid
OL-0005080,ORD-003040,05/04/2026,CUS-C-00450,Consumer,United States,Paid Search,Office,OFF-016,3,10.23,USD,0,4.47,False,Paid
OL-0005488,ORD-003283,2026-01-06,,Small Business,United Kingdom,Social,Office,OFF-029,-1,77.13,GBP,0,4.51,True,Refunded
OL-0002923,ORD-001737,2026-04-23,CUS-C-00511,Consumer,France,Organic,Office,OFF-010,1,11.91,EUR,0,4.65,False,Paid
OL-0002536,ORD-001509,16/06/2026,CUS-C-00662,Consumer,Spain,Email,Office,OFF-011,2,17.35,EUR,0,5.08,False,Paid
OL-0004766,ORD-002846,2026-06-13,,Consumer,United States,Marketplace,Office,OFF-037,6,14.04,USD,0,5.5,False,Paid
OL-0002265,ORD-001352,2026-01-27,CUS-B-00180,Corporate,France,Email,Electronics,ELE-027,1,661.1,EUR,15,11.27,False,Paid
OL-0000654,ORD-000397,20/06/2026,CUS-B-00124,Corporate,Spain,Marketplace,Office,OFF-002,2,10.89,EUR,20,5.06,False,Paid
OL-0000430,ORD-000262,2026-03-25,CUS-C-01383,Consumer,United Kingdom,Social,Electronics,ELE-029,1,954.68,GBP,0,12.88,False,Paid
OL-0003751,ORD-002239,2026-05-26,CUS-B-00126,Corporate,United Kingdom,Social,Office,OFF-034,1,60.49,GBP,15,3.36,False,Paid
OL-0003316,ORD-001971,2026-04-28,,Consumer,France,Marketplace,Office,OFF-026,3,20.77,EUR,0,6.0,False,Paid
OL-0002518,ORD-001498,2026-05-12,CUS-C-01309,Consumer,France,Social,Office,OFF-024,2,17.17,EUR,25,3.71,False,Pending
OL-0004012,ORD-002401,27/03/2026,CUS-S-00052,Small Business,France,Email,Home,HOM-037,1,140.61,EUR,20,8.09,False,Paid
OL-0003163,ORD-001877,2026-04-16,CUS-S-00543,Small Business,France,Organic,Home,HOM-028,1,347.95,EUR,0,7.27,False,Paid
OL-0003606,ORD-002151,2026-05-10,CUS-B-00220,Corporate,France,Paid Search,Home,HOM-035,1,198.31,EUR,0,6.96,False,Paid
OL-0000839,ORD-000506,04/02/2026,CUS-C-00146,Consumer,Germany,Social,Office,OFF-018,4,11.29,EUR,0,5.26,False,Paid
OL-0001088,ORD-000649,2026-03-02,CUS-C-00079,Consumer,Germany,Email,Home,HOM-032,2,243.13,EUR,0,6.95,False,Paid
OL-0001729,ORD-001031,2026-02-27,CUS-C-01260,Consumer,Germany,Organic,Electronics,ELE-030,3,1057.84,EUR,0,11.47,False,Paid
OL-0005808,ORD-003478,06/01/2026,CUS-C-01082,Consumer,Germany,Paid Search,Office,OFF-023,1,56.09,EUR,0,3.62,False,Paid
OL-0001320,ORD-000792,19/03/2026,CUS-C-01436,Consumer,United Kingdom,Paid Search,Office,OFF-033,3,28.32,GBP,0,3.53,False,Paid
OL-0001331,ORD-000801,19/03/2026,CUS-C-00383,Consumer,United Kingdom,Paid Search,Electronics,ELE-025,1,368.49,GBP,20,12.7,False,Paid
OL-0004155,ORD-002487,23/06/2026,,Small Business,Spain,Paid Search,Office,OFF-005,4,50.64,EUR,0,3.83,False,Pending
OL-0000857,ORD-000519,2026-03-25,CUS-B-00133,Corporate,Spain,Paid Search,Office,OFF-012,2,89.91,EUR,0,4.57,False,Paid
OL-0001420,ORD-000850,2026-06-18,CUS-S-00150,Small Business,France,Marketplace,Home,HOM-009,3,133.07,EUR,5,8.67,False,Paid
OL-0002516,ORD-001497,2026-05-19,CUS-C-00022,Consumer,Germany,Email,Electronics,ELE-015,1,190.0,EUR,25,11.6,False,Paid
OL-0002300,ORD-001375,2026-05-27,,Small Business,Germany,Social,Electronics,ELE-009,1,221.77,EUR,5,11.83,False,Paid
OL-0003537,ORD-002108,2026-01-21,CUS-C-01169,Consumer,France,Organic,Electronics,ELE-003,1,435.09,EUR,0,10.73,False,Paid
OL-0001609,ORD-000960,20/06/2026,CUS-C-00862,Consumer,Germany,Paid Search,Office,OFF-009,1,78.89,EUR,0,4.01,False,Paid
OL-0005199,ORD-003106,2026-05-10,CUS-C-00975,Consumer,Spain,Paid Search,Home,HOM-001,1,270.91,EUR,25,6.75,False,Paid
OL-0000694,ORD-000418,2026-06-14,CUS-C-01279,Consumer,Spain,Social,Office,OFF-007,2,40.73,EUR,0,4.73,False,Paid
OL-0004141,ORD-002476,26/05/2026,CUS-C-00022,Consumer,France,Email,Office,OFF-031,2,55.86,EUR,0,5.64,False,Paid
OL-0002667,ORD-001588,2026-04-02,CUS-B-00168,Corporate,Germany,Social,Home,HOM-018,2,46.29,EUR,0,8.94,False,Paid
OL-0000189,ORD-000116,2026-05-09,CUS-C-01073,Consumer,France,Paid Search,Home,HOM-008,2,72.15,EUR,15,6.41,False,Paid
OL-0000288,ORD-000178,2026-02-13,CUS-S-00340,Small Business,Spain,Organic,Office,OFF-019,3,15.83,EUR,0,3.92,False,Pending
OL-0003411,ORD-002031,2026-05-02,CUS-C-01227,Consumer,France,Marketplace,Home,HOM-015,1,135.68,EUR,0,10.17,False,Paid
OL-0005537,ORD-003313,2026-03-10,,Consumer,Spain,Marketplace,Office,OFF-014,5,28.8,EUR,0,5.27,False,Paid
OL-0004206,ORD-002516,2026-03-09,CUS-C-00447,Consumer,France,Email,Office,OFF-004,3,18.01,EUR,0,5.64,False,Paid
OL-0003967,ORD-002375,2026-05-06,CUS-C-01361,Consumer,Spain,Organic,Home,HOM-030,1,130.86,EUR,0,7.23,False,Paid
OL-0003772,ORD-002255,2026-06-10,CUS-B-00087,Corporate,Spain,Social,Home,HOM-019,2,67.72,EUR,10,7.43,False,Paid
OL-0003216,ORD-001913,2026-04-21,CUS-C-00837,Consumer,Spain,Marketplace,Electronics,ELE-040,1,317.61,EUR,15,13.08,False,Paid
OL-0002334,ORD-001392,09/06/2026,CUS-C-01382,Consumer,Spain,Organic,Office,OFF-012,1,81.58,EUR,25,5.6,False,Paid
OL-0000379,ORD-000231,2026-06-15,,Consumer,Spain,Paid Search,Home,HOM-008,2,74.46,EUR,15,8.82,False,Paid
OL-0004095,ORD-002449,2026-03-27,CUS-C-00313,Consumer,France,Email,Home,HOM-024,1,83.19,EUR,0,8.55,False,Paid
OL-0002145,ORD-001281,2026-03-26,CUS-S-00437,Small Business,Spain,Paid Search,Home,HOM-022,1,68.21,EUR,0,8.2,False,Paid
OL-0002981,ORD-001771,2026-01-12,CUS-C-00172,Consumer,Spain,Marketplace,Home,HOM-033,1,64.64,EUR,0,9.45,False,Paid
OL-0000211,ORD-000132,2026-04-25,CUS-C-00613,Consumer,France,Social,Electronics,ELE-013,1,344.76,EUR,10,12.78,False,Paid
OL-0005608,ORD-003363,2026-04-26,CUS-C-01431,Consumer,France,Marketplace,Office,OFF-017,1,9.73,EUR,0,5.68,False,Paid
OL-0004997,ORD-002990,2026-06-22,CUS-C-01447,Consumer,France,Organic,Office,OFF-018,2,11.38,EUR,15,5.47,False,Paid
OL-0003107,ORD-001852,2026-02-23,CUS-S-00071,Small Business,Spain,Paid Search,Home,HOM-004,1,59.45,EUR,0,9.65,False,Paid
OL-0000074,ORD-000043,13/04/2026,CUS-C-00765,Consumer,United Kingdom,Paid Search,Home,HOM-032,3,211.87,GBP,0,8.45,False,Paid
OL-0005766,ORD-003455,28/05/2026,,Consumer,Spain,Marketplace,Electronics,ELE-003,2,438.88,EUR,10,16.29,False,Paid
OL-0002829,ORD-001687,2026-01-06,CUS-C-01229,Consumer,United Kingdom,Paid Search,Electronics,ELE-015,2,162.19,GBP,10,12.84,False,Paid
OL-0004783,ORD-002857,2026-05-30,CUS-C-00646,Consumer,United Kingdom,Organic,Home,HOM-019,1,57.08,GBP,5,5.55,False,Paid
OL-0001692,ORD-001011,2026-01-01,CUS-B-00053,Corporate,Germany,Email,Electronics,ELE-020,2,447.78,EUR,10,16.6,False,Paid
OL-0004247,ORD-002537,30/05/2026,CUS-S-00378,Small Business,France,Email,Home,HOM-018,1,49.37,EUR,0,6.6,False,Paid
OL-0002822,ORD-001682,2026-01-21,CUS-C-00756,Consumer,Spain,Email,Home,HOM-017,3,49.05,EUR,15,9.94,False,Paid
OL-0003306,ORD-001965,16/03/2026,CUS-C-00250,Consumer,France,Paid Search,Home,HOM-022,3,66.84,EUR,0,10.49,False,Paid
OL-0005595,ORD-003353,01/05/2026,CUS-C-01488,Consumer,United States,Organic,Home,HOM-001,1,287.56,USD,15,8.27,False,Pending
OL-0002146,ORD-001282,2026-05-23,CUS-S-00053,Small Business,Spain,Email,Office,OFF-012,4,83.82,EUR,0,5.5,False,Paid
OL-0001232,ORD-000736,2026-02-02,CUS-C-00052,Consumer,France,Social,Office,OFF-026,6,21.49,EUR,0,5.89,False,Paid
OL-0005353,ORD-003200,2026-04-08,CUS-C-01202,Consumer,Germany,Paid Search,Home,HOM-030,3,133.74,EUR,0,10.56,False,Paid
OL-0003341,ORD-001985,2026-01-15,CUS-S-00202,Small Business,Spain,Paid Search,Electronics,ELE-017,2,827.72,EUR,5,14.94,False,Paid
OL-0002515,ORD-001497,2026-05-19,CUS-C-00022,Consumer,Germany,Email,Electronics,ELE-010,1,1145.5,EUR,5,14.7,False,Paid
OL-0004392,ORD-002624,2026-01-13,CUS-C-01205,Consumer,Spain,Paid Search,Office,OFF-009,5,82.71,EUR,0,5.21,False,Paid
OL-0000114,ORD-000067,2026-03-24,CUS-B-00044,Corporate,Germany,Marketplace,Electronics,ELE-029,1,1164.81,EUR,15,10.2,False,Paid
OL-0005087,ORD-003044,11/01/2026,CUS-C-01000,Consumer,France,Paid Search,Home,HOM-035,1,204.88,EUR,0,7.55,False,Paid
OL-0004260,ORD-002547,23/02/2026,CUS-C-01307,Consumer,France,Paid Search,Office,OFF-011,3,17.84,EUR,0,4.53,False,Paid
OL-0005442,ORD-003253,02/05/2026,CUS-S-00153,Small Business,United Kingdom,Organic,Office,OFF-006,1,23.76,GBP,0,3.47,False,Pending
OL-0003196,ORD-001901,2026-06-12,,Consumer,France,Marketplace,Office,OFF-019,5,15.16,EUR,0,4.8,False,Paid
OL-0002457,ORD-001460,25/03/2026,CUS-C-01427,Consumer,United Kingdom,Social,Office,OFF-013,2,40.68,GBP,0,4.81,False,Paid
OL-0002949,ORD-001753,31/05/2026,CUS-C-01416,Consumer,Germany,Email,Home,HOM-001,1,253.31,EUR,0,9.86,False,Paid
OL-0001840,ORD-001095,08/01/2026,CUS-C-01470,Consumer,Spain,Social,Office,OFF-016,2,9.0,EUR,0,3.77,False,Paid
OL-0001963,ORD-001167,2026-05-01,CUS-S-00164,Small Business,France,Email,Home,HOM-024,1,82.08,EUR,5,7.43,False,Paid
OL-0001893,ORD-001126,20/05/2026,CUS-C-00894,Consumer,Germany,Paid Search,Office,OFF-030,1,65.82,EUR,20,4.25,False,Paid
OL-0001826,ORD-001086,31/01/2026,CUS-C-00388,Consumer,United Kingdom,Email,Electronics,ELE-020,1,393.22,GBP,0,9.03,False,Paid
OL-0004340,ORD-002597,2026-01-03,CUS-C-00056,Consumer,Spain,Paid Search,Electronics,ELE-037,1,278.53,EUR,15,11.25,False,Paid
OL-0004447,ORD-002656,2026-05-16,CUS-C-01457,Consumer,France,Organic,Office,OFF-030,2,67.7,EUR,0,5.93,False,Paid
OL-0003459,ORD-002059,2026-05-28,CUS-C-00108,Consumer,Spain,Paid Search,Office,OFF-032,1,54.51,EUR,0,4.33,False,Paid
OL-0003536,ORD-002107,2026-06-29,CUS-C-00605,Consumer,Spain,Paid Search,Home,HOM-010,2,148.39,EUR,0,10.38,False,Paid
OL-0000253,ORD-000158,09/05/2026,CUS-C-00385,Consumer,France,Paid Search,Office,OFF-023,1,55.38,EUR,0,4.53,False,Paid
OL-0000351,ORD-000215,2026-03-10,CUS-C-00968,Consumer,United Kingdom,Paid Search,Office,OFF-027,1,44.45,GBP,0,4.45,False,Paid
OL-0002759,ORD-001646,2026-01-14,CUS-S-00488,Small Business,France,Social,Electronics,ELE-017,1,810.22,EUR,15,14.92,False,Paid
OL-0004553,ORD-002718,2026-05-27,CUS-C-00445,Consumer,France,Organic,Electronics,ELE-006,1,216.13,EUR,15,10.58,False,Paid
OL-0000458,ORD-000281,2026-06-04,CUS-B-00127,Corporate,Germany,Email,Electronics,ELE-030,-1,1119.23,EUR,15,16.86,True,Refunded
OL-0000757,ORD-000453,11/02/2026,CUS-S-00186,Small Business,Germany,Email,Electronics,ELE-017,2,794.43,EUR,5,11.84,False,Paid
OL-0000480,ORD-000296,14/04/2026,CUS-S-00149,Small Business,United Kingdom,Organic,Office,OFF-022,3,19.65,GBP,0,3.95,False,Paid
OL-0001115,ORD-000665,2026-06-03,CUS-C-00092,Consumer,France,Social,Office,OFF-039,2,20.55,EUR,0,5.88,False,Paid
OL-0000799,ORD-000480,2026-02-27,CUS-C-00654,Consumer,France,Social,Electronics,ELE-001,1,568.04,EUR,10,14.85,False,Paid
OL-0004222,ORD-002526,2026-04-27,CUS-C-00758,Consumer,Spain,Social,Electronics,ELE-030,1,1132.32,EUR,10,11.92,False,Paid
OL-0002674,ORD-001593,2026-03-19,CUS-C-01255,Consumer,Germany,Paid Search,Electronics,ELE-009,1,214.89,EUR,15,12.08,False,Paid
OL-0003096,ORD-001844,2026-01-24,CUS-C-00263,Consumer,Germany,Paid Search,Home,HOM-010,1,143.62,EUR,0,10.47,False,Paid
OL-0000027,ORD-000014,13/06/2026,,Small Business,United Kingdom,Social,Office,OFF-001,1,50.27,GBP,15,3.31,False,Paid
OL-0003076,ORD-001832,2026-03-27,CUS-C-00608,Consumer,United Kingdom,Paid Search,Home,HOM-040,3,256.42,GBP,10,6.85,False,Paid
OL-0002751,ORD-001640,10/02/2026,CUS-S-00401,Small Business,France,Organic,Home,HOM-011,1,93.18,EUR,10,9.2,False,Paid
OL-0003271,ORD-001950,2026-05-29,CUS-S-00288,Small Business,France,Organic,Home,HOM-029,-1,71.72,EUR,0,7.69,True,Refunded
OL-0001748,ORD-001043,18/06/2026,CUS-C-00693,Consumer,France,Paid Search,Office,OFF-018,3,11.78,EUR,0,4.24,False,Paid
OL-0001288,ORD-000775,06/04/2026,CUS-C-00428,Consumer,United States,Organic,Office,OFF-016,2,10.2,USD,0,5.97,False,Paid
OL-0001282,ORD-000772,05/02/2026,CUS-B-00202,Corporate,Germany,Email,Home,HOM-025,2,132.19,EUR,0,8.1,False,Paid
OL-0004935,ORD-002950,01/03/2026,CUS-C-01138,Consumer,Germany,Social,Electronics,ELE-029,1,1077.2,EUR,10,12.67,False,Paid
OL-0002620,ORD-001563,16/05/2026,CUS-S-00271,Small Business,France,Organic,Office,OFF-002,1,11.24,EUR,0,5.38,False,Paid
OL-0002064,ORD-001231,2026-05-01,CUS-C-01259,Consumer,Germany,Social,Office,OFF-023,2,55.53,EUR,0,5.82,False,Paid
OL-0002192,ORD-001310,05/04/2026,CUS-S-00112,Small Business,France,Email,Office,OFF-005,1,52.1,EUR,0,5.32,False,Paid
OL-0004650,ORD-002776,2026-05-04,CUS-B-00248,Corporate,France,Social,Electronics,ELE-014,22,188.35,EUR,0,10.22,False,Paid
OL-0005155,ORD-003083,09/04/2026,CUS-S-00469,Small Business,Spain,Organic,Office,OFF-006,6,27.47,EUR,0,5.39,False,Paid
OL-0004718,ORD-002817,2026-06-27,CUS-C-01076,Consumer,Germany,Social,Office,OFF-029,2,88.56,EUR,0,4.25,False,Paid
OL-0001952,ORD-001160,2026-06-12,CUS-B-00053,Corporate,United States,Organic,Office,OFF-017,4,9.99,USD,0,3.96,False,Paid
OL-0004579,ORD-002736,2026-06-06,CUS-B-00014,Corporate,France,Paid Search,Home,HOM-033,2,63.1,EUR,0,9.47,False,Paid
OL-0002918,ORD-001735,2026-03-29,CUS-C-00005,Consumer,France,Organic,Electronics,ELE-001,2,562.05,EUR,20,13.58,False,Paid
OL-0004936,ORD-002951,23/01/2026,CUS-S-00297,Small Business,Germany,Organic,Home,HOM-016,3,267.56,EUR,0,9.74,False,Paid
OL-0000608,ORD-000371,15/03/2026,CUS-B-00197,Corporate,United Kingdom,Social,Office,OFF-023,1,48.78,GBP,0,3.16,False,Paid
OL-0004094,ORD-002448,28/04/2026,CUS-B-00003,Corporate,France,Marketplace,Electronics,ELE-015,1,185.89,EUR,15,13.12,False,Paid
OL-0004804,ORD-002873,03/06/2026,CUS-C-01260,Consumer,Germany,Organic,Electronics,ELE-034,1,446.73,EUR,10,14.07,False,Paid
OL-0003405,ORD-002027,2026-05-18,CUS-B-00232,Corporate,Germany,Social,Office,OFF-037,1,12.02,EUR,0,3.88,False,Paid
OL-0001113,ORD-000663,2026-06-14,CUS-C-00164,Consumer,Germany,Marketplace,Electronics,ELE-036,1,1126.92,EUR,0,10.52,False,Paid
OL-0003942,ORD-002359,2026-02-19,CUS-S-00189,Small Business,Germany,Marketplace,Office,OFF-006,3,27.65,EUR,0,4.31,False,Paid
OL-0004853,ORD-002904,2026-06-17,CUS-C-00804,Consumer,France,Organic,Electronics,ELE-021,1,483.2,EUR,0,16.5,False,Paid
OL-0000114,ORD-000067,2026-03-24,CUS-B-00044,Corporate,Germany,Marketplace,Electronics,ELE-029,1,1164.81,EUR,15,10.2,False,Paid
OL-0004507,ORD-002693,24/06/2026,CUS-C-01134,Consumer,Germany,Email,Electronics,ELE-010,1,1193.6,EUR,15,14.41,False,Paid
OL-0000204,ORD-000126,2026-06-07,CUS-C-00053,Consumer,Germany,Paid Search,electronics,ELE-015,2,183.67,EUR,10,14.55,False,Paid
OL-0000340,ORD-000208,19/06/2026,CUS-C-00035,Consumer,Spain,Social,Electronics,ELE-032,1,519.53,EUR,0,11.46,False,Paid
OL-0000838,ORD-000506,04/02/2026,CUS-C-00146,Consumer,Germany,Social,Office,OFF-009,2,79.39,EUR,10,4.66,False,Paid
OL-0004360,ORD-002609,28/04/2026,CUS-S-00012,Small Business,United States,Email,Home,HOM-003,2,182.38,USD,0,7.9,False,Paid
OL-0000388,ORD-000235,18/06/2026,CUS-C-00328,Consumer,Spain,Organic,Office,OFF-026,7,22.2,EUR,0,5.65,False,Paid
OL-0004153,ORD-002485,17/03/2026,CUS-C-01419,Consumer,Germany,Social,Electronics,ELE-018,1,1105.79,EUR,25,13.33,False,Paid
OL-0004823,ORD-002890,2026-04-22,CUS-C-01405,Consumer,France,Email,Home,HOM-013,1,106.71,EUR,5,7.8,False,Paid
OL-0002577,ORD-001536,2026-04-19,CUS-C-01495,Consumer,United Kingdom,Paid Search,Home,HOM-031,1,64.89,GBP,10,8.72,False,Paid
OL-0003784,ORD-002262,2026-05-22,CUS-B-00239,Corporate,United States,Organic,Electronics,ELE-004,1,1162.06,USD,0,17.24,False,Paid
OL-0003024,ORD-001797,2026-06-20,CUS-C-00652,Consumer,United States,Organic,Home,HOM-028,1,377.01,USD,10,10.34,False,Paid
OL-0003427,ORD-002042,08/04/2026,CUS-C-00875,Consumer,France,Organic,Electronics,ELE-001,1,593.25,EUR,0,14.62,False,Paid
OL-0003384,ORD-002009,04/03/2026,CUS-C-01011,Consumer,United Kingdom,Paid Search,Office,OFF-028,5,21.97,GBP,0,4.18,False,Paid
OL-0004666,ORD-002788,2026-02-07,,Consumer,France,Marketplace,Office,OFF-009,2,79.38,EUR,0,5.08,False,Paid
OL-0002234,ORD-001335,2026-03-03,CUS-S-00140,Small Business,Spain,Social,Home,HOM-009,-2,133.59,EUR,0,6.84,True,Refunded
OL-0001651,ORD-000986,2026-01-27,CUS-C-00466,Consumer,France,Organic,Office,OFF-038,1,58.94,EUR,0,4.16,False,Paid
OL-0003248,ORD-001934,2026-02-16,CUS-C-00746,Consumer,Germany,Paid Search,Home,HOM-030,1,129.05,EUR,5,9.03,False,Paid
OL-0004907,ORD-002934,2026-06-21,CUS-S-00318,Small Business,Spain,Email,Home,HOM-017,1,49.1,EUR,0,9.7,False,Paid
OL-0000678,ORD-000410,2026-04-28,CUS-C-01420,Consumer,Spain,Organic,Home,HOM-010,1,144.59,EUR,0,9.18,False,Paid
OL-0003862,ORD-002307,2026-06-13,CUS-C-00275,Consumer,France,Paid Search,Office,OFF-030,1,65.95,EUR,15,4.75,False,Paid
OL-0001540,ORD-000917,2026-05-30,CUS-S-00305,Small Business,France,Organic,Office,OFF-022,2,22.41,EUR,0,4.45,False,Paid
OL-0001917,ORD-001137,25/01/2026,CUS-S-00494,Small Business,Spain,Paid Search,Electronics,ELE-032,2,514.37,EUR,25,10.7,False,Paid
OL-0000062,ORD-000034,18/06/2026,,Consumer,United Kingdom,Paid Search,Electronics,ELE-037,1,223.88,GBP,10,12.91,False,Paid
OL-0003660,ORD-002184,02/01/2026,CUS-B-00174,Corporate,United Kingdom,Paid Search,Home,HOM-040,1,263.61,GBP,15,7.7,False,Paid
OL-0004138,ORD-002473,2026-02-23,CUS-S-00178,Small Business,Spain,Social,Electronics,ELE-023,3,523.24,EUR,15,10.65,False,Paid
OL-0004358,ORD-002607,2026-06-08,CUS-C-01404,Consumer,Spain,Paid Search,Home,HOM-007,3,135.68,EUR,0,7.42,False,Paid
OL-0001481,ORD-000883,2026-03-06,,Consumer,France,Social,Electronics,ELE-022,1,362.33,EUR,10,12.55,False,Paid
OL-0000791,ORD-000474,2026-03-30,CUS-S-00520,Small Business,Germany,Email,Electronics,ELE-019,1,243.74,EUR,15,10.08,False,Paid
OL-0001671,ORD-000998,2026-01-23,CUS-C-00468,Consumer,France,Organic,Electronics,ELE-030,-1,1074.15,EUR,0,13.26,True,Refunded
OL-0003209,ORD-001910,2026-01-08,CUS-B-00142,Corporate,Germany,Organic,Electronics,ELE-006,1,220.71,EUR,0,12.95,False,Pending
OL-0005435,ORD-003250,2026-05-04,CUS-S-00097,Small Business,United States,Paid Search,Office,OFF-036,2,20.32,USD,15,4.81,False,Paid
OL-0003117,ORD-001856,2026-06-19,CUS-B-00020,Corporate,France,Paid Search,Office,OFF-038,3,59.86,EUR,0,4.79,False,Paid
OL-0004948,ORD-002960,2026-01-03,CUS-S-00565,Small Business,France,Paid Search,Electronics,ELE-024,1,1047.01,EUR,5,11.66,False,Paid
OL-0004236,ORD-002532,2026-05-16,CUS-C-00567,Consumer,United Kingdom,Organic,Electronics,ELE-033,1,713.11,GBP,20,11.35,False,Paid
OL-0005342,ORD-003193,2026-04-13,CUS-C-01337,Consumer,France,Email,Office,OFF-028,1,24.87,EUR,0,5.53,False,Paid
OL-0003750,ORD-002238,09/04/2026,CUS-S-00378,Small Business,United Kingdom,Email,Home,HOM-032,3,205.06,GBP,15,6.02,False,Paid
OL-0004400,ORD-002630,2026-02-05,CUS-C-00310,Consumer,United Kingdom,Organic,Electronics,ELE-007,1,414.51,GBP,25,12.25,False,Paid
OL-0002597,ORD-001551,2026-05-19,CUS-B-00009,Corporate,United Kingdom,Email,Electronics,ELE-018,2,1021.29,GBP,15,11.47,False,Paid
OL-0004005,ORD-002396,21/06/2026,CUS-S-00395,Small Business,France,Organic,Office,OFF-038,5,58.97,EUR,0,4.55,False,Paid
OL-0002094,ORD-001252,28/06/2026,CUS-B-00151,Corporate,France,Social,Office,OFF-021,4,30.33,EUR,0,5.52,False,Paid
OL-0000734,ORD-000441,2026-06-12,CUS-C-00283,Consumer,Spain,Organic,Home,HOM-020,-1,58.45,EUR,0,9.4,True,Refunded
OL-0003691,ORD-002203,2026-01-31,CUS-B-00082,Corporate,United Kingdom,Marketplace,Home,HOM-029,1,56.19,GBP,15,8.92,False,Paid
OL-0004550,ORD-002717,2026-04-17,CUS-C-00392,Consumer,Spain,Organic,Home,HOM-009,4,131.4,EUR,0,8.14,False,Paid
OL-0003957,ORD-002366,02/06/2026,CUS-C-00137,Consumer,United Kingdom,Social,Home,HOM-013,1,86.59,GBP,15,6.59,False,Paid
OL-0005090,ORD-003046,20/06/2026,CUS-S-00326,Small Business,United States,Organic,Electronics,ELE-037,1,302.8,USD,0,15.78,False,Pending
OL-0001841,ORD-001096,2026-05-08,CUS-C-00684,Consumer,United Kingdom,Organic,Office,OFF-021,1,26.41,GBP,0,4.0,False,Paid
OL-0002852,ORD-001700,02/06/2026,CUS-C-00362,Consumer,United Kingdom,Email,Office,OFF-025,300,8.33,GBP,0,3.6,False,Paid
OL-0000528,ORD-000325,2026-02-19,CUS-S-00348,Small Business,Spain,Organic,Electronics,ELE-018,1,1138.48,EUR,0,10.84,False,Paid
OL-0003304,ORD-001963,01/01/2026,CUS-S-00476,Small Business,Spain,Paid Search,Home,HOM-012,1,125.69,EUR,0,8.47,False,Paid
OL-0005660,ORD-003393,2026-01-25,CUS-C-01326,Consumer,Spain,Paid Search,Office,OFF-027,3,54.19,EUR,0,4.18,False,Paid
OL-0002510,ORD-001494,15/06/2026,CUS-C-01408,Consumer,United Kingdom,Paid Search,Office,OFF-003,2,9.15,GBP,20,4.99,False,Paid
OL-0002229,ORD-001334,2026-01-03,CUS-C-00486,Consumer,Spain,Social,Electronics,ELE-035,1,460.56,EUR,10,14.05,False,Paid
OL-0002095,ORD-001253,2026-01-15,CUS-C-01486,Consumer,France,Social,Office,OFF-026,1,21.57,EUR,0,4.76,False,Paid
OL-0004336,ORD-002595,2026-06-02,CUS-C-00824,Consumer,France,Organic,Home,HOM-011,1,93.23,EUR,0,7.6,False,Paid
OL-0000804,ORD-000484,29/01/2026,,Consumer,France,Marketplace,Electronics,ELE-040,1,327.16,EUR,15,12.7,False,Paid
OL-0000858,ORD-000520,12/05/2026,CUS-B-00149,Corporate,France,Organic,Electronics,ELE-024,2,1035.8,EUR,10,12.8,False,Paid
OL-0003471,ORD-002067,2026-05-15,CUS-C-00221,Consumer,Germany,Social,Home,HOM-033,1,67.47,EUR,0,6.83,False,Paid
OL-0002419,ORD-001439,04/02/2026,CUS-S-00579,Small Business,Germany,Paid Search,Electronics,ELE-002,1,397.31,EUR,15,12.86,False,Paid
OL-0002755,ORD-001642,2026-02-07,CUS-C-00307,Consumer,France,Social,Office,OFF-030,1,67.3,EUR,0,5.33,False,Paid
OL-0004680,ORD-002794,2026-02-07,CUS-C-01412,Consumer,France,Organic,Home,HOM-006,2,84.77,EUR,0,8.36,False,Paid
OL-0001644,ORD-000982,2026-01-09,CUS-C-00685,Consumer,Spain,Email,Home,HOM-035,1,201.14,EUR,20,9.01,False,Paid
OL-0000220,ORD-000137,2026-04-18,CUS-C-00952,Consumer,Germany,Email,Electronics,ELE-036,1,1225.3,EUR,10,15.26,False,Paid
OL-0005175,ORD-003093,2026-05-05,CUS-S-00080,Small Business,United States,Organic,Office,OFF-023,1,60.99,USD,0,4.49,False,Paid
OL-0001289,ORD-000776,2026-04-22,CUS-S-00035,Small Business,United Kingdom,Email,Home,HOM-039,1,41.15,GBP,0,9.2,False,Paid
OL-0001116,ORD-000666,2026-05-05,CUS-B-00132,Corporate,Spain,Organic,Office,OFF-022,3,23.9,EUR,0,5.06,False,Paid
OL-0000583,ORD-000356,2026-02-20,CUS-C-00343,Consumer,Spain,Social,Office,OFF-028,1,26.85,EUR,0,5.44,False,Paid
OL-0003162,ORD-001876,19/05/2026,CUS-S-00545,Small Business,France,Paid Search,Home,HOM-022,1,66.15,EUR,0,10.15,False,Paid
OL-0000044,ORD-000024,24/04/2026,CUS-S-00528,Small Business,France,Organic,Home,HOM-036,1,141.01,EUR,10,9.14,False,Paid
OL-0005772,ORD-003457,04/06/2026,CUS-C-00756,Consumer,Spain,Marketplace,Home,HOM-040,1,294.43,EUR,0,7.84,False,Paid
OL-0002452,ORD-001457,2026-03-13,CUS-B-00079,Corporate,Spain,Marketplace,Office,OFF-025,3,9.97,EUR,0,5.24,False,Paid
OL-0004790,ORD-002863,21/02/2026,CUS-S-00545,Small Business,Germany,Organic,Electronics,ELE-037,3,269.46,EUR,5,11.59,False,Paid
OL-0001521,ORD-000911,2026-03-16,,Consumer,France,Social,Office,OFF-022,5,23.09,EUR,0,3.96,False,Paid
OL-0003129,ORD-001862,2026-03-17,CUS-C-01400,Consumer,Spain,Email,Office,OFF-027,1,53.83,EUR,0,4.15,False,Paid
OL-0002132,ORD-001272,26/04/2026,CUS-C-00187,Consumer,United States,Organic,Home,HOM-015,1,152.0,USD,5,7.43,False,Paid
OL-0001745,ORD-001042,19/05/2026,CUS-C-00754,Consumer,Spain,Paid Search,Electronics,ELE-030,1,1131.35,EUR,15,10.94,False,Paid
OL-0005790,ORD-003468,03/01/2026,CUS-C-01205,Consumer,Spain,Paid Search,Electronics,ELE-021,1,455.83,EUR,20,16.4,False,Paid
OL-0001225,ORD-000729,2026-05-26,,Consumer,Spain,Marketplace,Home,HOM-017,1,51.91,EUR,5,10.6,False,Paid
OL-0002800,ORD-001670,2026-06-16,CUS-B-00147,Corporate,France,Social,Office,OFF-016,-8,9.4,EUR,0,4.71,True,Refunded
OL-0001072,ORD-000640,2026-01-14,CUS-S-00180,Small Business,France,Social,Electronics,ELE-005,1,519.53,EUR,15,16.23,False,Paid
OL-0000719,ORD-000432,21/06/2026,CUS-C-00456,Consumer,Spain,Organic,Electronics,ELE-024,1,1078.04,EUR,15,12.26,False,Paid
OL-0004357,ORD-002607,2026-06-08,CUS-C-01404,Consumer,Spain,Paid Search,Home,HOM-005,1,264.86,EUR,0,7.66,False,Paid
OL-0001962,ORD-001166,2026-06-21,,Consumer,United Kingdom,Social,Home,HOM-038,1,81.68,GBP,0,6.34,False,Paid
OL-0000671,ORD-000406,2026-03-08,CUS-B-00121,Corporate,Spain,Organic,Electronics,ELE-023,1,490.89,EUR,0,15.34,False,Paid
OL-0003894,ORD-002327,2026-06-25,CUS-S-00566,Small Business,Spain,Social,Office,OFF-009,2,74.82,EUR,0,3.94,False,Paid
OL-0003103,ORD-001849,04/04/2026,CUS-C-01282,Consumer,Germany,Paid Search,Home,HOM-027,1,111.49,EUR,0,9.48,False,Paid
OL-0002046,ORD-001220,2026-05-28,,Corporate,Germany,Marketplace,Office,OFF-008,-1,8.04,EUR,10,4.51,True,Paid
OL-0004798,ORD-002869,11/02/2026,CUS-S-00592,Small Business,France,Marketplace,Office,OFF-017,1,9.83,EUR,10,5.24,False,Paid
OL-0002740,ORD-001634,2026-03-10,CUS-C-00654,Consumer,Germany,Organic,Electronics ,ELE-025,2,430.88,EUR,15,15.58,False,Paid
OL-0000898,ORD-000541,23/04/2026,CUS-C-01382,Consumer,Spain,Social,Home,HOM-023,1,47.2,EUR,0,8.47,False,Paid
OL-0001259,ORD-000756,2026-05-05,CUS-C-01111,Consumer,United Kingdom,Organic,Electronics ,ELE-007,1,411.64,GBP,10,13.64,False,Paid
OL-0002856,ORD-001701,2026-03-23,CUS-B-00086,Corporate,France,Organic,Home,HOM-010,1,145.72,EUR,25,7.05,False,Paid
OL-0000096,ORD-000056,23/02/2026,CUS-C-01122,Consumer,Spain,Paid Search,Electronics,ELE-010,1,1163.6,EUR,25,13.78,False,Paid
OL-0003022,ORD-001796,2026-03-17,CUS-B-00057,Corporate,Germany,Organic,Office,OFF-014,4,29.89,EUR,0,3.7,False,Paid
OL-0003277,ORD-001951,2026-04-26,CUS-C-01000,Consumer,United Kingdom,Social,Home,HOM-033,1,57.56,GBP,0,6.15,False,Paid
OL-0000843,ORD-000508,2026-02-26,CUS-B-00201,Corporate,Germany,Organic,Electronics,ELE-023,1,518.45,EUR,25,15.05,False,Paid
OL-0004035,ORD-002412,21/06/2026,CUS-B-00138,Corporate,United Kingdom,Organic,Office,OFF-039,2,16.64,GBP,5,4.82,False,Pending
OL-0002706,ORD-001613,2026-04-20,,Small Business,United Kingdom,Social,Electronics,ELE-008,2,956.59,GBP,15,9.26,False,Paid
OL-0004976,ORD-002976,2026-05-01,CUS-C-00494,Consumer,Spain,Social,Home,HOM-018,4,46.85,EUR,0,9.23,False,Pending
OL-0002619,ORD-001563,16/05/2026,CUS-S-00271,Small Business,France,Organic,Home,HOM-034,1,329.57,EUR,0,10.65,False,Paid
OL-0003419,ORD-002037,2026-06-09,CUS-S-00455,Small Business,Germany,Social,Office,OFF-013,6,49.31,EUR,0,3.7,False,Paid
OL-0004632,ORD-002768,19/01/2026,CUS-S-00027,Small Business,Germany,Paid Search,Home,HOM-038,1,93.19,EUR,0,10.36,False,Paid
OL-0005152,ORD-003081,10/01/2026,CUS-S-00352,Small Business,Spain,Organic,Office,OFF-029,2,87.67,EUR,0,4.75,False,Paid
OL-0000323,ORD-000197,16/05/2026,CUS-C-00967,Consumer,Germany,Paid Search,Home,HOM-008,1,72.12,EUR,0,6.53,False,Paid
OL-0004356,ORD-002606,27/05/2026,CUS-S-00447,Small Business,France,Marketplace,Electronics,ELE-002,1,404.42,EUR,10,15.91,False,Paid
OL-0002133,ORD-001273,2026-06-05,CUS-B-00011,Corporate,France,Email,Office,OFF-040,3,57.53,EUR,0,3.75,False,Paid
OL-0003728,ORD-002225,21/01/2026,CUS-C-01024,Consumer,United Kingdom,Organic,Office,OFF-039,1,17.19,GBP,0,3.43,False,Paid
OL-0000335,ORD-000203,2026-03-04,CUS-C-00770,Consumer,Spain,Organic,Office,OFF-031,3,57.22,EUR,0,4.58,False,Paid
OL-0002645,ORD-001578,25/01/2026,CUS-S-00107,Small Business,France,Email,Home,HOM-016,-1,274.65,EUR,15,8.49,True,Paid
OL-0000333,ORD-000202,14/06/2026,CUS-S-00137,Small Business,United States,Paid Search,Home,HOM-017,1,53.57,USD,0,8.95,False,Paid
OL-0000834,ORD-000503,2026-04-23,CUS-C-00090,Consumer,United States,Organic,Office,OFF-002,2,11.67,USD,0,5.19,False,Paid
OL-0002535,ORD-001508,2026-05-31,CUS-S-00371,Small Business,Germany,Organic,Home,HOM-030,4,131.15,EUR,0,8.71,False,Paid
OL-0002168,ORD-001296,2026-06-29,CUS-C-01387,Consumer,United States,Social,Electronics,ELE-012,2,591.76,USD,10,12.99,False,Paid
OL-0002252,ORD-001344,09/01/2026,CUS-C-01433,Consumer,United Kingdom,Paid Search,Electronics,ELE-002,1,340.28,GBP,15,12.99,False,Paid
OL-0001887,ORD-001122,2026-04-23,CUS-B-00240,Corporate,France,Social,Office,OFF-016,5,9.2,EUR,0,4.03,False,Paid
OL-0002167,ORD-001295,2026-03-21,CUS-B-00027,Corporate,Germany,Social,Electronics,ELE-020,1,436.09,EUR,5,14.34,False,Paid
OL-0000732,ORD-000440,08/05/2026,CUS-S-00279,Small Business,Spain,Email,Home,HOM-027,2,110.73,EUR,10,8.77,False,Paid
OL-0001696,ORD-001014,2026-05-24,CUS-C-00430,Consumer,United Kingdom,Paid Search,Electronics,ELE-014,1,160.67,GBP,0,9.85,False,Paid
OL-0000292,ORD-000179,2026-06-10,CUS-C-01303,Consumer,France,Marketplace,Electronics,ELE-036,1,1181.52,EUR,15,14.45,False,Paid
OL-0000185,ORD-000114,15/04/2026,CUS-S-00063,Small Business,Germany,Paid Search,Home,HOM-007,1,142.37,EUR,0,8.13,False,Paid
OL-0004727,ORD-002822,2026-01-18,CUS-C-00164,Consumer,United Kingdom,Social,Office,OFF-013,7,43.33,GBP,10,3.76,False,Paid
OL-0004764,ORD-002845,13/05/2026,CUS-C-01149,Consumer,Germany,Marketplace,Electronics,ELE-015,-1,194.54,EUR,10,16.23,True,Refunded
OL-0003212,ORD-001911,02/03/2026,CUS-S-00245,Small Business,Germany,Social,Electronics,ELE-003,1,444.8,EUR,10,11.61,False,Paid
OL-0000534,ORD-000329,2026-02-01,CUS-C-01407,Consumer,Germany,Email,Home,HOM-018,3,48.81,EUR,15,10.71,False,Paid
OL-0002836,ORD-001692,11/04/2026,CUS-B-00179,Corporate,France,Social,Electronics,ELE-037,2,276.78,EUR,20,10.48,False,Paid
OL-0002716,ORD-001619,29/04/2026,CUS-C-01013,Consumer,United Kingdom,Paid Search,Office,OFF-016,5,7.68,GBP,0,4.03,False,Paid
OL-0003899,ORD-002331,2026-06-18,CUS-C-01460,Consumer,Germany,Email,Home,HOM-013,1,104.32,EUR,0,8.11,False,Paid
OL-0003169,ORD-001882,2026-05-22,CUS-S-00244,Small Business,United Kingdom,Social,Office,OFF-030,2,54.74,GBP,0,4.02,False,Paid
OL-0000658,ORD-000400,2026-05-24,CUS-S-00454,Small Business,France,Social,Electronics,ELE-027,1,681.0,EUR,15,10.49,False,Paid
OL-0001256,ORD-000754,2026-04-15,CUS-C-00125,Consumer,Spain,Email,Home,HOM-012,1,133.29,EUR,0,9.69,False,Paid
OL-0002723,ORD-001623,03/04/2026,CUS-C-00851,Consumer,Germany,Marketplace,Electronics,ELE-005,1,558.36,EUR,15,13.6,False,Paid
OL-0002733,ORD-001631,2026-01-11,CUS-C-00692,Consumer,Spain,Organic,Home,HOM-012,2,125.34,EUR,10,9.66,False,Paid
OL-0002482,ORD-001478,19/06/2026,,Small Business,France,Social,Office,OFF-014,5,27.63,EUR,0,4.89,False,Paid
OL-0005088,ORD-003045,2026-04-19,CUS-S-00113,Small Business,France,Social,Electronics,ELE-002,2,388.85,EUR,0,13.17,False,Paid
OL-0000899,ORD-000542,2026-02-28,CUS-S-00325,Small Business,Spain,Marketplace,Office,OFF-005,5,53.08,EUR,0,4.24,False,Paid
OL-0000429,ORD-000261,2026-05-22,CUS-C-01348,Consumer,France,Organic,Electronics,ELE-003,2,430.72,EUR,15,14.31,False,Paid
OL-0005449,ORD-003259,28/04/2026,CUS-C-01428,Consumer,France,Social,Electronics,ELE-009,1,222.9,EUR,15,16.05,False,Paid
OL-0001993,ORD-001188,2026-06-28,CUS-C-00559,Consumer,Germany,Organic,Office,OFF-017,5,9.83,EUR,0,3.8,False,Paid
OL-0002005,ORD-001194,2026-05-24,CUS-S-00007,Small Business,United Kingdom,Paid Search,Home,HOM-039,1,38.85,GBP,0,6.21,False,Paid
OL-0001437,ORD-000860,2026-04-12,CUS-S-00598,Small Business,United States,Organic,Home,HOM-026,1,211.4,USD,0,9.42,False,Paid
OL-0005430,ORD-003248,06/04/2026,CUS-S-00428,Small Business,United Kingdom,Email,Office,OFF-034,4,62.92,GBP,15,3.44,False,Paid
OL-0001223,ORD-000727,09/02/2026,CUS-C-00523,Consumer,Germany,Organic,Home,HOM-025,3,127.5,EUR,15,8.24,False,Paid
OL-0002888,ORD-001717,2026-04-27,,Consumer,France,Marketplace,Electronics,ELE-027,1,666.25,EUR,0,16.59,False,Paid
OL-0002338,ORD-001395,2026-01-20,CUS-C-00410,Consumer,France,Paid Search,Electronics,ELE-010,1,1182.49,EUR,15,16.78,False,Paid
OL-0003516,ORD-002095,03/01/2026,CUS-C-00905,Consumer,Spain,Social,Electronics,ELE-032,2,530.62,EUR,15,15.0,False,Paid
OL-0004520,ORD-002700,03/04/2026,CUS-B-00116,Corporate,Spain,Paid Search,Home,HOM-014,2,194.34,EUR,0,9.25,False,Paid
OL-0002367,ORD-001410,2026-06-11,CUS-C-00956,Consumer,Germany,Email,Electronics,ELE-001,2,599.64,EUR,20,12.68,False,Paid
OL-0004714,ORD-002814,2026-04-15,,Small Business,United States,Social,Office,OFF-028,4,28.87,USD,0,5.72,False,Paid
OL-0002848,ORD-001699,2026-06-27,CUS-C-00357,Consumer,France,Email,Office,OFF-003,4,10.5,EUR,0,5.73,False,Paid
OL-0004337,ORD-002596,25/05/2026,CUS-S-00442,Small Business,France,Paid Search,Office,OFF-039,2,20.29,EUR,0,4.11,False,Paid
OL-0003387,ORD-002011,09/04/2026,CUS-S-00140,Small Business,United States,Organic,Home,HOM-007,2,142.03,USD,20,9.51,False,Paid
OL-0001722,ORD-001027,2026-01-22,CUS-C-00161,Consumer,United Kingdom,Paid Search,Home,HOM-006,1,69.27,GBP,0,7.78,False,Paid
OL-0002405,ORD-001431,2026-05-28,CUS-S-00451,Small Business,Spain,Email,Home,HOM-038,2,91.59,EUR,0,8.28,False,Paid
OL-0001819,ORD-001084,03/05/2026,CUS-S-00075,Small Business,Spain,Organic,Office,OFF-008,2,8.26,EUR,0,3.9,False,Paid
OL-0005419,ORD-003241,2026-04-03,CUS-C-01177,Consumer,France,Organic,Electronics,ELE-003,1,428.11,EUR,0,11.71,False,Paid
OL-0002677,ORD-001595,27/01/2026,CUS-B-00027,Corporate,France,Organic,Office,OFF-010,1,12.51,EUR,0,5.76,False,Paid
OL-0004956,ORD-002962,2026-04-03,CUS-C-00958,Consumer,Germany,Social,Home,HOM-011,2,88.2,EUR,0,9.82,False,Paid
OL-0003613,ORD-002155,2026-01-19,CUS-C-01255,Consumer,Germany,Organic,Office,OFF-024,2,17.95,EUR,0,6.05,False,Paid
OL-0003729,ORD-002225,21/01/2026,CUS-C-01024,Consumer,United Kingdom,Organic,Home,HOM-014,4,167.52,GBP,0,5.55,False,Paid
OL-0002906,ORD-001728,2026-01-02,CUS-C-00606,Consumer,United Kingdom,Paid Search,Electronics,ELE-023,1,444.01,GBP,15,11.43,False,Paid
OL-0001411,ORD-000846,19/06/2026,CUS-S-00513,Small Business,United States,Email,Office,OFF-040,1,61.46,USD,0,6.04,False,Paid
OL-0004343,ORD-002599,2026-03-06,CUS-C-01181,Consumer,France,Organic,Office,OFF-002,5,11.39,EUR,0,3.68,False,Paid
OL-0004003,ORD-002396,21/06/2026,CUS-S-00395,Small Business,France,Organic,Office,OFF-021,3,30.2,EUR,15,5.71,False,Paid
OL-0005714,ORD-003424,2026-04-21,CUS-C-00994,Consumer,Germany,Organic,Electronics,ELE-031,1,216.14,EUR,20,12.61,False,Pending
OL-0002165,ORD-001293,03/05/2026,CUS-S-00519,Small Business,France,Email,Electronics,ELE-034,1,464.52,EUR,0,13.59,False,Paid
OL-0001832,ORD-001089,31/05/2026,CUS-S-00288,Small Business,United Kingdom,Social,Office,OFF-018,1,10.03,GBP,0,3.94,False,Paid
OL-0001127,ORD-000672,2026-03-19,CUS-S-00122,Small Business,France,Email,Electronics,ELE-038,1,499.27,EUR,0,16.41,False,Paid
OL-0004372,ORD-002616,2026-01-28,CUS-C-00618,Consumer,France,Organic,Home,HOM-013,1,104.06,EUR,15,6.42,False,Paid
OL-0005638,ORD-003380,2026-06-09,CUS-C-00173,Consumer,Germany,Paid Search,Office,OFF-008,4,8.12,EUR,0,4.05,False,Pending
OL-0004515,ORD-002696,2026-01-17,CUS-B-00233,Corporate,Germany,Social,Electronics,ELE-018,1,1120.78,EUR,20,11.72,False,Paid
OL-0003781,ORD-002260,2026-04-24,CUS-S-00300,Small Business,France,Email,Home,HOM-030,4,134.03,EUR,15,8.15,False,Paid
OL-0000305,ORD-000186,2026-06-15,CUS-B-00231,Corporate,Spain,Marketplace,Electronics,ELE-013,1,343.4,EUR,15,13.79,False,Paid
OL-0001898,ORD-001129,2026-04-26,CUS-C-01178,Consumer,Germany,Email,Electronics,ELE-003,1,443.2,EUR,15,11.03,False,Paid
OL-0001293,ORD-000777,2026-06-05,CUS-C-01062,Consumer,Germany,Email,Electronics,ELE-013,1,340.64,EUR,0,11.57,False,Paid
OL-0000071,ORD-000042,02/06/2026,CUS-S-00501,Small Business,France,Email,Home,HOM-038,2,95.53,EUR,0,8.8,False,Paid
OL-0004145,ORD-002480,19/04/2026,CUS-C-00689,Consumer,France,Paid Search,Office,OFF-012,2,83.47,EUR,0,5.55,False,Paid
OL-0001306,ORD-000784,2026-01-23,CUS-B-00027,Corporate,United Kingdom,Organic,Electronics,ELE-032,2,451.59,GBP,15,13.12,False,Paid
OL-0002781,ORD-001660,2026-02-24,CUS-C-00062,Consumer,United Kingdom,Email,Office,OFF-032,5,46.06,GBP,15,3.89,False,Paid
OL-0005252,ORD-003141,2026-05-06,,Consumer,Spain,Paid Search,Electronics,ELE-002,1,387.59,EUR,15,16.77,False,Paid
OL-0004225,ORD-002527,2026-03-13,CUS-B-00226,Corporate,France,Paid Search,Home,HOM-032,1,252.31,EUR,0,9.21,False,Paid
OL-0001666,ORD-000995,2026-06-13,CUS-C-00340,Consumer,Germany,Paid Search,Office,OFF-006,4,28.97,EUR,0,4.86,False,Paid
OL-0001341,ORD-000807,2026-02-26,CUS-C-00301,Consumer,France,Organic,Electronics,ELE-039,1,215.51,EUR,0,15.55,False,Paid
OL-0000832,ORD-000502,12/06/2026,CUS-C-01429,Consumer,Germany,Marketplace,Home,HOM-010,2,143.89,EUR,0,10.71,False,Paid
OL-0002572,ORD-001533,2026-06-29,,Small Business,Spain,Marketplace,Office,OFF-004,5,16.21,EUR,0,3.75,False,Paid
OL-0001457,ORD-000871,2026-04-08,CUS-C-00852,Consumer,United States,Email,Electronics,ELE-011,1,1319.26,USD,10,11.51,False,Paid
OL-0003208,ORD-001909,2026-06-09,CUS-S-00087,Small Business,Germany,Marketplace,Electronics,ELE-007,1,520.74,EUR,20,10.93,False,Pending
OL-0003247,ORD-001934,2026-02-16,CUS-C-00746,Consumer,Germany,Paid Search,Office,OFF-022,5,22.02,EUR,20,5.49,False,Paid
OL-0000239,ORD-000149,29/03/2026,CUS-C-00140,Consumer,Spain,Paid Search,Home,HOM-039,2,49.12,EUR,0,7.39,False,Paid
OL-0000093,ORD-000055,2026-01-20,CUS-S-00366,Small Business,United Kingdom,Organic,Office,OFF-030,1,56.97,GBP,0,4.36,False,Paid
OL-0005710,ORD-003421,2026-06-19,CUS-S-00424,Small Business,Spain,Email,Office,OFF-020,1,46.63,EUR,0,6.07,False,Paid
OL-0002945,ORD-001751,2026-02-08,CUS-S-00435,Small Business,France,Paid Search,Office,OFF-030,3,67.02,EUR,0,3.93,False,Paid
OL-0002520,ORD-001500,2026-02-06,CUS-S-00499,Small Business,Germany,Organic,Home,HOM-003,1,161.9,EUR,0,6.55,False,Paid
OL-0002772,ORD-001655,2026-06-18,CUS-C-01351,Consumer,Spain,Email,Electronics,ELE-001,1,596.62,EUR,20,11.75,False,Paid
OL-0002604,ORD-001557,2026-02-13,CUS-S-00175,Small Business,Germany,Paid Search,Electronics,ELE-028,1,189.83,EUR,10,15.55,False,Paid
OL-0005307,ORD-003171,23/03/2026,,Consumer,Spain,Marketplace,Home,HOM-038,1,96.44,EUR,20,9.56,False,Paid
OL-0003440,ORD-002048,05/03/2026,CUS-S-00242,Small Business,Germany,Organic,Office,OFF-032,2,55.28,EUR,0,5.05,False,Paid
OL-0001002,ORD-000604,2026-04-21,CUS-B-00058,Corporate,France,Social,Office,OFF-008,8,8.19,EUR,0,4.31,False,Pending
OL-0002043,ORD-001218,2026-03-18,CUS-S-00421,Small Business,Germany,Organic,Home,HOM-019,2,66.96,EUR,25,8.51,False,Paid
OL-0005179,ORD-003094,2026-06-04,CUS-B-00003,Corporate,United States,Email,Electronics,ELE-014,1,195.66,USD,20,15.05,False,Paid
OL-0003429,ORD-002043,2026-04-07,CUS-B-00122,Corporate,United States,Email,Office,OFF-013,1,54.01,USD,0,5.6,False,Paid
OL-0002616,ORD-001561,2026-01-10,CUS-C-00149,Consumer,France,Social,Office,OFF-035,1,32.8,EUR,0,4.34,False,Paid
OL-0001505,ORD-000900,11/06/2026,CUS-C-01233,Consumer,United Kingdom,Marketplace,Electronics,ELE-035,1,398.59,GBP,0,13.92,False,Paid
OL-0000958,ORD-000578,25/05/2026,CUS-C-01224,Consumer,Spain,Marketplace,Electronics,ELE-031,1,208.08,EUR,0,13.63,False,Paid
OL-0003802,ORD-002271,07/05/2026,CUS-C-00978,Consumer,France,Paid Search,Electronics,ELE-001,1,567.61,EUR,10,10.51,False,Paid
OL-0005313,ORD-003174,22/06/2026,CUS-B-00023,Corporate,Germany,Email,Office,OFF-004,8,16.68,EUR,0,5.34,False,Paid
OL-0004762,ORD-002843,2026-02-15,CUS-B-00198,Corporate,Germany,Social,Home,HOM-010,2,146.29,EUR,15,8.04,False,Pending
OL-0001533,ORD-000915,2026-05-03,,Consumer,United Kingdom,Organic,Office,OFF-038,3,50.98,GBP,0,4.71,False,Paid
OL-0002303,ORD-001377,2026-06-01,CUS-C-00401,Consumer,France,Organic,Office,OFF-003,2,10.45,EUR,0,4.77,False,Paid
OL-0000412,ORD-000250,29/05/2026,CUS-C-00823,Consumer,United States,Social,Electronics,ELE-037,1,316.87,USD,5,18.15,False,Paid
OL-0001406,ORD-000842,2026-02-16,CUS-C-00432,Consumer,Spain,Social,Home,HOM-030,1,131.94,EUR,0,10.7,False,Paid
OL-0003348,ORD-001988,11/01/2026,CUS-S-00022,Small Business,France,Organic,Office,OFF-032,3,53.13,EUR,0,5.5,False,Paid
OL-0005759,ORD-003451,13/06/2026,CUS-C-01301,Consumer,United Kingdom,Paid Search,Home,HOM-015,1,122.62,GBP,15,7.79,False,Paid
OL-0001789,ORD-001067,2026-03-27,CUS-C-01421,Consumer,France,Marketplace,Home,HOM-009,1,130.53,EUR,0,10.21,False,Paid
OL-0002882,ORD-001714,11/01/2026,CUS-C-00421,Consumer,Spain,Email,Electronics,ELE-007,3,482.44,EUR,20,13.56,False,Paid
OL-0003051,ORD-001815,14/01/2026,CUS-S-00206,Small Business,Spain,Organic,Home,HOM-013,2,103.35,EUR,0,7.38,False,Paid
OL-0002088,ORD-001249,2026-01-15,CUS-C-00199,Consumer,United Kingdom,Paid Search,Electronics,ELE-024,2,908.42,GBP,20,14.27,False,Paid
OL-0001035,ORD-000619,11/04/2026,CUS-C-00872,Consumer,United Kingdom,Organic,Electronics,ELE-031,1,186.22,GBP,0,9.29,False,Paid
OL-0005264,ORD-003147,2026-01-23,CUS-C-00249,Consumer,United Kingdom,Organic,Office,OFF-001,3,48.07,GBP,0,4.14,False,Paid
OL-0004510,ORD-002694,2026-05-12,CUS-S-00412,Small Business,Germany,Email,Electronics,ELE-010,1,1136.11,EUR,10,15.79,False,Paid
OL-0005221,ORD-003120,30/06/2026,,Consumer,France,Marketplace,Office,OFF-037,7,13.28,EUR,0,4.04,False,Paid
OL-0000932,ORD-000563,21/04/2026,CUS-C-00927,Consumer,Germany,Paid Search,Home,HOM-026,1,191.68,EUR,0,10.33,False,Paid
OL-0005472,ORD-003272,2026-03-25,CUS-C-00064,Consumer,United Kingdom,Marketplace,Electronics,ELE-034,1,370.28,GBP,0,10.91,False,Paid
OL-0003329,ORD-001978,2026-05-31,CUS-C-00082,Consumer,Spain,Paid Search,Office,OFF-014,2,27.64,EUR,20,5.79,False,Pending
OL-0000634,ORD-000386,2026-04-19,CUS-C-01300,Consumer,France,Email,Office,OFF-025,1,9.92,EUR,0,3.67,False,Paid
OL-0001742,ORD-001039,2026-03-14,CUS-B-00022,Corporate,Spain,Organic,Home,HOM-028,1,333.66,EUR,10,9.59,False,Paid
OL-0000499,ORD-000305,22/02/2026,CUS-C-00633,Consumer,France,Organic,Electronics,ELE-039,2,234.19,EUR,0,13.0,False,Paid
OL-0000938,ORD-000566,2026-01-03,CUS-S-00537,Small Business,Spain,Email,Home,HOM-033,1,65.49,EUR,25,9.89,False,Paid
OL-0000416,ORD-000252,15/05/2026,CUS-C-00600,Consumer,Spain,Social,Home,HOM-034,1,331.66,EUR,15,9.52,False,Paid
OL-0002329,ORD-001390,2026-02-27,CUS-B-00054,Corporate,Spain,Paid Search,Home,HOM-016,3,282.35,EUR,0,10.26,False,Paid
OL-0003280,ORD-001953,17/06/2026,CUS-C-01388,Consumer,United States,Social,Electronics,ELE-006,1,239.65,USD,15,13.22,False,Paid
OL-0003587,ORD-002141,2026-06-14,CUS-C-01203,Consumer,Spain,Social,Office,OFF-036,2,20.87,EUR,0,3.61,False,Paid
OL-0004368,ORD-002613,2026-02-12,CUS-S-00101,Small Business,Spain,Social,Home,HOM-024,1,78.29,EUR,0,9.2,False,Paid
OL-0004913,ORD-002938,2026-05-25,CUS-B-00250,Corporate,United Kingdom,Marketplace,Office,OFF-026,4,18.02,GBP,5,5.03,False,Paid
OL-0000758,ORD-000454,2026-06-01,CUS-C-00638,Consumer,France,Social,Office,OFF-020,2,44.94,EUR,0,4.56,False,Paid
OL-0001617,ORD-000965,09/05/2026,CUS-C-00995,Consumer,United Kingdom,Social,Home,HOM-040,1,264.28,GBP,10,7.24,False,Paid
OL-0001042,ORD-000623,25/05/2026,,Small Business,United Kingdom,Social,Home,HOM-020,2,52.1,GBP,15,8.93,False,Paid
OL-0003632,ORD-002167,2026-05-02,,Consumer,Spain,Marketplace,Office,OFF-016,5,9.6,EUR,0,5.83,False,Paid
OL-0004654,ORD-002779,2026-02-21,CUS-B-00136,Corporate,Germany,Organic,Home,HOM-021,2,134.31,EUR,0,8.41,False,Paid
OL-0004465,ORD-002667,2026-01-29,CUS-S-00412,Small Business,Germany,Marketplace,Office,OFF-001,2,57.31,EUR,20,5.37,False,Paid
OL-0002463,ORD-001465,2026-06-07,CUS-C-00683,Consumer,France,Email,Home,HOM-038,1,93.86,EUR,20,10.37,False,Paid
OL-0000597,ORD-000365,2026-05-30,CUS-S-00009,Small Business,Germany,Organic,Electronics,ELE-030,1,1112.38,EUR,20,10.52,False,Paid
OL-0004044,ORD-002420,2026-02-08,CUS-S-00081,Small Business,United Kingdom,Organic,Office,OFF-033,1,28.68,GBP,10,4.31,False,Paid
OL-0002764,ORD-001649,13/05/2026,CUS-B-00207,Corporate,United Kingdom,Social,Electronics,ELE-001,1,508.29,GBP,15,13.36,False,Paid
OL-0001069,ORD-000638,2026-02-06,CUS-B-00201,Corporate,Germany,Email,Office,OFF-019,2,15.79,EUR,0,5.02,False,Paid
OL-0002196,ORD-001312,2026-05-15,CUS-C-00563,Consumer,Germany,Organic,Home,HOM-004,2,57.15,EUR,20,6.49,False,Paid
OL-0003040,ORD-001806,07/02/2026,CUS-S-00593,Small Business,Germany,Organic,Home,HOM-011,1,88.61,EUR,0,6.51,False,Paid
OL-0005605,ORD-003360,2026-05-15,CUS-S-00410,Small Business,France,Email,Electronics,ELE-029,2,1127.97,EUR,25,12.63,False,Paid
OL-0003228,ORD-001920,09/03/2026,CUS-S-00500,Small Business,Spain,Email,Home,HOM-040,2,300.34,EUR,20,10.54,False,Paid
OL-0000653,ORD-000396,02/02/2026,CUS-S-00363,Small Business,United Kingdom,Email,Electronics,ELE-015,1,161.01,GBP,0,9.08,False,Paid
OL-0004625,ORD-002763,2026-06-07,CUS-C-01415,Consumer,Spain,Social,Office,OFF-014,1,29.44,EUR,0,5.27,False,Paid
OL-0005332,ORD-003186,04/04/2026,CUS-S-00591,Small Business,Germany,Organic,Office,OFF-012,3,81.67,EUR,0,5.82,False,Paid
OL-0005168,ORD-003091,2026-02-13,CUS-S-00537,Small Business,Germany,Paid Search,Office,OFF-028,1,25.05,EUR,0,5.66,False,Paid
OL-0002717,ORD-001619,29/04/2026,CUS-C-01013,Consumer,United Kingdom,Paid Search,Office,OFF-036,2,17.35,GBP,0,4.73,False,Paid
OL-0004854,ORD-002904,2026-06-17,CUS-C-00804,Consumer,France,Organic,Home,HOM-020,3,57.01,EUR,0,6.89,False,Paid
OL-0002374,ORD-001412,28/04/2026,CUS-C-00214,Consumer,Germany,Organic,Electronics,ELE-029,1,1087.09,EUR,10,15.96,False,Paid
OL-0002700,ORD-001608,2026-03-26,CUS-C-01064,Consumer,Germany,Paid Search,Electronics,ELE-007,2,511.13,EUR,15,16.46,False,Paid
OL-0004546,ORD-002715,2026-05-07,CUS-B-00010,Corporate,Germany,Email,Home,HOM-024,1,81.11,EUR,0,6.44,False,Paid
OL-0000076,ORD-000044,2026-06-23,CUS-B-00236,Corporate,Germany,Organic,Office,OFF-037,31,12.85,EUR,0,3.98,False,Paid
OL-0003667,ORD-002189,2026-04-27,CUS-C-00581,Consumer,Germany,Organic,Home,HOM-017,1,52.91,EUR,20,10.27,False,Paid
OL-0000597,ORD-000365,2026-05-30,CUS-S-00009,Small Business,Germany,Organic,Electronics,ELE-030,1,1112.38,EUR,20,10.52,False,Paid
OL-0002930,ORD-001743,2026-03-16,CUS-C-01190,Consumer,France,Email,Home,HOM-030,3,132.48,EUR,10,8.89,False,Paid
OL-0005529,ORD-003309,12/01/2026,CUS-S-00596,Small Business,Spain,Social,Home,HOM-007,1,138.95,EUR,0,7.27,False,Paid
OL-0003900,ORD-002331,2026-06-18,CUS-C-01460,Consumer,Germany,Email,Electronics,ELE-022,2,382.26,EUR,5,16.33,False,Paid
OL-0003804,ORD-002272,17/01/2026,CUS-C-01368,Consumer,Germany,Social,Home,HOM-031,2,76.44,EUR,0,6.68,False,Paid
OL-0005026,ORD-003007,2026-05-13,CUS-C-00640,Consumer,United Kingdom,Social,Office,OFF-037,1,11.03,GBP,0,4.1,False,Paid
OL-0005283,ORD-003160,24/01/2026,CUS-C-00059,Consumer,France,Marketplace,Home,HOM-014,4,190.27,EUR,0,9.97,False,Paid
OL-0002485,ORD-001479,26/03/2026,CUS-B-00167,Corporate,France,Marketplace,Home,HOM-009,2,131.78,EUR,15,7.18,False,Paid
OL-0004792,ORD-002865,2026-06-28,CUS-C-00406,Consumer,United Kingdom,Email,Office,OFF-009,1,68.23,GBP,0,4.02,False,Paid
OL-0001011,ORD-000607,2026-01-19,CUS-C-00964,Consumer,United Kingdom,Organic,Office,OFF-001,6,49.96,GBP,0,4.79,False,Paid
OL-0001030,ORD-000616,2026-02-12,CUS-B-00198,Corporate,Spain,Paid Search,Electronics,ELE-020,-1,477.57,EUR,15,16.31,True,Refunded
OL-0002843,ORD-001695,2026-01-25,CUS-C-01406,Consumer,Spain,Email,Electronics,ELE-011,1,1155.21,EUR,25,16.11,False,Paid
OL-0000829,ORD-000501,02/04/2026,CUS-C-00833,Consumer,France,Paid Search,Office,OFF-039,1,20.06,EUR,0,5.65,False,Paid
OL-0002707,ORD-001613,2026-04-20,,Small Business,United Kingdom,Social,Office,OFF-021,4,26.01,GBP,0,4.82,False,Paid
OL-0001877,ORD-001116,2026-06-24,CUS-C-00925,Consumer,United States,Marketplace,Office,OFF-009,3,81.62,USD,0,4.12,False,Paid
OL-0000097,ORD-000057,2026-02-26,CUS-S-00088,Small Business,United Kingdom,Marketplace,Home,HOM-004,1,49.14,GBP,0,6.32,False,Paid
OL-0003379,ORD-002006,03/01/2026,CUS-B-00229,Corporate,Spain,Organic,Electronics,ELE-039,1,222.68,EUR,10,10.91,False,Pending
OL-0004598,ORD-002749,2026-05-23,,Small Business,Germany,Paid Search,Office,OFF-039,2,19.81,EUR,0,4.0,False,Paid
OL-0004596,ORD-002747,2026-02-22,CUS-S-00258,Small Business,United Kingdom,Paid Search,Office,OFF-003,1,9.37,GBP,0,3.5,False,Paid
OL-0004842,ORD-002898,2026-06-04,CUS-B-00153,Corporate,United Kingdom,Social,Electronics,ELE-033,1,725.07,GBP,10,11.85,False,Paid
OL-0001201,ORD-000714,23/06/2026,,Small Business,France,Social,Office,OFF-015,2,66.96,EUR,0,5.92,False,Paid
OL-0000622,ORD-000381,07/02/2026,CUS-B-00194,Corporate,Spain,Organic,Electronics,ELE-006,1,219.7,EUR,20,11.82,False,Paid
OL-0005454,ORD-003262,2026-04-03,CUS-C-01122,Consumer,Germany,Organic,Office,OFF-040,8,59.08,EUR,0,4.19,False,Paid
OL-0001413,ORD-000847,03/02/2026,CUS-B-00082,Corporate,France,Email,HOME,HOM-009,1,134.2,EUR,0,7.37,False,Paid
OL-0000567,ORD-000346,2026-06-05,CUS-B-00109,Corporate,Spain,Organic,Office,OFF-025,3,9.85,EUR,0,5.84,False,Paid
OL-0000544,ORD-000334,2026-06-25,CUS-C-01110,Consumer,United Kingdom,Email,Electronics,ELE-037,1,238.75,GBP,10,13.3,False,Paid
OL-0001335,ORD-000803,2026-06-23,CUS-S-00592,Small Business,United States,Social,Home,HOM-011,2,98.14,USD,10,7.75,False,Paid
OL-0004300,ORD-002573,19/03/2026,CUS-S-00340,Small Business,United Kingdom,Organic,Office,OFF-031,1,48.5,GBP,0,4.93,False,Paid
OL-0000052,ORD-000029,2026-03-07,CUS-S-00550,Small Business,United Kingdom,Organic,Electronics,ELE-017,1,711.37,GBP,0,12.85,False,Paid
OL-0005047,ORD-003019,2026-02-15,CUS-C-00304,Consumer,United Kingdom,Paid Search,Home,HOM-005,1,227.79,GBP,0,6.99,False,Paid
OL-0002068,ORD-001234,2026-04-04,CUS-C-00719,Consumer,France,Email,Home,HOM-006,1,82.41,EUR,10,7.96,False,Paid
OL-0003873,ORD-002312,09/02/2026,CUS-C-01199,Consumer,United Kingdom,Organic,Office,OFF-005,4,46.45,GBP,0,4.04,False,Paid
OL-0001559,ORD-000929,02/05/2026,CUS-C-00365,Consumer,France,Organic,Electronics,ELE-028,1,199.87,EUR,10,13.23,False,Paid
OL-0000746,ORD-000447,2026-04-20,CUS-C-00868,Consumer,Germany,Organic,Home,HOM-032,2,242.69,EUR,0,8.99,False,Paid
OL-0004526,ORD-002703,04/05/2026,CUS-C-01230,Consumer,Spain,Organic,Office,OFF-013,8,48.24,EUR,0,4.95,False,Paid
OL-0004672,ORD-002791,2026-04-10,,Small Business,France,Marketplace,Electronics,ELE-010,1,1258.91,EUR,0,16.56,False,Pending
OL-0001468,ORD-000876,2026-03-18,CUS-C-00229,Consumer,Spain,Paid Search,Home,HOM-030,3,129.33,EUR,20,7.75,False,Paid
OL-0004463,ORD-002666,2026-02-03,,Small Business,Spain,Marketplace,Office,OFF-024,5,17.96,EUR,0,4.75,False,Paid
OL-0000196,ORD-000120,13/02/2026,CUS-S-00342,Small Business,France,Paid Search,Office,OFF-037,1,12.8,EUR,0,3.71,False,Paid
OL-0003401,ORD-002023,15/01/2026,CUS-C-00390,Consumer,United Kingdom,Email,Home,HOM-028,2,282.92,GBP,15,6.52,False,Paid
OL-0004268,ORD-002554,2026-02-03,CUS-S-00218,Small Business,Germany,Social,Home,HOM-002,-2,196.05,EUR,15,9.78,True,Refunded
OL-0003780,ORD-002259,02/06/2026,CUS-C-00980,Consumer,Spain,Paid Search,Electronics,ELE-030,3,1063.1,EUR,0,16.48,False,Paid
OL-0000803,ORD-000483,09/04/2026,CUS-B-00101,Corporate,Germany,Social,Office,OFF-017,1,9.59,EUR,0,5.41,False,Paid
OL-0001619,ORD-000967,2026-03-28,CUS-C-01282,Consumer,Spain,Organic,Office,OFF-014,2,28.11,EUR,0,4.31,False,Paid
OL-0005187,ORD-003101,2026-01-29,CUS-C-00513,Consumer,France,Email,Home,HOM-014,1,196.26,EUR,20,8.06,False,Paid
OL-0004438,ORD-002651,14/04/2026,,Corporate,United States,Email,Office,OFF-002,8,11.98,USD,0,4.35,False,Paid
OL-0000621,ORD-000380,2026-04-14,CUS-C-00916,Consumer,Germany,Email,Office,OFF-018,8,11.46,EUR,10,5.59,False,Paid
OL-0005340,ORD-003191,2026-06-04,CUS-C-00307,Consumer,Germany,Organic,Home,HOM-037,1,136.41,EUR,0,8.81,False,Paid
OL-0004149,ORD-002482,26/06/2026,CUS-S-00565,Small Business,Germany,Paid Search,Electronics,ELE-013,1,330.8,EUR,10,12.92,False,Paid
OL-0003627,ORD-002165,2026-03-11,CUS-C-00579,Consumer,United Kingdom,Email,Home,HOM-013,2,87.69,GBP,0,9.11,False,Paid
OL-0004113,ORD-002459,2026-03-29,CUS-C-00654,Consumer,France,Paid Search,Home,HOM-010,2,146.6,EUR,0,6.98,False,Paid
OL-0003407,ORD-002028,2026-02-28,CUS-S-00066,Small Business,Germany,Social,Office,OFF-008,7,8.32,EUR,0,5.1,False,Paid
OL-0003385,ORD-002010,2026-05-28,CUS-C-01205,Consumer,France,Organic,Home,HOM-038,1,94.73,EUR,20,9.49,False,Paid
OL-0000645,ORD-000391,2026-06-04,CUS-B-00207,Corporate,France,Email,Electronics,ELE-020,3,481.6,EUR,25,11.64,False,Paid
OL-0002790,ORD-001665,2026-02-15,CUS-C-00769,Consumer,Spain,Organic,Office,OFF-040,4,56.33,EUR,0,4.95,False,Pending
OL-0005437,ORD-003251,06/03/2026,CUS-S-00195,Small Business,France,Marketplace,Office,OFF-030,6,66.77,EUR,0,4.22,False,Paid
OL-0001790,ORD-001068,2026-06-01,CUS-S-00429,Small Business,Spain,Email,Office,OFF-007,1,40.26,EUR,0,4.98,False,Paid
OL-0001062,ORD-000633,2026-06-26,CUS-B-00113,Corporate,Germany,Social,Office,OFF-021,8,31.01,EUR,0,4.37,False,Paid
OL-0004158,ORD-002488,2026-06-14,CUS-B-00207,Corporate,United States,Paid Search,Office,OFF-006,1,29.17,USD,0,6.15,False,Paid
OL-0004600,ORD-002751,28/02/2026,CUS-C-00909,Consumer,Germany,Social,Office,OFF-003,1,10.18,EUR,0,4.38,False,Paid
OL-0000121,ORD-000073,2026-06-23,CUS-B-00130,Corporate,Spain,Social,Office,OFF-016,1,9.19,EUR,0,5.6,False,Paid
OL-0002917,ORD-001735,2026-03-29,CUS-C-00005,Consumer,France,Organic,Office,OFF-028,6,25.35,EUR,0,5.31,False,Paid
OL-0003881,ORD-002319,04/04/2026,CUS-C-00985,Consumer,Germany,Paid Search,Electronics,ELE-010,1,1208.52,EUR,0,12.02,False,Paid
OL-0004130,ORD-002469,2026-01-20,CUS-C-00367,Consumer,Germany,Social,Home,HOM-003,3,162.0,EUR,10,8.06,False,Paid
OL-0004820,ORD-002888,2026-02-08,CUS-C-00747,Consumer,Spain,Email,Office,OFF-025,1,9.57,EUR,15,5.37,False,Paid
OL-0003195,ORD-001901,2026-06-12,,Consumer,France,Marketplace,Home,HOM-019,1,67.55,EUR,0,10.08,False,Paid
OL-0001231,ORD-000735,07/05/2026,CUS-C-01294,Consumer,France,Social,Home,HOM-032,1,242.47,EUR,0,7.75,False,Paid
OL-0002761,ORD-001648,2026-03-31,,Small Business,Germany,Social,Electronics,ELE-027,1,670.15,EUR,15,11.56,False,Paid
OL-0005538,ORD-003314,2026-02-20,CUS-C-01392,Consumer,France,Paid Search,Electronics,ELE-023,1,492.55,EUR,20,15.23,False,Pending
OL-0005575,ORD-003338,03/04/2026,CUS-C-00134,Consumer,France,Social,Electronics,ELE-028,1,186.97,EUR,15,13.42,False,Paid
OL-0005150,ORD-003079,2026-06-25,CUS-C-00025,Consumer,Germany,Email,Electronics,ELE-035,2,459.29,EUR,20,15.13,False,Paid
OL-0003307,ORD-001965,16/03/2026,CUS-C-00250,Consumer,France,Paid Search,Electronics,ELE-021,1,474.69,EUR,15,13.13,False,Paid
OL-0000135,ORD-000082,2026-06-26,CUS-C-00750,Consumer,Germany,Marketplace,Home,HOM-036,1,139.04,EUR,20,6.71,False,Paid
OL-0003484,ORD-002074,2026-01-05,CUS-C-00959,Consumer,France,Social,Home,HOM-027,2,112.2,EUR,15,7.04,False,Paid
OL-0002580,ORD-001538,15/06/2026,CUS-B-00172,Corporate,Spain,Email,Electronics,ELE-009,1,225.57,EUR,20,14.9,False,Paid
OL-0002841,ORD-001694,19/05/2026,,Small Business,Germany,Marketplace,Home,HOM-032,1,236.93,EUR,0,10.1,False,Paid
OL-0003793,ORD-002267,2026-05-03,CUS-S-00061,Small Business,United Kingdom,Organic,Office,OFF-018,4,10.11,GBP,0,4.27,False,Paid
OL-0005717,ORD-003427,2026-02-06,CUS-B-00211,Corporate,Spain,Paid Search,Electronics,ELE-011,26,1212.75,EUR,0,11.76,False,Paid
OL-0002219,ORD-001326,11/02/2026,CUS-C-01139,Consumer,Spain,Social,Home,HOM-038,1,95.7,EUR,15,10.78,False,Paid
OL-0000512,ORD-000316,2026-02-13,CUS-C-01093,Consumer,France,Social,Home,HOM-034,2,340.7,EUR,0,10.6,False,Paid
OL-0002365,ORD-001409,07/03/2026,CUS-C-00447,Consumer,Spain,Paid Search,Home,HOM-023,1,45.96,EUR,0,9.57,False,Paid
OL-0000063,ORD-000035,2026-04-18,CUS-S-00017,Small Business,Germany,Marketplace,Electronics,ELE-035,1,454.39,EUR,20,12.51,False,Paid
OL-0001554,ORD-000927,2026-05-30,CUS-B-00153,Corporate,Spain,Paid Search,Office,OFF-011,6,17.54,EUR,20,5.17,False,Paid
OL-0003771,ORD-002255,2026-06-10,CUS-B-00087,Corporate,Spain,Social,Office,OFF-036,2,20.07,EUR,0,4.17,False,Paid
OL-0005217,ORD-003117,2026-03-28,CUS-C-01256,Consumer,France,Social,Office,OFF-034,7,74.2,EUR,0,5.2,False,Paid
OL-0005589,ORD-003348,19/04/2026,CUS-C-01001,Consumer,United States,Organic,Home,HOM-015,1,148.57,USD,15,10.68,False,Paid
OL-0001719,ORD-001025,2026-04-23,CUS-C-01431,Consumer,Spain,Organic,Office,OFF-036,4,19.81,EUR,5,5.1,False,Paid
OL-0002861,ORD-001703,30/04/2026,,Consumer,United Kingdom,Organic,Home,HOM-015,1,124.32,GBP,15,6.95,False,Paid
OL-0004371,ORD-002615,2026-05-27,CUS-C-01253,Consumer,Spain,Social,Office,OFF-021,2,30.29,EUR,0,4.5,False,Paid
OL-0002096,ORD-001254,27/06/2026,CUS-C-00357,Consumer,Spain,Organic,Office,OFF-028,2,27.01,EUR,0,5.16,False,Paid
OL-0000680,ORD-000410,2026-04-28,CUS-C-01420,Consumer,Spain,Organic,Electronics,ELE-005,2,524.62,EUR,20,11.67,False,Paid
OL-0003687,ORD-002202,16/04/2026,CUS-C-00303,Consumer,France,Organic,Home,HOM-040,1,298.77,EUR,0,8.15,False,Paid
OL-0001212,ORD-000720,2026-02-20,,Consumer,United Kingdom,Social,Home,HOM-036,4,122.73,GBP,0,6.85,False,Paid
OL-0000123,ORD-000074,2026-04-19,CUS-B-00240,Corporate,Germany,Organic,Office,OFF-009,4,76.32,EUR,0,5.82,False,Pending
OL-0002642,ORD-001577,2026-06-22,CUS-S-00023,Small Business,Germany,Paid Search,Home,HOM-036,1,144.85,EUR,15,9.56,False,Paid
OL-0003086,ORD-001839,2026-06-30,,Small Business,France,Marketplace,Office,OFF-037,1,13.26,EUR,0,5.03,False,Paid
OL-0004078,ORD-002438,2026-05-15,,Small Business,Germany,Social,Office,OFF-011,1,17.39,EUR,25,3.63,False,Paid
OL-0004918,ORD-002941,2026-03-30,CUS-B-00079,Corporate,France,Social,Electronics,ELE-013,1,342.56,EUR,0,13.09,False,Paid
OL-0003177,ORD-001888,2026-05-29,CUS-C-00561,Consumer,Spain,Paid Search,Home,HOM-019,1,65.62,EUR,0,9.26,False,Paid
OL-0001211,ORD-000720,2026-02-20,,Consumer,United Kingdom,Social,Office,OFF-027,3,43.58,GBP,0,4.73,False,Paid
OL-0000568,ORD-000347,2026-04-08,,Consumer,Germany,Social,Electronics,ELE-032,2,536.84,EUR,10,16.04,False,Paid
OL-0003430,ORD-002043,2026-04-07,CUS-B-00122,Corporate,United States,Email,Home,HOM-006,-3,88.8,USD,0,11.65,True,Refunded
OL-0000549,ORD-000338,31/03/2026,CUS-C-00782,Consumer,France,Social,Electronics,ELE-032,3,509.29,EUR,10,10.76,False,Pending
OL-0000865,ORD-000524,21/01/2026,CUS-S-00517,Small Business,Spain,Organic,Office,OFF-026,1,20.66,EUR,0,4.61,False,Paid
OL-0004540,ORD-002711,2026-01-29,,Corporate,United Kingdom,Paid Search,Electronics,ELE-016,1,332.64,GBP,20,9.57,False,Paid
OL-0001393,ORD-000835,2026-06-19,CUS-S-00213,Small Business,United Kingdom,Organic,Office,OFF-009,3,67.14,GBP,0,3.6,False,Paid
OL-0005726,ORD-003431,2026-04-06,CUS-C-01473,Consumer,Germany,Social,Office,OFF-020,4,44.85,EUR,0,5.12,False,Paid
OL-0002403,ORD-001429,17/02/2026,,Consumer,Germany,Marketplace,Electronics,ELE-035,1,456.02,EUR,15,15.89,False,Paid
OL-0003985,ORD-002386,2026-01-11,CUS-S-00496,Small Business,Germany,Organic,Electronics,ELE-023,2,515.48,EUR,10,16.61,False,Paid
OL-0002058,ORD-001227,19/03/2026,CUS-C-01291,Consumer,Spain,Email,Office,OFF-035,1,34.15,EUR,0,5.79,False,Paid
OL-0004771,ORD-002850,2026-02-23,CUS-B-00121,Corporate,Germany,Organic,Home,HOM-006,-1,86.14,EUR,0,9.68,True,Refunded
OL-0000721,ORD-000433,27/01/2026,CUS-C-00126,Consumer,Spain,Paid Search,Office,OFF-027,1,52.27,EUR,0,4.74,False,Paid
OL-0003838,ORD-002291,29/01/2026,CUS-S-00022,Small Business,Spain,Paid Search,Office,OFF-012,2,82.04,EUR,15,5.06,False,Paid
OL-0002883,ORD-001714,11/01/2026,CUS-C-00421,Consumer,Spain,Email,Electronics,ELE-037,1,283.15,EUR,15,11.9,False,Paid
OL-0000691,ORD-000416,2026-03-22,CUS-C-00056,Consumer,United Kingdom,Organic,Home,HOM-022,1,57.77,GBP,15,6.08,False,Paid
OL-0000603,ORD-000368,2026-04-16,,Corporate,Germany,Social,Home,HOM-005,1,260.42,EUR,0,8.95,False,Paid
OL-0002216,ORD-001325,2026-05-24,CUS-S-00255,Small Business,Germany,Social,Office,OFF-029,2,91.52,EUR,0,3.69,False,Paid
OL-0004968,ORD-002972,2026-05-23,CUS-S-00057,Small Business,Spain,Marketplace,Electronics,ELE-024,1,1077.28,EUR,20,16.7,False,Paid
OL-0005376,ORD-003212,08/05/2026,CUS-C-00517,Consumer,France,Email,Electronics,ELE-004,1,1060.9,EUR,0,16.2,False,Paid
OL-0005016,ORD-003001,16/03/2026,CUS-B-00216,Corporate,France,Social,Office,OFF-012,7,83.97,EUR,0,3.89,False,Paid
OL-0005578,ORD-003341,2026-06-16,CUS-S-00045,Small Business,France,Organic,Electronics,ELE-008,2,1140.76,EUR,10,12.8,False,Paid
OL-0000504,ORD-000308,2026-02-17,CUS-S-00548,Small Business,France,Paid Search,Office,OFF-027,1,54.9,EUR,0,4.03,False,Paid
OL-0004503,ORD-002691,2026-03-25,CUS-C-00849,Consumer,Spain,Paid Search,Office,OFF-010,3,12.26,EUR,0,3.75,False,Paid
OL-0000319,ORD-000194,2026-04-10,CUS-C-00044,Consumer,France,Paid Search,Office,OFF-015,7,69.27,EUR,0,4.46,False,Paid
OL-0000186,ORD-000115,2026-06-24,CUS-S-00598,Small Business,Germany,Paid Search,Electronics,ELE-038,2,519.06,EUR,0,11.69,False,Paid
OL-0005514,ORD-003301,2026-05-04,CUS-S-00044,Small Business,Germany,Organic,Home,HOM-012,3,126.44,EUR,15,7.33,False,Paid
OL-0000275,ORD-000170,13/05/2026,CUS-S-00310,Small Business,France,Organic,Electronics,ELE-026,1,238.25,EUR,0,16.43,False,Paid
OL-0005156,ORD-003084,2026-05-30,CUS-C-01165,Consumer,United Kingdom,Marketplace,Home,HOM-037,1,113.16,GBP,10,6.44,False,Paid
OL-0003621,ORD-002160,02/05/2026,CUS-S-00190,Small Business,France,Paid Search,Electronics,ELE-004,1,1052.99,EUR,20,12.49,False,Pending
OL-0001362,ORD-000817,24/05/2026,CUS-C-00485,Consumer,United States,Organic,Electronics,ELE-015,1,208.7,USD,10,12.87,False,Paid
OL-0004196,ORD-002508,2026-01-18,CUS-S-00480,Small Business,United Kingdom,Email,Home,HOM-002,1,163.81,GBP,20,8.42,False,Paid
OL-0001527,ORD-000913,17/02/2026,CUS-C-00736,Consumer,France,Organic,Electronics,ELE-009,-1,220.71,EUR,15,11.98,True,Refunded
OL-0002367,ORD-001410,2026-06-11,CUS-C-00956,Consumer,Germany,Email,Electronics,ELE-001,2,599.64,EUR,20,12.68,False,Paid
OL-0003376,ORD-002004,2026-03-21,CUS-C-00814,Consumer,Spain,Paid Search,Electronics,ELE-025,1,411.69,EUR,0,11.2,False,Paid
OL-0004161,ORD-002490,2026-02-10,CUS-C-01361,Consumer,France,Paid Search,Home,HOM-011,2,89.28,EUR,5,6.52,False,Paid
OL-0002292,ORD-001372,2026-03-26,,Consumer,Spain,Organic,Office,OFF-039,3,20.15,EUR,0,4.43,False,Paid
OL-0003289,ORD-001956,2026-05-20,CUS-B-00120,Corporate,United Kingdom,Marketplace,Electronics,ELE-014,1,158.25,GBP,10,8.79,False,Paid
OL-0003876,ORD-002315,13/02/2026,CUS-B-00226,Corporate,Germany,Social,Office,OFF-012,1,85.85,EUR,0,5.95,False,Paid
OL-0003559,ORD-002124,01/02/2026,CUS-S-00148,Small Business,Spain,Organic,Electronics,ELE-012,2,536.03,EUR,0,16.06,False,Paid
OL-0005158,ORD-003085,2026-02-26,CUS-C-00689,Consumer,Spain,Organic,Office,OFF-028,1,26.65,EUR,0,5.31,False,Paid
OL-0000946,ORD-000572,03/05/2026,CUS-B-00178,Corporate,United States,Marketplace,Office,OFF-035,-6,39.21,USD,0,4.53,True,Refunded
OL-0004717,ORD-002816,15/04/2026,CUS-C-00200,Consumer,Germany,Organic,Office,OFF-025,-3,9.61,EUR,0,3.97,True,Paid
OL-0005782,ORD-003463,2026-01-24,CUS-C-00969,Consumer,Spain,Email,Office,OFF-024,5,17.29,EUR,0,5.15,False,Paid
OL-0000296,ORD-000181,2026-05-15,CUS-B-00143,Corporate,France,Social,Office,OFF-020,7,47.21,EUR,5,5.76,False,Paid
OL-0003167,ORD-001880,2026-04-10,,Consumer,United States,Paid Search,Home,HOM-022,1,77.04,USD,0,10.55,False,Paid
OL-0002183,ORD-001306,2026-02-05,CUS-S-00350,Small Business,France,Organic,Electronics,ELE-039,1,227.53,EUR,20,11.05,False,Paid
OL-0000299,ORD-000182,2026-04-16,CUS-S-00198,Small Business,France,Paid Search,Electronics,ELE-001,1,578.84,EUR,15,11.32,False,Paid
OL-0000069,ORD-000040,2026-03-29,CUS-B-00101,Corporate,Germany,Social,Electronics,ELE-016,1,383.64,EUR,10,14.81,False,Paid
OL-0004393,ORD-002625,2026-03-31,CUS-C-00045,Consumer,France,Paid Search,Home,HOM-001,3,259.39,EUR,5,8.16,False,Paid
OL-0000737,ORD-000443,2026-04-27,CUS-S-00405,Small Business,France,Organic,Office,OFF-007,8,40.45,EUR,20,5.04,False,Paid
OL-0003476,ORD-002069,09/02/2026,CUS-C-00265,Consumer,Spain,Email,Office,OFF-032,3,56.3,EUR,0,4.06,False,Paid
OL-0004267,ORD-002553,2026-04-15,CUS-C-00391,Consumer,France,Paid Search,Electronics,ELE-006,1,216.37,EUR,20,14.44,False,Paid
OL-0002989,ORD-001775,2026-05-20,CUS-S-00313,Small Business,Spain,Organic,Office,OFF-031,5,55.25,EUR,0,4.45,False,Paid
OL-0003647,ORD-002180,2026-02-08,CUS-C-00404,Consumer,Spain,Email,Home,HOM-015,1,141.07,EUR,0,9.14,False,Paid
OL-0001504,ORD-000899,2026-04-18,CUS-C-00980,Consumer,United Kingdom,Paid Search,Home,HOM-014,-1,161.57,GBP,15,7.61,True,Refunded
OL-0002073,ORD-001238,30/06/2026,CUS-B-00165,Corporate,Spain,Email,Home,HOM-002,1,193.7,EUR,10,7.21,False,Paid
OL-0000151,ORD-000095,2026-03-02,CUS-S-00403,Small Business,United Kingdom,Marketplace,Office,OFF-016,4,8.16,GBP,0,4.98,False,Paid
OL-0000757,ORD-000453,11/02/2026,CUS-S-00186,Small Business,Germany,Email,Electronics,ELE-017,2,794.43,EUR,5,11.84,False,Paid
OL-0000713,ORD-000430,2026-05-14,CUS-C-00687,Consumer,Germany,Email,Electronics,ELE-029,1,1091.15,EUR,10,16.25,False,Paid
OL-0003502,ORD-002086,2026-06-05,,Corporate,France,Social,Office,OFF-006,3,26.75,EUR,0,5.15,False,Paid
OL-0001704,ORD-001018,2026-01-15,CUS-B-00222,Corporate,Germany,Organic,Office,OFF-017,1,9.34,EUR,0,3.93,False,Paid
OL-0005467,ORD-003271,2026-02-18,CUS-C-00477,Consumer,United Kingdom,Organic,Office,OFF-021,3,26.83,GBP,0,3.39,False,Paid
OL-0002105,ORD-001258,13/02/2026,CUS-S-00361,Small Business,Germany,Email,Office,OFF-003,-1,10.89,EUR,0,5.93,True,Refunded
OL-0000170,ORD-000104,14/02/2026,CUS-C-00459,Consumer,Germany,Paid Search,Electronics,ELE-024,1,1059.19,EUR,0,15.47,False,Paid
OL-0002155,ORD-001286,13/05/2026,CUS-C-00292,Consumer,Germany,Paid Search,Home,HOM-007,2,135.05,EUR,10,7.91,False,Paid
OL-0000377,ORD-000229,2026-02-13,CUS-C-00556,Consumer,United Kingdom,Email,Home,HOM-019,1,54.25,GBP,25,7.59,False,Paid
OL-0002026,ORD-001206,2026-04-01,CUS-S-00097,Small Business,France,Paid Search,Home,HOM-006,1,85.15,EUR,15,8.94,False,Paid
OL-0000860,ORD-000521,2026-02-03,CUS-S-00160,Small Business,Germany,Social,Electronics,ELE-008,1,1170.05,EUR,25,15.23,False,Paid
OL-0002688,ORD-001601,2026-04-23,CUS-S-00135,Small Business,United Kingdom,Paid Search,Office,OFF-012,7,68.54,GBP,0,3.72,False,Paid
OL-0005036,ORD-003013,2026-03-01,CUS-S-00541,Small Business,Germany,Social,Office,OFF-027,3,55.71,EUR,0,5.32,False,Paid
OL-0005349,ORD-003197,2026-04-23,CUS-B-00027,Corporate,Spain,Paid Search,Office,OFF-035,1,34.42,EUR,0,4.95,False,Paid
OL-0000379,ORD-000231,2026-06-15,,Consumer,Spain,Paid Search,Home,HOM-008,2,74.46,EUR,15,8.82,False,Paid
OL-0004784,ORD-002858,20/06/2026,,Consumer,Germany,Paid Search,Electronics,ELE-037,2,276.0,EUR,15,12.22,False,Paid
OL-0005457,ORD-003265,2026-04-14,CUS-S-00424,Small Business,France,Social,Office,OFF-005,1,51.34,EUR,0,4.93,False,Paid
OL-0001295,ORD-000779,27/04/2026,CUS-B-00155,Corporate,Spain,Paid Search,Office,OFF-038,4,59.53,EUR,0,5.25,False,Paid
OL-0004972,ORD-002974,2026-05-24,CUS-C-01016,Consumer,Spain,Paid Search,Home,HOM-018,1,49.34,EUR,0,9.59,False,Paid
OL-0001433,ORD-000858,17/06/2026,CUS-C-01476,Consumer,France,Organic,Home,HOM-033,2,66.37,EUR,25,10.22,False,Paid
OL-0005326,ORD-003181,2026-06-12,CUS-C-01082,Consumer,United Kingdom,Email,Home,HOM-022,3,57.82,GBP,0,9.03,False,Paid
OL-0004590,ORD-002743,2026-05-23,CUS-C-00819,Consumer,Germany,Email,Electronics,ELE-036,1,1121.17,EUR,0,13.18,False,Paid
OL-0002943,ORD-001750,2026-04-05,CUS-C-00216,Consumer,Spain,Paid Search,Office,OFF-036,3,21.2,EUR,0,4.38,False,Paid
OL-0001780,ORD-001062,2026-03-14,,Consumer,France,Social,Electronics,ELE-019,1,234.54,EUR,10,11.28,False,Paid
OL-0003389,ORD-002013,2026-02-02,CUS-S-00205,Small Business,France,Email,Office,OFF-039,1,20.57,EUR,0,5.89,False,Paid
OL-0005163,ORD-003089,2026-03-06,,Corporate,Germany,Marketplace,Electronics,ELE-037,1,289.38,EUR,10,16.81,False,Paid
OL-0005136,ORD-003073,2026-03-01,CUS-C-00542,Consumer,United Kingdom,Email,Electronics,ELE-032,1,437.92,GBP,15,9.71,False,Paid
OL-0003544,ORD-002112,2026-06-05,CUS-C-00445,Consumer,Germany,Paid Search,Office,OFF-034,5,74.91,EUR,0,6.07,False,Paid
OL-0000842,ORD-000508,2026-02-26,CUS-B-00201,Corporate,Germany,Organic,Electronics,ELE-038,1,500.91,EUR,0,10.12,False,Paid
OL-0002573,ORD-001533,2026-06-29,,Small Business,Spain,Marketplace,Electronics,ELE-006,1,217.26,EUR,5,12.19,False,Paid
OL-0001190,ORD-000710,2026-01-18,CUS-S-00425,Small Business,Germany,Marketplace,Home,HOM-016,1,271.09,EUR,0,10.2,False,Paid
OL-0000176,ORD-000108,2026-03-24,CUS-B-00013,Corporate,France,Paid Search,Electronics,ELE-010,1,1193.73,EUR,15,15.91,False,Paid
OL-0004776,ORD-002854,08/06/2026,CUS-C-00823,Consumer,Spain,Social,Home,HOM-019,2,67.64,EUR,0,7.15,False,Paid
OL-0000928,ORD-000561,2026-01-07,CUS-C-01258,Consumer,France,Organic,Office,OFF-032,3,54.62,EUR,0,6.03,False,Pending
OL-0003259,ORD-001943,25/06/2026,CUS-C-01484,Consumer,United States,Social,Office,OFF-039,4,23.01,USD,25,4.27,False,Paid
OL-0000046,ORD-000024,24/04/2026,CUS-S-00528,Small Business,France,Organic,Office,OFF-026,3,20.72,EUR,0,6.07,False,Paid
OL-0001261,ORD-000758,2026-06-06,CUS-C-00092,Consumer,Germany,Organic,Home,HOM-031,1,72.82,EUR,10,8.6,False,Paid
OL-0001097,ORD-000654,2026-06-15,CUS-C-01319,Consumer,United Kingdom,Paid Search,Home,HOM-026,-1,173.98,GBP,10,6.38,True,Refunded
OL-0001444,ORD-000864,2026-03-20,CUS-C-00103,Consumer,United Kingdom,Paid Search,Electronics,ELE-011,1,1049.64,GBP,0,14.21,False,Paid
OL-0002108,ORD-001260,11/02/2026,CUS-C-00928,Consumer,France,Email,Office,OFF-034,1,72.47,EUR,0,4.37,False,Paid
OL-0005004,ORD-002994,26/02/2026,CUS-C-00571,Consumer,Germany,Social,Office,OFF-006,4,27.45,EUR,0,4.3,False,Paid
OL-0001188,ORD-000708,2026-03-08,CUS-B-00048,Corporate,United Kingdom,Social,Electronics,ELE-024,1,921.77,GBP,20,11.76,False,Paid
OL-0005094,ORD-003047,10/02/2026,CUS-C-01170,Consumer,Spain,Organic,Electronics,ELE-035,1,455.1,EUR,10,16.7,False,Paid
OL-0003788,ORD-002263,14/05/2026,CUS-C-00673,Consumer,United States,Paid Search,Office,OFF-006,7,31.08,USD,20,4.05,False,Paid
OL-0001031,ORD-000616,2026-02-12,CUS-B-00198,Corporate,Spain,Paid Search,Electronics,ELE-012,-1,558.07,EUR,20,11.39,True,Refunded
OL-0004818,ORD-002887,2026-05-02,CUS-C-00530,Consumer,United States,Organic,Office,OFF-034,6,82.48,USD,0,6.36,False,Paid
OL-0000301,ORD-000183,23/04/2026,CUS-S-00154,Small Business,Germany,Social,Electronics,ELE-016,1,369.5,EUR,0,16.03,False,Paid
OL-0002524,ORD-001502,2026-05-22,CUS-C-00892,Consumer,France,Organic,Home,HOM-020,4,60.27,EUR,0,7.31,False,Paid
OL-0001473,ORD-000879,2026-04-03,CUS-C-00014,Consumer,Spain,Organic,Home,HOM-029,1,62.62,EUR,15,10.71,False,Paid
OL-0000284,ORD-000176,2026-05-05,CUS-S-00308,Small Business,United Kingdom,Social,Home,HOM-019,1,55.18,GBP,20,5.88,False,Paid
OL-0004383,ORD-002621,2026-05-31,CUS-B-00221,Corporate,United States,Email,Electronics,ELE-022,1,389.99,USD,0,16.13,False,Paid
OL-0002481,ORD-001478,19/06/2026,,Small Business,France,Social,Office,OFF-036,8,21.16,EUR,0,5.44,False,Paid
OL-0004756,ORD-002838,2026-05-02,CUS-S-00220,Small Business,France,Organic,Office,OFF-011,6,17.44,EUR,0,5.79,False,Paid
OL-0003347,ORD-001988,11/01/2026,CUS-S-00022,Small Business,France,Organic,Electronics,ELE-017,-1,817.82,EUR,15,10.48,True,Refunded
OL-0001814,ORD-001082,2026-04-01,CUS-S-00146,Small Business,France,Email,Electronics,ELE-026,1,235.07,EUR,15,12.63,False,Paid
OL-0003888,ORD-002324,28/04/2026,CUS-C-00164,Consumer,United Kingdom,Email,Office,OFF-004,1,14.48,GBP,0,3.19,False,Paid
OL-0004314,ORD-002580,2026-04-02,,Consumer,United Kingdom,Social,Electronics,ELE-031,1,175.81,GBP,10,11.06,False,Paid
OL-0004142,ORD-002477,01/05/2026,CUS-C-00332,Consumer,Germany,Marketplace,Office,OFF-032,1,54.38,EUR,0,4.08,False,Paid
OL-0005062,ORD-003029,21/04/2026,CUS-S-00115,Small Business,France,Paid Search,Electronics,ELE-031,1,217.19,EUR,15,15.24,False,Paid
OL-0004828,ORD-002892,23/01/2026,CUS-B-00220,Corporate,United Kingdom,Email,Office,OFF-008,7,6.78,GBP,0,3.59,False,Pending
OL-0002933,ORD-001744,2026-03-23,CUS-C-00544,Consumer,France,Email,Office,OFF-040,1,57.5,EUR,0,5.25,False,Paid
OL-0002120,ORD-001266,28/04/2026,CUS-C-01056,Consumer,Germany,Paid Search,Office,OFF-020,2,44.75,EUR,0,5.29,False,Paid
OL-0005658,ORD-003392,2026-03-12,CUS-S-00166,Small Business,Germany,Organic,Home,HOM-020,2,58.89,EUR,0,10.07,False,Paid
OL-0004815,ORD-002884,16/04/2026,CUS-C-00504,Consumer,Spain,Organic,Office,OFF-031,3,55.3,EUR,0,4.64,False,Paid
OL-0003808,ORD-002274,2026-03-08,CUS-S-00130,Small Business,France,Organic,Office,OFF-002,4,10.66,EUR,0,4.54,False,Paid
OL-0005706,ORD-003420,2026-02-27,CUS-B-00200,Corporate,United Kingdom,Organic,Office,OFF-011,4,14.99,GBP,0,3.83,False,Paid
OL-0005775,ORD-003458,2026-04-25,,Small Business,Spain,Social,Office,OFF-019,7,15.31,EUR,0,4.92,False,Paid
OL-0002331,ORD-001391,20/03/2026,CUS-C-00183,Consumer,France,Organic,Electronics,ELE-036,3,1124.17,EUR,20,14.96,False,Paid
OL-0002030,ORD-001209,22/02/2026,CUS-C-00644,Consumer,Germany,Social,Office,OFF-029,1,89.94,EUR,0,3.76,False,Paid
OL-0005465,ORD-003269,11/01/2026,,Consumer,Germany,Paid Search,Home,HOM-018,1,47.37,EUR,0,10.17,False,Paid
OL-0000258,ORD-000160,2026-03-10,,Small Business,United Kingdom,Social,Electronics,ELE-024,2,936.39,GBP,25,11.45,False,Paid
OL-0000508,ORD-000312,06/04/2026,CUS-C-00326,Consumer,United Kingdom,Email,Electronics,ELE-004,1,869.81,GBP,0,11.14,False,Paid
OL-0001943,ORD-001152,2026-04-23,CUS-C-00415,Consumer,Spain,Organic,Home,HOM-019,1,68.19,EUR,20,7.95,False,Paid
OL-0000100,ORD-000059,2026-02-16,CUS-C-00839,Consumer,Germany,Organic,Home,HOM-010,1,141.41,EUR,0,9.29,False,Paid
OL-0002956,ORD-001758,10/03/2026,CUS-C-00967,Consumer,France,Organic,Office,OFF-022,4,22.53,EUR,0,5.84,False,Paid
OL-0000745,ORD-000447,2026-04-20,CUS-C-00868,Consumer,Germany,Organic,Electronics,ELE-005,1,538.67,EUR,25,10.57,False,Paid
OL-0004571,ORD-002730,2026-04-26,CUS-C-00697,Consumer,France,Organic,Home,HOM-038,1,96.12,EUR,20,10.38,False,Paid
OL-0005553,ORD-003325,2026-06-19,CUS-S-00345,Small Business,France,Email,Office,OFF-013,1,48.2,EUR,15,5.64,False,Paid
OL-0001376,ORD-000825,2026-04-05,CUS-C-00517,Consumer,Germany,Paid Search,Electronics,ELE-029,2,1116.04,EUR,15,15.43,False,Paid
OL-0003867,ORD-002310,2026-05-31,CUS-B-00152,Corporate,Spain,Paid Search,Electronics,ELE-036,1,1175.43,EUR,15,12.52,False,Paid
OL-0003820,ORD-002280,18/05/2026,,Consumer,Germany,Marketplace,Electronics,ELE-011,3,1255.26,EUR,10,15.87,False,Paid
OL-0003683,ORD-002199,2026-01-12,CUS-C-00190,Consumer,Germany,Organic,Office,OFF-002,1,11.09,EUR,0,3.87,False,Paid
OL-0001955,ORD-001162,2026-06-24,CUS-S-00542,Small Business,France,Organic,Office,OFF-001,1,56.43,EUR,20,5.51,False,Paid
OL-0004747,ORD-002833,2026-06-11,CUS-C-01059,Consumer,Germany,Email,Home,HOM-027,2,114.39,EUR,0,7.4,False,Paid
OL-0001158,ORD-000690,2026-03-03,CUS-B-00039,Corporate,Spain,Organic,Electronics,ELE-011,2,1190.38,EUR,20,12.68,False,Paid
OL-0004369,ORD-002614,17/05/2026,CUS-B-00169,Corporate,France,Organic,Electronics,ELE-013,1,346.51,EUR,10,15.52,False,Paid
OL-0003366,ORD-001999,2026-05-23,CUS-B-00021,Corporate,United Kingdom,Organic,Home,HOM-014,1,158.76,GBP,5,7.96,False,Paid
OL-0004906,ORD-002934,2026-06-21,CUS-S-00318,Small Business,Spain,Email,Electronics,ELE-021,-1,479.27,EUR,20,13.21,True,Paid
OL-0001438,ORD-000861,2026-02-08,,Consumer,United Kingdom,Social,Home,HOM-012,1,113.86,GBP,0,8.9,False,Paid
OL-0000367,ORD-000224,11/01/2026,CUS-B-00060,Corporate,Spain,Email,Home,HOM-029,4,67.6,EUR,10,10.48,False,Paid
OL-0004814,ORD-002883,2026-05-04,CUS-C-00785,Consumer,Spain,Organic,Office,OFF-017,2,9.47,EUR,0,4.14,False,Paid
OL-0002942,ORD-001749,17/02/2026,,Small Business,Spain,Paid Search,Office,OFF-008,1,8.34,EUR,0,4.7,False,Paid
OL-0000403,ORD-000245,2026-05-04,CUS-S-00509,Small Business,United States,Organic,Electronics,ELE-028,3,206.12,USD,20,15.42,False,Paid
OL-0004645,ORD-002773,2026-03-20,CUS-S-00395,Small Business,Germany,Paid Search,Home,HOM-034,1,343.61,EUR,15,8.33,False,Paid
OL-0005655,ORD-003389,2026-01-06,CUS-S-00402,Small Business,France,Email,Office,OFF-023,2,54.39,EUR,0,5.68,False,Paid
OL-0000950,ORD-000574,2026-06-16,CUS-C-00452,Consumer,United Kingdom,Organic,Electronics,ELE-040,1,276.47,GBP,25,11.54,False,Paid
OL-0002782,ORD-001661,2026-05-23,CUS-C-00039,Consumer,United Kingdom,Organic,Office,OFF-018,3,9.67,GBP,0,3.32,False,Paid
OL-0000020,ORD-000011,2026-06-03,CUS-C-01225,Consumer,Spain,Paid Search,Office,OFF-012,1,80.72,EUR,20,4.71,False,Paid
OL-0000230,ORD-000143,2026-04-14,CUS-S-00135,Small Business,Spain,Email,Office,OFF-034,-2,74.06,EUR,0,5.53,True,Refunded
OL-0004188,ORD-002504,17/05/2026,CUS-B-00204,Corporate,Germany,Social,Office,OFF-037,5,12.59,EUR,10,5.93,False,Pending
OL-0000669,ORD-000405,25/01/2026,CUS-C-01133,Consumer,France,Paid Search,Electronics,ELE-017,1,815.52,EUR,0,13.4,False,Paid
OL-0000219,ORD-000136,2026-03-23,CUS-C-01069,Consumer,France,Paid Search,Home,HOM-006,1,81.15,EUR,15,8.93,False,Paid
OL-0005008,ORD-002997,2026-01-23,CUS-C-00363,Consumer,United Kingdom,Organic,Home,HOM-018,1,40.7,GBP,0,6.25,False,Paid
OL-0004025,ORD-002408,2026-06-24,CUS-C-01327,Consumer,United Kingdom,Marketplace,Home,HOM-011,1,81.45,GBP,0,5.57,False,Paid
OL-0003572,ORD-002133,2026-05-24,CUS-S-00027,Small Business,Spain,Social,Electronics,ELE-004,1,1061.8,EUR,10,14.48,False,Paid
OL-0002514,ORD-001497,2026-05-19,CUS-C-00022,Consumer,Germany,Email,Home,HOM-008,-4,71.06,EUR,0,8.23,True,Refunded
OL-0004391,ORD-002624,2026-01-13,CUS-C-01205,Consumer,Spain,Paid Search,Home,HOM-029,1,68.51,EUR,0,6.96,False,Paid
OL-0000586,ORD-000358,14/03/2026,CUS-C-00057,Consumer,Spain,Organic,Office,OFF-040,2,58.69,EUR,0,6.06,False,Paid
OL-0001913,ORD-001135,02/01/2026,CUS-C-01156,Consumer,France,Marketplace,Home,HOM-008,2,73.3,EUR,0,7.19,False,Paid
OL-0005378,ORD-003213,2026-05-24,,Consumer,Spain,Marketplace,Electronics,ELE-025,1,413.93,EUR,5,14.4,False,Paid
OL-0004432,ORD-002649,2026-06-30,CUS-C-00822,Consumer,Germany,Email,Electronics,ELE-035,1,431.99,EUR,0,12.3,False,Paid
OL-0004348,ORD-002600,2026-06-23,,Small Business,United Kingdom,Social,Electronics,ELE-034,1,392.61,GBP,20,11.72,False,Paid
OL-0003830,ORD-002287,14/03/2026,CUS-C-01412,Consumer,France,Email,Office,OFF-032,2,55.39,EUR,0,6.0,False,Paid
OL-0003480,ORD-002071,22/03/2026,,Consumer,Germany,Social,Home,HOM-006,1,83.23,EUR,0,7.98,False,Paid
OL-0004578,ORD-002735,2026-05-23,,Small Business,Germany,Organic,Electronics,ELE-016,1,388.48,EUR,15,12.98,False,Paid
OL-0000778,ORD-000465,2026-06-03,CUS-C-00367,Consumer,Germany,Email,Home,HOM-025,1,128.28,EUR,0,7.97,False,Paid
OL-0002315,ORD-001384,27/04/2026,CUS-S-00515,Small Business,Spain,Email,Office,OFF-018,2,11.58,EUR,0,4.46,False,Paid
OL-0001019,ORD-000612,2026-03-23,CUS-S-00148,Small Business,Spain,Paid Search,Home,HOM-005,1,246.97,EUR,0,6.64,False,Paid
OL-0001607,ORD-000958,2026-03-15,CUS-S-00169,Small Business,United Kingdom,Email,Home,HOM-018,1,41.94,GBP,0,6.1,False,Paid
OL-0002506,ORD-001492,07/06/2026,CUS-S-00026,Small Business,France,Paid Search,Electronics,ELE-039,1,233.48,EUR,20,14.32,False,Paid
OL-0002808,ORD-001675,2026-06-16,CUS-S-00261,Small Business,United States,Paid Search,Home,HOM-037,1,144.48,USD,0,9.19,False,Paid
OL-0004589,ORD-002742,2026-03-17,CUS-S-00475,Small Business,Germany,Paid Search,Home,HOM-024,3,80.66,EUR,0,10.64,False,Paid
OL-0003214,ORD-001913,2026-04-21,CUS-C-00837,Consumer,Spain,Marketplace,Electronics,ELE-008,1,1155.56,EUR,15,12.02,False,Paid
OL-0001492,ORD-000892,2026-01-10,CUS-C-00367,Consumer,France,Marketplace,Office,OFF-028,1,25.57,EUR,0,5.77,False,Paid
OL-0004985,ORD-002980,2026-05-26,CUS-B-00114,Corporate,United Kingdom,Paid Search,Home,HOM-026,2,175.37,GBP,0,8.68,False,Paid
OL-0005248,ORD-003138,2026-06-30,CUS-C-01486,Consumer,Germany,Paid Search,Office,OFF-034,3,74.05,EUR,0,4.39,False,Paid
OL-0004341,ORD-002598,17/01/2026,CUS-S-00582,Small Business,France,Organic,Electronics,ELE-007,1,490.33,EUR,15,16.76,False,Paid
OL-0003661,ORD-002185,14/05/2026,CUS-C-00220,Consumer,Spain,Paid Search,electronics,ELE-040,3,313.77,EUR,15,12.62,False,Pending
OL-0004488,ORD-002682,2026-02-08,CUS-S-00177,Small Business,Germany,Email,Home,HOM-017,2,48.62,EUR,0,7.64,False,Paid
OL-0002878,ORD-001713,2026-03-04,CUS-C-01017,Consumer,United Kingdom,Paid Search,Home,HOM-017,1,43.43,GBP,0,7.97,False,Paid
OL-0001594,ORD-000950,16/03/2026,CUS-C-00472,Consumer,Spain,Paid Search,Electronics,ELE-005,2,513.35,EUR,0,11.05,False,Paid
OL-0000518,ORD-000320,29/06/2026,CUS-C-01090,Consumer,France,Paid Search,Electronics,ELE-025,2,414.85,EUR,10,15.51,False,Paid
OL-0000322,ORD-000197,16/05/2026,CUS-C-00967,Consumer,Germany,Paid Search,Home,HOM-008,2,74.66,EUR,0,9.08,False,Paid
OL-0005265,ORD-003148,2026-04-13,CUS-C-00240,Consumer,Spain,Social,Office,OFF-015,2,68.93,EUR,0,4.31,False,Paid
OL-0005636,ORD-003380,2026-06-09,CUS-C-00173,Consumer,Germany,Paid Search,Home,HOM-015,3,139.38,EUR,0,10.69,False,Paid
OL-0004100,ORD-002451,01/03/2026,CUS-C-00840,Consumer,France,Paid Search,Office,OFF-029,6,90.37,EUR,0,5.62,False,Paid
OL-0003690,ORD-002203,2026-01-31,CUS-B-00082,Corporate,United Kingdom,Marketplace,Office,OFF-037,3,11.23,GBP,0,4.84,False,Paid
OL-0000218,ORD-000135,2026-02-27,CUS-S-00538,Small Business,Spain,Social,Home,HOM-011,1,93.69,EUR,0,10.23,False,Paid
OL-0002656,ORD-001581,2026-01-30,CUS-S-00443,Small Business,Spain,Email,Electronics,ELE-015,1,181.78,EUR,10,11.39,False,Paid
OL-0002389,ORD-001420,21/04/2026,CUS-C-00048,Consumer,Spain,Organic,Home,HOM-021,1,133.82,EUR,20,7.55,False,Paid
OL-0000361,ORD-000221,2026-01-23,CUS-C-00009,Consumer,Germany,Organic,Electronics,ELE-028,1,188.63,EUR,5,15.27,False,Paid
OL-0004376,ORD-002618,06/06/2026,CUS-C-00488,Consumer,United Kingdom,Email,Home,HOM-004,1,49.88,GBP,0,7.84,False,Paid
OL-0003337,ORD-001983,2026-04-06,CUS-C-00637,Consumer,Germany,Email,Office,OFF-019,3,15.93,EUR,0,5.59,False,Paid
OL-0003011,ORD-001789,2026-06-30,CUS-S-00303,Small Business,Germany,Paid Search,Office,OFF-011,2,17.8,EUR,0,5.38,False,Paid
OL-0002319,ORD-001385,2026-06-20,CUS-S-00485,Small Business,Germany,Social,Office,OFF-003,3,10.98,EUR,0,3.9,False,Paid
OL-0001053,ORD-000629,06/05/2026,CUS-B-00235,Corporate,United Kingdom,Email,Electronics,ELE-023,1,432.21,GBP,15,9.72,False,Paid
OL-0005141,ORD-003075,2026-02-22,CUS-S-00337,Small Business,Germany,Organic,Office,OFF-033,1,32.07,EUR,0,4.14,False,Paid
OL-0000760,ORD-000456,2026-02-17,CUS-C-00983,Consumer,France,Social,Office,OFF-012,6,82.89,EUR,0,5.16,False,Pending
OL-0004668,ORD-002789,2026-01-11,,Corporate,France,Marketplace,Electronics,ELE-024,-1,1027.97,EUR,20,12.29,True,Paid
OL-0005278,ORD-003157,2026-05-04,,Consumer,France,Marketplace,Home,HOM-015,1,143.67,EUR,0,10.19,False,Paid
OL-0004710,ORD-002812,20/02/2026,CUS-C-00130,Consumer,Spain,Email,Home,HOM-021,3,137.47,EUR,0,9.96,False,Paid
OL-0001427,ORD-000854,26/04/2026,CUS-C-00725,Consumer,United Kingdom,Social,Office,OFF-012,1,72.64,GBP,0,3.83,False,Paid
OL-0004408,ORD-002635,2026-02-06,CUS-C-00610,Consumer,France,Paid Search,Electronics,ELE-022,1,378.16,EUR,15,11.84,False,Paid
OL-0003698,ORD-002207,2026-05-06,CUS-S-00121,Small Business,Spain,Organic,Office,OFF-001,1,58.58,EUR,0,4.23,False,Pending
OL-0000215,ORD-000133,31/01/2026,CUS-C-01113,Consumer,Germany,Organic,Home,HOM-037,1,135.36,EUR,0,8.9,False,Paid
OL-0001615,ORD-000965,09/05/2026,CUS-C-00995,Consumer,United Kingdom,Social,Home,HOM-033,2,57.61,GBP,0,8.52,False,Paid
OL-0004676,ORD-002793,2026-01-11,CUS-C-00483,Consumer,Spain,Email,Office,OFF-008,999,8.13,EUR,0,3.71,False,Paid
OL-0001718,ORD-001024,2026-02-09,CUS-C-00620,Consumer,Germany,Social,Home,HOM-001,2,254.72,EUR,0,10.17,False,Paid
OL-0002742,ORD-001635,10/06/2026,CUS-C-00268,Consumer,Spain,Paid Search,Home,HOM-014,1,192.36,EUR,0,7.08,False,Paid
OL-0002054,ORD-001225,2026-05-15,CUS-S-00303,Small Business,United Kingdom,Email,Electronics,ELE-009,1,186.4,GBP,15,10.4,False,Paid
OL-0002999,ORD-001782,11/06/2026,CUS-S-00013,Small Business,United Kingdom,Email,Home,HOM-029,3,56.05,GBP,0,6.74,False,Paid
OL-0001984,ORD-001182,2026-06-15,CUS-B-00215,Corporate,Germany,Marketplace,Office,OFF-027,4,51.82,EUR,0,5.09,False,Paid
OL-0001703,ORD-001017,2026-03-20,CUS-S-00549,Small Business,Spain,Organic,Electronics,ELE-035,3,469.28,EUR,10,13.01,False,Paid
OL-0003102,ORD-001848,2026-01-01,CUS-B-00212,Corporate,France,Paid Search,Office,OFF-019,1,15.9,EUR,0,5.95,False,Paid
OL-0003035,ORD-001804,31/01/2026,CUS-C-00230,Consumer,Spain,Paid Search,Electronics,ELE-039,1,233.7,EUR,10,12.6,False,Paid
OL-0005328,ORD-003182,2026-05-21,CUS-C-01361,Consumer,Germany,Organic,Home,HOM-035,1,200.27,EUR,0,9.73,False,Paid
OL-0000197,ORD-000121,2026-02-12,CUS-S-00500,Small Business,France,Organic,Home,HOM-031,1,76.4,EUR,0,9.42,False,Paid
OL-0000726,ORD-000436,2026-04-23,CUS-S-00183,Small Business,United Kingdom,Paid Search,Home,HOM-013,1,89.75,GBP,0,5.67,False,Paid
OL-0003919,ORD-002344,2026-04-06,CUS-B-00215,Corporate,United Kingdom,Social,Office,OFF-017,2,7.99,GBP,0,3.7,False,Paid
OL-0001513,ORD-000905,17/04/2026,,Small Business,France,Marketplace,Electronics,ELE-008,1,1149.27,EUR,15,10.82,False,Paid
OL-0002624,ORD-001564,2026-06-07,CUS-C-01084,Consumer,United States,Paid Search,Office,OFF-001,1,62.75,USD,0,3.92,False,Paid
OL-0004539,ORD-002711,2026-01-29,,Corporate,United Kingdom,Paid Search,Home,HOM-022,1,61.8,GBP,15,7.93,False,Paid
OL-0004696,ORD-002801,2026-06-28,CUS-S-00464,Small Business,Germany,Organic,Home,HOM-032,1,235.42,EUR,0,8.56,False,Paid
OL-0001057,ORD-000631,2026-05-11,CUS-C-00821,Consumer,Spain,Email,Home,HOM-029,2,68.08,EUR,0,7.5,False,Paid
OL-0004994,ORD-002987,2026-04-10,CUS-C-01465,Consumer,United States,Paid Search,Office,OFF-019,2,16.27,USD,0,6.25,False,Paid
OL-0000888,ORD-000536,2026-04-05,CUS-S-00018,Small Business,France,Organic,Office,OFF-039,1,19.53,EUR,15,5.99,False,Paid
OL-0002699,ORD-001607,2026-03-10,CUS-S-00096,Small Business,Germany,Paid Search,Electronics,ELE-022,2,374.37,EUR,20,11.38,False,Paid
OL-0001093,ORD-000652,2026-04-08,CUS-C-00341,Consumer,United Kingdom,Paid Search,Electronics,ELE-031,1,178.31,GBP,25,14.12,False,Paid
OL-0005098,ORD-003049,2026-01-26,CUS-C-00245,Consumer,Germany,Organic,Home,HOM-008,1,73.52,EUR,10,8.9,False,Paid
OL-0004126,ORD-002467,2026-04-01,,Consumer,Germany,Marketplace,Home,HOM-017,2,47.57,EUR,20,9.77,False,Paid
OL-0000569,ORD-000347,2026-04-08,,Consumer,Germany,Social,Home,HOM-027,1,110.34,EUR,0,8.65,False,Paid
OL-0000517,ORD-000320,29/06/2026,CUS-C-01090,Consumer,France,Paid Search,Home,HOM-028,1,335.1,EUR,10,6.78,False,Paid
OL-0003629,ORD-002166,2026-02-16,CUS-S-00073,Small Business,Germany,Social,Home,HOM-018,2,46.69,EUR,0,8.68,False,Paid
OL-0004830,ORD-002893,2026-04-29,CUS-C-00003,Consumer,Germany,Email,Home,HOM-016,3,270.61,EUR,0,9.22,False,Paid
OL-0002150,ORD-001285,01/03/2026,CUS-S-00481,Small Business,Spain,Marketplace,Office,OFF-034,2,72.87,EUR,0,5.16,False,Paid
OL-0000140,ORD-000086,2026-01-11,CUS-C-01365,Consumer,France,Email,Home,HOM-022,3,67.94,EUR,10,9.93,False,Paid
OL-0002181,ORD-001305,2026-04-24,CUS-C-00262,Consumer,Germany,Organic,Electronics,ELE-011,2,1276.62,EUR,10,15.16,False,Paid
OL-0005275,ORD-003154,2026-01-16,CUS-C-01140,Consumer,Germany,Paid Search,Home,HOM-016,1,279.42,EUR,0,8.55,False,Paid
OL-0002285,ORD-001365,2026-04-27,CUS-S-00172,Small Business,France,Email,Office,OFF-020,4,45.73,EUR,0,5.95,False,Paid
OL-0005011,ORD-002999,2026-05-12,CUS-S-00362,Small Business,United States,Organic,Office,OFF-036,3,22.11,USD,0,6.26,False,Paid
OL-0001150,ORD-000686,11/04/2026,CUS-S-00151,Small Business,Spain,Organic,Electronics,ELE-003,1,438.23,EUR,25,10.84,False,Paid
OL-0004049,ORD-002423,24/05/2026,CUS-S-00229,Small Business,Germany,Organic,Home,HOM-010,1,141.11,EUR,0,9.82,False,Paid
OL-0002499,ORD-001488,2026-04-16,CUS-C-00055,Consumer,United Kingdom,Social,Home,HOM-018,1,39.79,GBP,0,9.08,False,Paid
OL-0002274,ORD-001357,2026-01-11,CUS-S-00051,Small Business,France,Paid Search,Home,HOM-017,1,47.96,EUR,0,6.54,False,Paid
OL-0002527,ORD-001502,2026-05-22,CUS-C-00892,Consumer,France,Organic,Office,OFF-014,3,28.18,EUR,0,3.7,False,Paid
OL-0000464,ORD-000286,01/04/2026,,Corporate,United States,Email,Office,OFF-010,2,13.13,USD,0,5.18,False,Paid
OL-0003308,ORD-001966,2026-03-27,CUS-C-01245,Consumer,Spain,Organic,Office,OFF-007,6,39.42,EUR,0,4.7,False,Paid
OL-0003133,ORD-001863,2026-01-09,CUS-C-00431,Consumer,Spain,Paid Search,Home,HOM-018,1,47.58,EUR,0,8.14,False,Paid
OL-0004986,ORD-002981,20/04/2026,CUS-S-00588,Small Business,France,Paid Search,Electronics,ELE-030,1,1110.93,EUR,5,14.19,False,Paid
OL-0000595,ORD-000363,31/03/2026,CUS-C-00376,Consumer,France,Marketplace,Home,HOM-037,-4,139.92,EUR,0,9.32,True,Refunded
OL-0003081,ORD-001834,2026-02-13,CUS-C-00504,Consumer,Germany,Email,Electronics,ELE-013,1,331.63,EUR,10,13.3,False,Paid
OL-0001808,ORD-001078,04/06/2026,,Small Business,United Kingdom,Organic,Office,OFF-009,1,65.77,GBP,0,3.88,False,Paid
OL-0005137,ORD-003073,2026-03-01,CUS-C-00542,Consumer,United Kingdom,Email,Electronics,ELE-021,1,390.15,GBP,15,10.69,False,Paid
OL-0000451,ORD-000278,2026-03-03,CUS-S-00493,Small Business,France,Paid Search,Electronics,ELE-018,1,1140.95,EUR,10,15.63,False,Paid
OL-0003044,ORD-001810,14/02/2026,CUS-C-00971,Consumer,Spain,Organic,Office,OFF-026,1,21.83,EUR,0,5.06,False,Paid
OL-0005504,ORD-003295,2026-04-28,CUS-C-00602,Consumer,Germany,Marketplace,Electronics,ELE-029,3,1132.27,EUR,10,14.3,False,Paid
OL-0000519,ORD-000320,29/06/2026,CUS-C-01090,Consumer,France,Paid Search,Electronics,ELE-008,3,1120.33,EUR,5,15.17,False,Paid
OL-0002523,ORD-001501,06/06/2026,CUS-C-00730,Consumer,Spain,Email,Electronics,ELE-009,3,220.38,EUR,0,10.1,False,Paid
OL-0000313,ORD-000191,09/03/2026,CUS-S-00189,Small Business,Germany,Organic,Office,OFF-017,4,9.4,EUR,0,3.68,False,Paid
OL-0001884,ORD-001120,2026-06-11,CUS-C-00472,Consumer,Germany,Organic,Electronics,ELE-029,1,1074.88,EUR,5,14.27,False,Paid
OL-0004484,ORD-002680,28/05/2026,CUS-S-00374,Small Business,Spain,Organic,Office,OFF-001,3,56.4,EUR,0,5.86,False,Paid
OL-0002648,ORD-001579,2026-06-11,CUS-S-00021,Small Business,United States,Paid Search,Home,HOM-029,1,72.79,USD,15,8.25,False,Paid
OL-0003438,ORD-002046,20/05/2026,,Consumer,United Kingdom,Marketplace,Electronics,ELE-002,1,342.55,GBP,10,9.39,False,Paid
OL-0001175,ORD-000700,2026-06-08,,Consumer,United Kingdom,Marketplace,Office,OFF-027,4,45.36,GBP,0,5.14,False,Paid
OL-0003533,ORD-002106,2026-04-16,CUS-S-00498,Small Business,United Kingdom,Marketplace,Office,OFF-017,6,8.45,GBP,0,3.68,False,Paid
OL-0000452,ORD-000279,21/04/2026,CUS-C-00211,Consumer,France,Paid Search,Home,HOM-005,1,270.22,EUR,0,7.82,False,Paid
OL-0005038,ORD-003014,2026-03-02,CUS-B-00076,Corporate,Spain,Email,Home,HOM-032,1,244.98,EUR,10,7.91,False,Pending
OL-0003425,ORD-002040,2026-06-26,CUS-S-00397,Small Business,United Kingdom,Paid Search,Home,HOM-039,3,39.8,GBP,0,8.67,False,Paid
OL-0001113,ORD-000663,2026-06-14,CUS-C-00164,Consumer,Germany,Marketplace,Electronics,ELE-036,1,1126.92,EUR,0,10.52,False,Paid
OL-0004845,ORD-002900,2026-04-11,CUS-S-00368,Small Business,United Kingdom,Organic,Office,OFF-014,1,24.31,GBP,0,4.53,False,Paid
OL-0001579,ORD-000942,2026-01-16,,Corporate,France,Marketplace,Office,OFF-025,5,9.95,EUR,0,3.71,False,Paid
OL-0000891,ORD-000539,2026-06-17,CUS-S-00523,Small Business,United Kingdom,Paid Search,Home,HOM-024,1,69.19,GBP,20,6.13,False,Paid
OL-0001616,ORD-000965,09/05/2026,CUS-C-00995,Consumer,United Kingdom,Social,Home,HOM-016,4,237.61,GBP,15,6.1,False,Paid
OL-0004349,ORD-002601,28/03/2026,CUS-C-00760,Consumer,Germany,Paid Search,Home,HOM-037,3,124.65,EUR,0,6.44,False,Paid
OL-0003980,ORD-002382,12/04/2026,,Small Business,Spain,Marketplace,Office,OFF-025,3,10.06,EUR,0,4.68,False,Paid
OL-0005681,ORD-003404,27/01/2026,CUS-S-00336,Small Business,Spain,Email,Office,OFF-028,-7,26.35,EUR,0,5.88,True,Refunded
OL-0005068,ORD-003034,02/05/2026,CUS-C-00780,Consumer,Germany,Email,Electronics,ELE-018,2,1076.37,EUR,15,12.66,False,Paid
OL-0002926,ORD-001740,2026-01-03,CUS-C-01438,Consumer,Germany,Organic,Home,HOM-040,1,311.1,EUR,0,8.38,False,Paid
OL-0001264,ORD-000759,2026-03-12,,Small Business,Spain,Marketplace,Home,HOM-020,1,57.01,EUR,0,9.76,False,Paid
OL-0005616,ORD-003368,2026-04-24,CUS-S-00024,Small Business,Germany,Social,Electronics,ELE-004,1,1032.52,EUR,10,15.23,False,Paid
OL-0001000,ORD-000603,2026-02-27,CUS-C-00991,Consumer,France,Paid Search,Office,OFF-004,3,17.33,EUR,0,4.33,False,Paid
OL-0003762,ORD-002249,2026-03-26,CUS-B-00221,Corporate,France,Organic,Office,OFF-025,1,9.85,EUR,10,5.84,False,Paid
OL-0001360,ORD-000816,2026-05-16,CUS-S-00130,Small Business,Spain,Organic,Electronics,ELE-036,1,1204.05,EUR,25,14.78,False,Paid
OL-0001742,ORD-001039,2026-03-14,CUS-B-00022,Corporate,Spain,Organic,Home,HOM-028,1,333.66,EUR,10,9.59,False,Paid
OL-0001477,ORD-000882,09/01/2026,CUS-C-00508,Consumer,Spain,Organic,Home,HOM-024,4,80.42,EUR,10,7.82,False,Pending
OL-0000193,ORD-000118,03/05/2026,CUS-C-01145,Consumer,France,Social,Office,OFF-011,1,17.44,EUR,0,6.03,False,Paid
OL-0004693,ORD-002801,2026-06-28,CUS-S-00464,Small Business,Germany,Organic,Office,OFF-019,3,15.43,EUR,0,5.99,False,Paid
OL-0005399,ORD-003227,16/02/2026,CUS-S-00430,Small Business,Germany,Paid Search,Home,HOM-033,1,65.68,EUR,0,6.99,False,Paid
OL-0002793,ORD-001666,2026-05-19,CUS-C-00623,Consumer,France,Marketplace,Electronics,ELE-018,2,1147.66,EUR,10,11.18,False,Paid
OL-0005002,ORD-002992,22/04/2026,CUS-B-00079,Corporate,Germany,Organic,Office,OFF-005,1,50.54,EUR,0,4.84,False,Paid
OL-0002408,ORD-001432,15/02/2026,CUS-S-00174,Small Business,Spain,Organic,Office,OFF-033,1,33.85,EUR,0,4.86,False,Paid
OL-0005058,ORD-003028,2026-03-04,,Consumer,United Kingdom,Marketplace,Electronics,ELE-011,1,1023.82,GBP,15,13.86,False,Paid
OL-0001875,ORD-001115,2026-04-04,CUS-B-00137,Corporate,Spain,Paid Search,Office,OFF-035,2,34.42,EUR,0,5.05,False,Paid
OL-0005301,ORD-003169,2026-03-05,CUS-C-00418,Consumer,Germany,Email,Home,HOM-005,1,255.66,EUR,0,8.29,False,Paid
OL-0001339,ORD-000805,2026-04-24,CUS-C-00158,Consumer,France,Social,Electronics,ELE-024,1,1084.44,EUR,20,12.34,False,Paid
OL-0003478,ORD-002071,22/03/2026,,Consumer,Germany,Social,Home,HOM-016,2,275.98,EUR,0,9.0,False,Paid
OL-0004843,ORD-002899,2026-06-02,CUS-C-00004,Consumer,France,Organic,Office,OFF-021,4,29.4,EUR,15,3.79,False,Paid
OL-0003872,ORD-002311,2026-01-07,CUS-C-00876,Consumer,Germany,Social,Office,OFF-020,4,46.07,EUR,0,5.84,False,Paid
OL-0002806,ORD-001673,02/06/2026,CUS-C-00294,Consumer,Germany,Paid Search,Home,HOM-018,3,48.89,EUR,10,7.4,False,Paid
OL-0002424,ORD-001440,2026-04-03,CUS-C-01246,Consumer,Germany,Organic,Electronics,ELE-023,2,516.43,EUR,5,10.47,False,Paid
OL-0001294,ORD-000778,2026-01-15,CUS-S-00470,Small Business,United Kingdom,Social,Electronics,ELE-014,1,162.45,GBP,25,9.38,False,Paid
OL-0005286,ORD-003161,02/03/2026,CUS-C-00359,Consumer,France,Organic,Office,OFF-020,2,44.78,EUR,0,4.96,False,Paid
OL-0004513,ORD-002695,2026-06-14,CUS-B-00182,Corporate,France,Paid Search,Electronics,ELE-020,-2,468.49,EUR,5,11.67,True,Refunded
OL-0005618,ORD-003369,2026-05-18,CUS-S-00215,Small Business,France,Paid Search,Home,HOM-007,2,135.42,EUR,20,10.34,False,Paid
OL-0003520,ORD-002098,2026-02-02,CUS-C-01162,Consumer,Spain,Paid Search,Office,OFF-009,3,77.76,EUR,0,5.07,False,Pending
OL-0002665,ORD-001587,2026-05-27,CUS-C-01113,Consumer,Germany,Organic,Office,OFF-024,5,17.81,EUR,0,4.01,False,Paid
OL-0001908,ORD-001132,17/06/2026,CUS-S-00204,Small Business,Spain,Organic,Office,OFF-004,1,17.1,EUR,0,5.2,False,Paid
OL-0003759,ORD-002247,02/06/2026,CUS-S-00319,Small Business,Spain,Paid Search,Electronics,ELE-003,1,430.68,EUR,15,13.07,False,Paid
OL-0004154,ORD-002486,08/01/2026,CUS-C-01048,Consumer,France,Email,Electronics,ELE-024,1,1083.82,EUR,25,12.74,False,Paid
OL-0000369,ORD-000225,2026-06-29,CUS-C-01168,Consumer,United Kingdom,Email,Office,OFF-004,4,15.23,GBP,0,4.48,False,Paid
OL-0001938,ORD-001150,2026-01-17,CUS-S-00224,Small Business,France,Paid Search,Home,HOM-009,1,128.2,EUR,0,7.77,False,Paid
OL-0003574,ORD-002134,2026-01-28,CUS-S-00316,Small Business,France,Marketplace,Office,OFF-004,-2,17.01,EUR,0,3.99,True,Paid
OL-0001152,ORD-000688,2026-01-19,CUS-C-00012,Consumer,Germany,Social,Electronics,ELE-040,1,325.21,EUR,10,12.14,False,Paid
OL-0004922,ORD-002943,17/02/2026,CUS-C-01260,Consumer,Germany,Organic,Electronics,ELE-029,1,1083.83,EUR,10,16.28,False,Paid
OL-0004013,ORD-002402,2026-03-07,CUS-B-00115,Corporate,France,Social,Home,HOM-031,1,74.71,EUR,0,9.8,False,Paid
OL-0002352,ORD-001403,2026-02-09,,Small Business,Germany,Marketplace,Home,HOM-037,1,137.84,EUR,0,8.67,False,Paid
OL-0004052,ORD-002425,06/04/2026,CUS-C-01114,Consumer,United States,Paid Search,Electronics,ELE-013,2,383.78,USD,20,17.23,False,Paid
OL-0005661,ORD-003393,2026-01-25,CUS-C-01326,Consumer,Spain,Paid Search,Office,OFF-013,2,47.73,EUR,0,5.48,False,Paid
OL-0003556,ORD-002121,12/04/2026,CUS-C-00208,Consumer,France,Organic,Electronics,ELE-036,1,1189.13,EUR,0,10.89,False,Paid
OL-0001873,ORD-001115,2026-04-04,CUS-B-00137,Corporate,Spain,Paid Search,Office,OFF-027,7,53.44,EUR,0,3.82,False,Paid
OL-0002914,ORD-001733,2026-05-28,CUS-C-00245,Consumer,Germany,Social,Electronics,ELE-011,1,1222.96,EUR,20,10.33,False,Paid
OL-0000192,ORD-000118,03/05/2026,CUS-C-01145,Consumer,France,Social,Office,OFF-005,1,52.6,EUR,0,4.3,False,Paid
OL-0002441,ORD-001451,2026-01-03,CUS-S-00368,Small Business,Germany,Paid Search,Office,OFF-022,5,22.52,EUR,0,5.11,False,Paid
OL-0000109,ORD-000065,29/01/2026,CUS-C-00220,Consumer,United Kingdom,Organic,Office,OFF-013,7,42.83,GBP,0,4.59,False,Paid
OL-0000175,ORD-000107,2026-05-21,,Consumer,United Kingdom,Social,Home,HOM-010,1,119.4,GBP,0,6.12,False,Paid
OL-0003170,ORD-001882,2026-05-22,CUS-S-00244,Small Business,United Kingdom,Social,Electronics ,ELE-018,1,951.55,GBP,10,8.91,False,Paid
OL-0003353,ORD-001990,22/05/2026,CUS-C-00266,Consumer,France,Social,Office,OFF-038,3,58.39,EUR,0,4.35,False,Paid
OL-0003835,ORD-002290,2026-02-03,CUS-C-00892,Consumer,France,Paid Search,Office,OFF-005,4,53.41,EUR,0,5.53,False,Paid
OL-0001599,ORD-000955,2026-05-13,CUS-C-00031,Consumer,France,Email,Electronics,ELE-018,1,1131.98,EUR,25,11.37,False,Paid
OL-0001361,ORD-000817,24/05/2026,CUS-C-00485,Consumer,United States,Organic,Home,HOM-001,4,288.32,USD,0,11.21,False,Paid
OL-0002104,ORD-001258,13/02/2026,CUS-S-00361,Small Business,Germany,Email,Office,OFF-029,5,91.78,EUR,0,5.23,False,Paid
OL-0005220,ORD-003119,2026-01-04,CUS-S-00281,Small Business,Spain,Paid Search,Electronics,ELE-026,1,239.57,EUR,0,15.27,False,Paid
OL-0002082,ORD-001245,2026-01-06,CUS-B-00050,Corporate,Germany,Organic,Electronics,ELE-030,2,1096.13,EUR,20,16.49,False,Paid
OL-0005044,ORD-003017,2026-01-25,CUS-C-00096,Consumer,Spain,Paid Search,Electronics,ELE-017,1,827.18,EUR,10,15.37,False,Paid
OL-0003581,ORD-002139,08/02/2026,CUS-B-00137,Corporate,France,Marketplace,Office,OFF-007,4,39.99,EUR,0,5.48,False,Paid
OL-0001165,ORD-000695,2026-03-30,CUS-S-00494,Small Business,Spain,Organic,Electronics,ELE-033,1,815.13,EUR,15,11.71,False,Paid
OL-0003679,ORD-002196,2026-05-29,CUS-C-01127,Consumer,Germany,Social,Electronics,ELE-023,2,539.21,EUR,15,13.68,False,Paid
OL-0005285,ORD-003161,02/03/2026,CUS-C-00359,Consumer,France,Organic,Electronics,ELE-008,1,1132.2,EUR,20,11.96,False,Paid
OL-0001662,ORD-000993,2026-02-15,CUS-C-00910,Consumer,United Kingdom,Email,Home,HOM-038,1,83.15,GBP,15,6.86,False,Paid
OL-0000509,ORD-000313,2026-06-25,CUS-B-00020,Corporate,Germany,Organic,Home,HOM-035,2,209.24,EUR,0,7.21,False,Paid
OL-0000167,ORD-000104,14/02/2026,CUS-C-00459,Consumer,Germany,Paid Search,Electronics,ELE-023,1,549.74,EUR,0,13.02,False,Pending
OL-0002788,ORD-001665,2026-02-15,CUS-C-00769,Consumer,Spain,Organic,Home,HOM-008,1,73.29,EUR,0,8.42,False,Paid
OL-0005522,ORD-003304,2026-01-07,CUS-C-00729,Consumer,United Kingdom,Paid Search,Office,OFF-013,1,41.95,GBP,0,3.12,False,Paid
OL-0002255,ORD-001345,2026-03-02,CUS-B-00191,Corporate,Spain,Social,Office,OFF-022,4,23.1,EUR,0,5.19,False,Paid
OL-0003962,ORD-002370,2026-02-01,CUS-C-01456,Consumer,United Kingdom,Organic,Electronics,ELE-008,1,957.8,GBP,25,10.88,False,Paid
OL-0000104,ORD-000062,2026-04-16,CUS-C-00945,Consumer,United States,Marketplace,Office,OFF-007,4,44.07,USD,0,4.11,False,Pending
OL-0002413,ORD-001436,2026-03-27,CUS-S-00327,Small Business,France,Email,Office,OFF-003,4,10.63,EUR,0,5.29,False,Pending
OL-0004926,ORD-002947,2026-05-22,CUS-C-00426,Consumer,France,Organic,Office,OFF-030,2,66.7,EUR,0,5.48,False,Paid
OL-0004882,ORD-002920,05/05/2026,CUS-C-00483,Consumer,Spain,Email,Office,OFF-021,4,30.3,EUR,0,5.24,False,Paid
OL-0001753,ORD-001047,2026-04-27,,Consumer,Spain,Marketplace,Home,HOM-007,1,139.61,EUR,0,8.72,False,Paid
OL-0005355,ORD-003200,2026-04-08,CUS-C-01202,Consumer,Germany,Paid Search,Electronics,ELE-029,3,1059.43,EUR,20,10.23,False,Paid
OL-0005104,ORD-003052,2026-02-02,CUS-B-00234,Corporate,Spain,Email,Office,OFF-032,3,51.82,EUR,0,5.56,False,Paid
OL-0001659,ORD-000991,2026-06-17,,Small Business,Spain,Social,Home,HOM-023,2,46.62,EUR,25,10.58,False,Paid
OL-0000153,ORD-000096,2026-01-01,CUS-B-00059,Corporate,United Kingdom,Organic,Office,OFF-036,1,17.47,GBP,0,4.24,False,Paid
OL-0002587,ORD-001542,30/04/2026,CUS-B-00085,Corporate,Germany,Social,Office,OFF-039,5,19.8,EUR,10,5.37,False,Paid
OL-0001584,ORD-000945,2026-05-24,CUS-B-00170,Corporate,Germany,Organic,Office,OFF-009,3,79.35,EUR,0,4.72,False,Paid
OL-0002178,ORD-001303,15/01/2026,CUS-C-01457,Consumer,France,Paid Search,Office,OFF-025,2,9.94,EUR,0,5.72,False,Paid
OL-0000304,ORD-000185,01/05/2026,CUS-B-00138,Corporate,Germany,Email,Electronics,ELE-027,1,635.98,EUR,5,14.33,False,Paid
OL-0004890,ORD-002924,2026-06-11,,Small Business,France,Paid Search,Electronics,ELE-001,1,593.7,EUR,10,10.44,False,Paid
OL-0002115,ORD-001264,10/02/2026,CUS-C-00104,Consumer,France,Social,Office,OFF-019,1,15.4,EUR,0,4.57,False,Paid
OL-0002647,ORD-001579,2026-06-11,CUS-S-00021,Small Business,United States,Paid Search,Office,OFF-014,1,30.5,USD,0,4.8,False,Paid
OL-0001823,ORD-001085,15/03/2026,CUS-S-00383,Small Business,Germany,Paid Search,Office,OFF-038,5,62.92,EUR,0,4.65,False,Paid
OL-0005070,ORD-003035,18/04/2026,,Consumer,United States,Email,Electronics,ELE-013,1,367.77,USD,0,13.47,False,Paid
OL-0003127,ORD-001862,2026-03-17,CUS-C-01400,Consumer,Spain,Email,Electronics,ELE-027,1,657.19,EUR,10,14.95,False,Paid
OL-0000310,ORD-000189,2026-01-31,CUS-S-00516,Small Business,United Kingdom,Paid Search,Office,OFF-009,3,64.01,GBP,20,4.8,False,Paid
OL-0005792,ORD-003470,2026-05-16,CUS-C-01298,Consumer,Germany,Paid Search,Office,OFF-012,3,82.3,EUR,0,3.94,False,Paid
OL-0002432,ORD-001446,10/01/2026,CUS-B-00209,Corporate,Spain,Paid Search,Electronics,ELE-024,1,1106.11,EUR,25,10.73,False,Paid
OL-0002571,ORD-001532,2026-05-05,CUS-S-00212,Small Business,Germany,Social,Office,OFF-027,2,54.16,EUR,0,6.05,False,Paid
OL-0000496,ORD-000303,2026-04-23,CUS-S-00122,Small Business,Germany,Organic,Office,OFF-025,-2,10.21,EUR,0,4.33,True,Paid
OL-0000206,ORD-000128,2026-06-27,,Consumer,United Kingdom,Social,Electronics,ELE-025,1,365.53,GBP,0,10.7,False,Paid
OL-0001435,ORD-000858,17/06/2026,CUS-C-01476,Consumer,France,Organic,Home,HOM-037,-1,139.28,EUR,0,8.33,True,Paid
OL-0001136,ORD-000675,2026-02-04,CUS-C-00131,Consumer,Germany,Organic,Home,HOM-040,2,303.51,EUR,10,10.21,False,Paid
OL-0000869,ORD-000527,2026-04-13,CUS-S-00344,Small Business,United States,Email,Office,OFF-003,1,12.48,USD,0,6.38,False,Paid
OL-0000306,ORD-000186,2026-06-15,CUS-B-00231,Corporate,Spain,Marketplace,Home,HOM-015,1,133.95,EUR,20,10.43,False,Paid
OL-0001850,ORD-001102,20/02/2026,CUS-C-00578,Consumer,United Kingdom,Social,Electronics,ELE-022,1,312.06,GBP,25,12.56,False,Paid
OL-0002237,ORD-001336,2026-03-01,CUS-S-00162,Small Business,France,Organic,Office,OFF-033,2,33.53,EUR,20,4.84,False,Paid
OL-0001989,ORD-001186,2026-03-07,,Consumer,Germany,Social,Office,OFF-017,1,9.95,EUR,15,5.45,False,Paid
OL-0001476,ORD-000881,2026-06-25,CUS-S-00304,Small Business,Germany,Paid Search,Electronics,ELE-017,1,813.23,EUR,25,14.86,False,Paid
OL-0001535,ORD-000915,2026-05-03,,Consumer,United Kingdom,Organic,Home,HOM-032,3,212.94,GBP,0,8.93,False,Paid
OL-0000844,ORD-000509,2026-01-29,CUS-C-01124,Consumer,France,Paid Search,Office,OFF-005,4,52.44,EUR,0,5.45,False,Paid
OL-0001988,ORD-001186,2026-03-07,,Consumer,Germany,Social,Office,OFF-027,2,54.81,EUR,0,4.46,False,Paid
OL-0005596,ORD-003354,2026-06-11,CUS-C-00429,Consumer,United Kingdom,Social,Home,HOM-035,3,175.16,GBP,20,6.98,False,Paid
OL-0003842,ORD-002293,2026-03-23,CUS-C-00319,Consumer,Spain,Marketplace,HOME,HOM-003,1,151.23,EUR,0,9.17,False,Paid
OL-0002537,ORD-001510,2026-03-25,CUS-C-00836,Consumer,France,Paid Search,Home & Living,HOM-035,1,207.49,EUR,0,9.87,False,Paid
OL-0005281,ORD-003159,2026-01-18,CUS-B-00126,Corporate,Spain,Organic,Home,HOM-027,1,114.48,EUR,0,8.25,False,Paid
OL-0001539,ORD-000916,2026-02-20,CUS-C-01094,Consumer,Spain,Marketplace,Home,HOM-002,-2,206.91,EUR,0,8.83,True,Refunded
OL-0000212,ORD-000132,2026-04-25,CUS-C-00613,Consumer,France,Social,Electronics,ELE-025,1,426.78,EUR,15,11.58,False,Paid
OL-0001958,ORD-001164,24/04/2026,CUS-C-00621,Consumer,Germany,Paid Search,Office,OFF-035,4,33.56,EUR,0,3.94,False,Paid
OL-0003722,ORD-002220,2026-04-13,CUS-C-01040,Consumer,Germany,Social,Home,HOM-009,1,129.79,EUR,0,7.03,False,Paid
OL-0004705,ORD-002808,2026-05-09,CUS-S-00182,Small Business,United States,Paid Search,Electronics,ELE-009,1,235.67,USD,0,12.49,False,Paid
OL-0002708,ORD-001614,2026-02-04,CUS-C-00505,Consumer,United Kingdom,Organic,Home,HOM-011,1,79.45,GBP,10,7.31,False,Paid
OL-0001350,ORD-000812,06/06/2026,CUS-C-00090,Consumer,Spain,Organic,Electronics,ELE-027,1,668.38,EUR,10,11.54,False,Paid
OL-0004309,ORD-002578,2026-02-17,CUS-C-00853,Consumer,Germany,Social,Electronics,ELE-025,-2,420.96,EUR,0,11.94,True,Refunded
OL-0004588,ORD-002742,2026-03-17,CUS-S-00475,Small Business,Germany,Paid Search,Office,OFF-001,8,57.15,EUR,0,4.29,False,Paid
OL-0000681,ORD-000410,2026-04-28,CUS-C-01420,Consumer,Spain,Organic,Home,HOM-009,2,129.31,EUR,15,10.01,False,Paid
OL-0000181,ORD-000111,05/03/2026,CUS-S-00350,Small Business,United Kingdom,Paid Search,Office,OFF-018,6,9.95,GBP,20,3.73,False,Paid
OL-0003758,ORD-002246,2026-05-30,CUS-B-00063,Corporate,United Kingdom,Social,Electronics,ELE-001,2,511.89,GBP,10,13.2,False,Paid
OL-0002227,ORD-001332,2026-06-26,CUS-C-00755,Consumer,Germany,Organic,Electronics,ELE-022,2,394.4,EUR,25,16.62,False,Paid
OL-0003291,ORD-001956,2026-05-20,CUS-B-00120,Corporate,United Kingdom,Marketplace,Electronics,ELE-033,1,719.54,GBP,20,10.99,False,Paid
OL-0000279,ORD-000173,18/01/2026,CUS-B-00141,Corporate,United Kingdom,Organic,Home,HOM-033,1,53.77,GBP,0,6.6,False,Paid
OL-0000290,ORD-000179,2026-06-10,CUS-C-01303,Consumer,France,Marketplace,Electronics,ELE-029,2,1121.57,EUR,0,16.12,False,Pending
OL-0004729,ORD-002824,2026-03-14,CUS-S-00419,Small Business,Spain,Organic,Home,HOM-004,1,55.99,EUR,0,7.29,False,Paid
OL-0000994,ORD-000600,2026-04-22,CUS-B-00109,Corporate,United States,Organic,Home,HOM-011,1,97.57,USD,0,8.16,False,Paid
OL-0005091,ORD-003046,20/06/2026,CUS-S-00326,Small Business,United States,Organic,Office,OFF-029,7,103.06,USD,0,4.61,False,Paid
OL-0005039,ORD-003014,2026-03-02,CUS-B-00076,Corporate,Spain,Email,Electronics,ELE-030,1,1141.83,EUR,5,10.87,False,Paid
OL-0004713,ORD-002813,2026-01-10,CUS-C-01151,Consumer,France,Paid Search,Office,OFF-009,2,79.61,EUR,0,6.07,False,Paid
OL-0004807,ORD-002876,2026-02-19,,Consumer,Spain,Paid Search,Office,OFF-017,2,9.39,EUR,0,5.44,False,Paid
OL-0000271,ORD-000168,13/05/2026,CUS-C-00483,Consumer,France,Social,Office,OFF-040,3,57.66,EUR,15,4.36,False,Paid
OL-0002305,ORD-001378,01/06/2026,CUS-C-00762,Consumer,United Kingdom,Email,Home,HOM-036,1,125.63,GBP,0,8.77,False,Paid
OL-0004896,ORD-002928,2026-04-16,CUS-B-00044,Corporate,United States,Paid Search,Electronics,ELE-031,1,233.47,USD,0,11.37,False,Paid
OL-0001903,ORD-001130,24/04/2026,CUS-C-01432,Consumer,Germany,Organic,Electronics,ELE-008,2,1169.62,EUR,10,16.26,False,Paid
OL-0005806,ORD-003478,06/01/2026,CUS-C-01082,Consumer,Germany,Paid Search,Home,HOM-039,4,45.66,EUR,10,7.48,False,Paid
OL-0000112,ORD-000066,2026-02-17,CUS-S-00473,Small Business,Spain,Paid Search,Office,OFF-017,4,9.47,EUR,0,5.13,False,Paid
OL-0001392,ORD-000835,2026-06-19,CUS-S-00213,Small Business,United Kingdom,Organic,Electronics,ELE-001,1,504.41,GBP,20,10.02,False,Paid
OL-0000221,ORD-000137,2026-04-18,CUS-C-00952,Consumer,Germany,Email,Electronics,ELE-017,1,833.32,EUR,10,14.73,False,Pending
OL-0005204,ORD-003109,14/05/2026,CUS-C-01154,Consumer,United States,Paid Search,Home,HOM-034,1,353.71,USD,10,11.38,False,Paid
OL-0000084,ORD-000049,13/01/2026,CUS-B-00250,Corporate,Spain,Social,Electronics,ELE-019,2,233.65,EUR,25,13.64,False,Paid
OL-0003434,ORD-002045,2026-06-26,CUS-S-00128,Small Business,Germany,Organic,Electronics,ELE-009,1,208.02,EUR,5,13.33,False,Paid
OL-0000462,ORD-000285,08/06/2026,CUS-C-00551,Consumer,United States,Organic,Office,OFF-011,2,19.44,USD,0,5.06,False,Paid
OL-0005272,ORD-003152,2026-05-16,CUS-C-01043,Consumer,Spain,Paid Search,Office,OFF-017,2,9.52,EUR,0,3.95,False,Paid
OL-0000552,ORD-000340,09/02/2026,CUS-C-00593,Consumer,Spain,Paid Search,Office,OFF-020,4,45.01,EUR,0,4.57,False,Paid
OL-0005041,ORD-003016,30/04/2026,CUS-S-00355,Small Business,Germany,Organic,Office,OFF-040,2,55.49,EUR,0,5.17,False,Paid
OL-0004695,ORD-002801,2026-06-28,CUS-S-00464,Small Business,Germany,Organic,Electronics,ELE-032,1,523.85,EUR,10,15.23,False,Paid
OL-0002766,ORD-001650,04/02/2026,CUS-S-00509,Small Business,Germany,Organic,Office,OFF-010,2,12.19,EUR,0,4.5,False,Paid
OL-0005166,ORD-003090,2026-03-05,CUS-C-01155,Consumer,Spain,Paid Search,Office,OFF-010,2,12.21,EUR,0,4.63,False,Paid
OL-0002953,ORD-001756,2026-04-16,CUS-C-00440,Consumer,Germany,Email,Office,OFF-030,1,68.62,EUR,5,4.84,False,Paid
OL-0000651,ORD-000394,2026-04-02,CUS-C-00942,Consumer,Germany,Paid Search,Home,HOM-009,3,131.83,EUR,0,7.74,False,Paid
OL-0000709,ORD-000428,2026-06-04,CUS-S-00396,Small Business,Germany,Organic,Office,OFF-002,3,11.28,EUR,0,5.36,False,Paid
OL-0004744,ORD-002830,02/05/2026,CUS-S-00356,Small Business,Germany,Marketplace,Office,OFF-021,2,29.79,EUR,0,5.5,False,Paid
OL-0002410,ORD-001433,20/05/2026,CUS-B-00044,Corporate,United States,Paid Search,Home,HOM-007,1,156.42,USD,0,8.52,False,Paid
OL-0002415,ORD-001436,2026-03-27,CUS-S-00327,Small Business,France,Email,Home,HOM-028,1,318.12,EUR,10,8.76,False,Paid
OL-0001425,ORD-000853,2026-06-05,CUS-B-00052,Corporate,Germany,Paid Search,Electronics,ELE-012,2,523.62,EUR,0,16.59,False,Paid
OL-0001217,ORD-000724,2026-03-27,CUS-S-00564,Small Business,France,Organic,Office,OFF-022,2,23.18,EUR,0,4.2,False,Paid
OL-0004577,ORD-002734,19/04/2026,,Consumer,Germany,Marketplace,Home,HOM-020,1,58.19,EUR,20,9.18,False,Paid
OL-0001925,ORD-001143,2026-01-24,CUS-C-00829,Consumer,France,Email,Electronics,ELE-019,2,235.8,EUR,15,16.32,False,Paid
OL-0004910,ORD-002935,03/05/2026,,Consumer,Germany,Email,Electronics,ELE-018,1,1094.35,EUR,20,14.59,False,Paid
OL-0002684,ORD-001599,2026-04-28,CUS-S-00265,Small Business,United States,Paid Search,Office,OFF-029,1,98.92,USD,0,4.04,False,Paid
OL-0000315,ORD-000192,2026-02-26,CUS-S-00349,Small Business,Spain,Organic,Office,OFF-036,1,20.07,EUR,0,4.56,False,Paid
OL-0002729,ORD-001627,18/06/2026,CUS-C-00654,Consumer,United Kingdom,Marketplace,Office,OFF-017,4,7.98,GBP,0,3.63,False,Paid
OL-0001428,ORD-000854,26/04/2026,CUS-C-00725,Consumer,United Kingdom,Social,Office,OFF-029,1,74.02,GBP,0,3.87,False,Paid
OL-0005075,ORD-003037,17/05/2026,CUS-C-01309,Consumer,France,Social,Home,HOM-030,1,129.25,EUR,5,7.17,False,Paid
OL-0004754,ORD-002837,2026-06-16,CUS-C-00551,Consumer,United Kingdom,Organic,Home,HOM-023,1,39.56,GBP,0,9.17,False,Paid
OL-0004120,ORD-002463,01/06/2026,CUS-S-00339,Small Business,Germany,Social,Home,HOM-033,1,67.81,EUR,0,9.2,False,Paid
OL-0003865,ORD-002309,2026-04-30,CUS-B-00133,Corporate,United Kingdom,Organic,Electronics,ELE-019,1,198.98,GBP,15,13.43,False,Paid
OL-0003215,ORD-001913,2026-04-21,CUS-C-00837,Consumer,Spain,Marketplace,Office,OFF-015,2,66.32,EUR,0,5.62,False,Paid
OL-0004415,ORD-002641,2026-03-27,CUS-S-00009,Small Business,France,Email,Home,HOM-026,1,203.8,EUR,10,8.21,False,Paid
OL-0003828,ORD-002286,2026-01-27,CUS-B-00105,Corporate,United Kingdom,Social,Electronics,ELE-021,1,413.1,GBP,10,12.02,False,Paid
OL-0002259,ORD-001347,2026-04-21,CUS-C-01030,Consumer,Spain,Social,Home,HOM-015,2,142.72,EUR,0,7.54,False,Paid
OL-0002526,ORD-001502,2026-05-22,CUS-C-00892,Consumer,France,Organic,Electronics,ELE-017,1,841.48,EUR,0,16.27,False,Paid
OL-0000685,ORD-000412,2026-05-26,CUS-C-00958,Consumer,Germany,Marketplace,Electronics,ELE-016,-1,394.42,EUR,15,10.34,True,Refunded
OL-0004395,ORD-002626,2026-05-09,CUS-C-01419,Consumer,Germany,Social,Home,HOM-025,4,126.3,EUR,15,8.47,False,Paid
OL-0002522,ORD-001501,06/06/2026,CUS-C-00730,Consumer,Spain,Email,Office,OFF-009,8,76.25,EUR,0,4.27,False,Paid
OL-0002909,ORD-001731,04/03/2026,CUS-C-01451,Consumer,Germany,Organic,HOME,HOM-027,3,112.92,EUR,0,8.68,False,Paid
OL-0002390,ORD-001420,21/04/2026,CUS-C-00048,Consumer,Spain,Organic,Office,OFF-023,8,54.55,EUR,0,3.71,False,Paid
OL-0000327,ORD-000199,2026-04-08,CUS-C-00475,Consumer,France,Social,Home,HOM-024,1,79.99,EUR,10,7.82,False,Paid
OL-0005014,ORD-002999,2026-05-12,CUS-S-00362,Small Business,United States,Organic,Office,OFF-005,1,60.31,USD,0,4.2,False,Pending
OL-0002593,ORD-001548,2026-05-15,CUS-C-01010,Consumer,Germany,Organic,Electronics,ELE-002,2,401.44,EUR,5,15.98,False,Paid
OL-0005186,ORD-003101,2026-01-29,CUS-C-00513,Consumer,France,Email,Electronics,ELE-031,1,211.78,EUR,15,11.63,False,Paid
OL-0002928,ORD-001741,2026-02-05,,Small Business,France,Social,Home,HOM-009,1,134.62,EUR,20,10.1,False,Paid
OL-0004051,ORD-002425,06/04/2026,CUS-C-01114,Consumer,United States,Paid Search,Electronics,ELE-031,-2,220.74,USD,20,13.32,True,Refunded
OL-0005807,ORD-003478,06/01/2026,CUS-C-01082,Consumer,Germany,Paid Search,Office,OFF-003,7,10.91,EUR,0,5.73,False,Paid
OL-0003786,ORD-002262,2026-05-22,CUS-B-00239,Corporate,United States,Organic,Electronics,ELE-002,1,440.94,USD,0,14.94,False,Paid
OL-0000349,ORD-000214,2026-02-24,,Consumer,Germany,Email,Electronics,ELE-031,1,219.49,EUR,15,14.19,False,Paid
OL-0001627,ORD-000971,2026-02-17,CUS-S-00184,Small Business,France,Organic,electronics,ELE-010,2,1185.92,EUR,15,14.69,False,Paid
OL-0004411,ORD-002638,2026-03-30,CUS-C-00873,Consumer,Germany,Social,Electronics,ELE-007,1,479.78,EUR,10,13.97,False,Paid
OL-0000872,ORD-000527,2026-04-13,CUS-S-00344,Small Business,United States,Email,Home,HOM-022,3,75.36,USD,0,11.36,False,Paid
OL-0003359,ORD-001995,2026-02-01,CUS-C-00894,Consumer,France,Social,Electronics,ELE-039,1,233.1,EUR,20,11.21,False,Paid
OL-0002340,ORD-001395,2026-01-20,CUS-C-00410,Consumer,France,Paid Search,Office,OFF-018,2,11.14,EUR,0,4.86,False,Paid
OL-0004704,ORD-002808,2026-05-09,CUS-S-00182,Small Business,United States,Paid Search,Office,OFF-031,3,60.28,USD,0,3.92,False,Paid
OL-0002122,ORD-001268,2026-01-14,CUS-C-00232,Consumer,Germany,Organic,Office,OFF-005,3,55.18,EUR,0,4.38,False,Paid
OL-0003928,ORD-002348,2026-06-17,CUS-C-00911,Consumer,Spain,Organic,Home,HOM-030,2,140.04,EUR,0,9.2,False,Paid
OL-0000086,ORD-000050,2026-02-11,CUS-B-00153,Corporate,United Kingdom,Organic,Home,HOM-005,3,226.69,GBP,15,6.91,False,Paid
OL-0002819,ORD-001680,28/05/2026,CUS-B-00091,Corporate,Spain,Email,Electronics,ELE-012,1,570.62,EUR,15,14.08,False,Paid
OL-0001878,ORD-001117,01/04/2026,CUS-C-00033,Consumer,United States,Email,Electronics,ELE-030,1,1232.61,USD,10,14.92,False,Paid
OL-0005690,ORD-003408,2026-05-23,CUS-C-01346,Consumer,France,Organic,Office,OFF-008,3,7.76,EUR,0,4.56,False,Paid
OL-0004086,ORD-002441,2026-03-05,CUS-C-00849,Consumer,United Kingdom,Email,Office,OFF-004,1,14.74,GBP,15,4.14,False,Paid
OL-0002376,ORD-001413,04/03/2026,CUS-C-00815,Consumer,United Kingdom,Organic,Electronics,ELE-003,2,370.11,GBP,10,13.24,False,Pending
OL-0000495,ORD-000302,2026-01-06,CUS-C-00552,Consumer,France,Marketplace,Electronics,ELE-039,2,236.18,EUR,5,10.0,False,Paid
OL-0002967,ORD-001762,2026-03-28,CUS-C-00116,Consumer,France,Social,Home,HOM-016,1,276.41,EUR,10,10.24,False,Pending
OL-0003110,ORD-001853,08/05/2026,CUS-B-00008,Corporate,United Kingdom,Marketplace,Office,OFF-019,-2,13.79,GBP,0,4.52,True,Refunded
OL-0002760,ORD-001647,23/06/2026,CUS-C-00193,Consumer,France,Social,Electronics,ELE-011,1,1194.98,EUR,25,15.6,False,Paid
OL-0001271,ORD-000765,23/01/2026,CUS-S-00266,Small Business,Germany,Organic,Electronics,ELE-037,1,288.57,EUR,0,14.95,False,Paid
OL-0002655,ORD-001581,2026-01-30,CUS-S-00443,Small Business,Spain,Email,Electronics,ELE-027,1,659.64,EUR,0,14.43,False,Paid
OL-0002634,ORD-001572,2026-03-31,CUS-B-00008,Corporate,Spain,Paid Search,Electronics,ELE-015,-1,184.76,EUR,0,14.58,True,Refunded
OL-0004955,ORD-002962,2026-04-03,CUS-C-00958,Consumer,Germany,Social,Office,OFF-036,1,20.27,EUR,0,3.63,False,Paid
OL-0000619,ORD-000379,20/05/2026,CUS-C-00174,Consumer,United States,Paid Search,Office,OFF-040,3,60.06,USD,0,4.27,False,Pending
OL-0005131,ORD-003071,2026-04-28,CUS-S-00181,Small Business,United Kingdom,Social,Home,HOM-016,1,241.92,GBP,20,7.11,False,Paid
OL-0002630,ORD-001569,2026-05-22,CUS-C-00553,Consumer,United Kingdom,Marketplace,Home,HOM-036,1,117.39,GBP,0,6.29,False,Paid
OL-0002827,ORD-001685,2026-03-27,CUS-C-00006,Consumer,Spain,Email,Electronics,ELE-018,1,1114.42,EUR,15,10.87,False,Paid
OL-0005228,ORD-003127,2026-04-12,CUS-C-00382,Consumer,Germany,Paid Search,Office,OFF-007,2,40.25,EUR,0,4.6,False,Paid
OL-0002230,ORD-001334,2026-01-03,CUS-C-00486,Consumer,Spain,Social,Electronics,ELE-004,2,1011.61,EUR,15,10.46,False,Paid
OL-0005033,ORD-003012,2026-02-18,CUS-S-00359,Small Business,Germany,Organic,Home,HOM-012,1,130.61,EUR,0,9.4,False,Paid
OL-0001414,ORD-000848,2026-06-16,,Consumer,Germany,Social,Electronics,ELE-011,1,1156.79,EUR,15,16.34,False,Paid
OL-0002202,ORD-001316,2026-06-07,CUS-B-00163,Corporate,France,Social,Electronics,ELE-009,1,222.61,EUR,20,12.92,False,Paid
OL-0004964,ORD-002969,2026-01-08,CUS-B-00088,Corporate,Spain,Marketplace,Electronics,ELE-018,1,1078.01,EUR,5,14.57,False,Paid
OL-0004478,ORD-002676,2026-01-23,CUS-C-00290,Consumer,Spain,Paid Search,Home,HOM-009,1,124.79,EUR,0,10.44,False,Paid
OL-0000870,ORD-000527,2026-04-13,CUS-S-00344,Small Business,United States,Email,Home,HOM-019,-1,71.47,USD,0,8.26,True,Refunded
OL-0002007,ORD-001195,2026-04-24,CUS-S-00202,Small Business,United States,Social,Office,OFF-021,3,32.8,USD,0,4.81,False,Paid
OL-0004148,ORD-002481,07/03/2026,CUS-S-00080,Small Business,United Kingdom,Email,Office,OFF-012,1,70.22,GBP,0,4.9,False,Paid
OL-0000357,ORD-000219,2026-04-09,CUS-C-01435,Consumer,France,Paid Search,Electronics,ELE-033,1,842.02,EUR,15,13.15,False,Paid
OL-0001163,ORD-000693,2026-03-17,CUS-C-01002,Consumer,Spain,Organic,Home,HOM-039,2,47.61,EUR,0,6.99,False,Pending
OL-0004555,ORD-002719,04/05/2026,CUS-C-00317,Consumer,France,Paid Search,Office,OFF-019,2,15.7,EUR,0,5.97,False,Paid
OL-0002407,ORD-001431,2026-05-28,CUS-S-00451,Small Business,Spain,Email,Home,HOM-022,1,69.21,EUR,20,7.92,False,Paid
OL-0005616,ORD-003368,2026-04-24,CUS-S-00024,Small Business,Germany,Social,Electronics,ELE-004,1,1032.52,EUR,10,15.23,False,Paid
OL-0001891,ORD-001124,01/06/2026,CUS-B-00158,Corporate,United States,Email,Electronics,ELE-031,1,239.5,USD,25,16.33,False,Paid
OL-0000580,ORD-000354,28/03/2026,CUS-C-01217,Consumer,Germany,Social,Home,HOM-019,3,69.46,EUR,0,8.23,False,Paid
OL-0002553,ORD-001518,2026-04-17,CUS-S-00313,Small Business,France,Organic,Home,HOM-005,1,271.61,EUR,0,6.6,False,Paid
OL-0001692,ORD-001011,2026-01-01,CUS-B-00053,Corporate,Germany,Email,Electronics,ELE-020,2,447.78,EUR,10,16.6,False,Paid
OL-0000863,ORD-000522,2026-06-09,,Consumer,France,Social,Home,HOM-011,1,89.23,EUR,10,7.24,False,Paid
OL-0005370,ORD-003207,2026-06-25,CUS-C-01363,Consumer,United Kingdom,Email,Electronics,ELE-018,1,963.21,GBP,15,10.31,False,Paid
OL-0005811,ORD-003479,2026-01-03,CUS-C-00135,Consumer,France,Email,Home,HOM-029,1,70.13,EUR,15,7.66,False,Paid
OL-0004790,ORD-002863,21/02/2026,CUS-S-00545,Small Business,Germany,Organic,Electronics,ELE-037,3,269.46,EUR,5,11.59,False,Paid
OL-0004646,ORD-002773,2026-03-20,CUS-S-00395,Small Business,Germany,Paid Search,Office,OFF-013,1,48.32,EUR,0,5.98,False,Paid
OL-0001117,ORD-000666,2026-05-05,CUS-B-00132,Corporate,Spain,Organic,Electronics,ELE-022,1,382.87,EUR,5,16.59,False,Paid
OL-0001542,ORD-000919,2026-03-05,CUS-C-00272,Consumer,Germany,Marketplace,Electronics,ELE-002,1,406.12,EUR,0,12.95,False,Paid
OL-0003791,ORD-002265,16/01/2026,CUS-C-00936,Consumer,France,Organic,Office,OFF-009,1,79.82,EUR,0,4.77,False,Paid
OL-0004616,ORD-002758,01/03/2026,CUS-B-00129,Corporate,United Kingdom,Organic,Office,OFF-015,4,57.74,GBP,0,4.5,False,Paid
OL-0005519,ORD-003304,2026-01-07,CUS-C-00729,Consumer,United Kingdom,Paid Search,Electronics,ELE-036,1,996.31,GBP,15,10.26,False,Paid
OL-0003296,ORD-001959,2026-04-03,CUS-S-00166,Small Business,United States,Marketplace,Home,HOM-009,1,145.44,USD,0,9.1,False,Paid
OL-0005299,ORD-003167,09/01/2026,CUS-C-01025,Consumer,Spain,Organic,Office,OFF-002,1,11.03,EUR,0,4.01,False,Paid
OL-0005314,ORD-003174,22/06/2026,CUS-B-00023,Corporate,Germany,Email,Home,HOM-017,2,52.68,EUR,25,10.57,False,Paid
OL-0000841,ORD-000508,2026-02-26,CUS-B-00201,Corporate,Germany,Organic,Electronics,ELE-029,1,1142.27,EUR,15,14.49,False,Paid
OL-0003048,ORD-001813,2026-06-03,CUS-S-00427,Small Business,France,Email,Office,OFF-021,3,27.97,EUR,0,6.01,False,Paid
OL-0005724,ORD-003430,2026-05-04,CUS-C-00485,Consumer,United Kingdom,Marketplace,Electronics,ELE-040,1,259.64,GBP,15,11.09,False,Paid
OL-0002438,ORD-001449,19/06/2026,CUS-C-01424,Consumer,Spain,Social,Home,HOM-040,2,318.31,EUR,25,6.83,False,Paid
OL-0005755,ORD-003449,24/02/2026,CUS-C-01436,Consumer,Spain,Paid Search,Electronics,ELE-021,1,488.73,EUR,10,11.41,False,Paid
OL-0002053,ORD-001224,2026-05-02,CUS-C-00121,Consumer,Germany,Paid Search,Home,HOM-021,1,133.73,EUR,10,6.81,False,Paid
OL-0001777,ORD-001061,13/04/2026,CUS-C-00825,Consumer,United States,Organic,Home,HOM-032,1,267.84,USD,0,9.85,False,Paid
OL-0003270,ORD-001949,2026-03-16,CUS-C-01179,Consumer,Spain,Paid Search,Office,OFF-030,4,66.41,EUR,15,4.35,False,Paid
OL-0004303,ORD-002574,29/04/2026,CUS-C-01293,Consumer,United Kingdom,Paid Search,Electronics,ELE-019,1,197.96,GBP,15,13.5,False,Paid
OL-0001593,ORD-000949,2026-04-28,CUS-S-00357,Small Business,Spain,Social,Home,HOM-002,1,205.99,EUR,0,7.92,False,Paid
OL-0001724,ORD-001027,2026-01-22,CUS-C-00161,Consumer,United Kingdom,Paid Search,Electronics,ELE-005,3,474.67,GBP,10,12.98,False,Paid
OL-0004694,ORD-002801,2026-06-28,CUS-S-00464,Small Business,Germany,Organic,Electronics,ELE-022,1,363.38,EUR,0,13.23,False,Paid
OL-0004042,ORD-002419,2026-06-18,CUS-S-00516,Small Business,Germany,Email,Office,OFF-001,2,56.95,EUR,0,5.49,False,Paid
OL-0000491,ORD-000300,30/05/2026,CUS-B-00146,Corporate,United States,Paid Search,Office,OFF-036,2,20.58,USD,0,5.22,False,Paid
OL-0005078,ORD-003039,10/02/2026,CUS-S-00124,Small Business,Germany,Organic,Office,OFF-006,-4,28.91,EUR,0,5.51,True,Refunded
OL-0001007,ORD-000605,2026-05-03,CUS-B-00076,Corporate,France,Organic,Office,OFF-023,1,52.91,EUR,0,5.47,False,Paid
OL-0003149,ORD-001872,2026-05-19,CUS-S-00412,Small Business,Germany,Social,Electronics,ELE-033,1,837.09,EUR,0,15.88,False,Paid
OL-0004249,ORD-002539,07/01/2026,,Small Business,United Kingdom,Marketplace,Office,OFF-034,4,61.8,GBP,0,4.38,False,Paid
OL-0001418,ORD-000850,2026-06-18,CUS-S-00150,Small Business,France,Marketplace,Home,HOM-020,1,57.16,EUR,0,10.5,False,Paid
OL-0000026,ORD-000014,13/06/2026,,Small Business,United Kingdom,Social,Home,HOM-033,2,56.41,GBP,0,6.49,False,Paid
OL-0001114,ORD-000664,2026-05-10,,Consumer,Germany,Social,Home,HOM-032,1,237.72,EUR,0,7.94,False,Paid
OL-0005586,ORD-003347,24/05/2026,CUS-B-00155,Corporate,France,Social,Home,HOM-016,1,280.49,EUR,5,8.77,False,Paid
OL-0001553,ORD-000926,2026-02-26,CUS-C-01229,Consumer,France,Social,Electronics,ELE-036,1,1167.3,EUR,15,14.36,False,Paid
OL-0005124,ORD-003065,26/01/2026,CUS-B-00047,Corporate,United Kingdom,Social,Office,OFF-011,4,14.88,GBP,0,3.45,False,Paid
OL-0004483,ORD-002679,2026-02-22,CUS-S-00509,Small Business,United Kingdom,Organic,Home,HOM-008,2,61.54,GBP,10,7.2,False,Paid
OL-0000434,ORD-000265,2026-06-29,CUS-C-01118,Consumer,France,Organic,Home,HOM-022,2,66.17,EUR,15,10.71,False,Paid
OL-0002927,ORD-001740,2026-01-03,CUS-C-01438,Consumer,Germany,Organic,Home,HOM-025,3,135.97,EUR,0,9.75,False,Pending
OL-0003858,ORD-002303,31/01/2026,CUS-S-00554,Small Business,United Kingdom,Email,Electronics,ELE-021,1,398.54,GBP,5,13.51,False,Paid
OL-0004016,ORD-002403,2026-02-03,,Small Business,United Kingdom,Social,Electronics,ELE-008,1,961.8,GBP,15,12.5,False,Paid
OL-0002964,ORD-001760,2026-06-14,CUS-C-01231,Consumer,Spain,Paid Search,Home,HOM-038,3,96.98,EUR,0,7.19,False,Paid
OL-0003099,ORD-001846,2026-03-21,CUS-S-00031,Small Business,Spain,Paid Search,Home,HOM-017,2,51.56,EUR,0,7.64,False,Paid
OL-0000223,ORD-000137,2026-04-18,CUS-C-00952,Consumer,Germany,Email,Electronics,ELE-018,1,1105.21,EUR,5,15.21,False,Paid
OL-0004457,ORD-002661,27/06/2026,CUS-C-00014,Consumer,United Kingdom,Social,Office,OFF-017,1,8.33,GBP,0,5.08,False,Paid
OL-0004541,ORD-002711,2026-01-29,,Corporate,United Kingdom,Paid Search,Electronics,ELE-004,1,879.94,GBP,15,13.25,False,Paid
OL-0005769,ORD-003456,2026-01-12,CUS-S-00320,Small Business,Germany,Organic,Electronics,ELE-006,2,220.87,EUR,20,15.74,False,Paid
OL-0001103,ORD-000657,2026-04-12,CUS-C-00177,Consumer,France,Social,Home,HOM-034,2,327.48,EUR,25,7.84,False,Paid
OL-0005066,ORD-003032,2026-03-26,CUS-C-00933,Consumer,Spain,Marketplace,Home,HOM-036,1,139.72,EUR,0,8.12,False,Paid
OL-0004518,ORD-002698,2026-05-12,CUS-B-00041,Corporate,Spain,Email,Home,HOM-003,1,164.08,EUR,20,8.23,False,Paid
OL-0004163,ORD-002491,2026-06-18,CUS-C-00591,Consumer,United Kingdom,Organic,Home,HOM-006,1,70.2,GBP,0,8.51,False,Pending
OL-0000195,ORD-000120,13/02/2026,CUS-S-00342,Small Business,France,Paid Search,Office,OFF-039,3,20.08,EUR,0,3.98,False,Paid
OL-0000616,ORD-000377,2026-02-12,,Consumer,Spain,Paid Search,Electronics,ELE-026,1,232.2,EUR,10,15.35,False,Paid
OL-0000644,ORD-000390,2026-02-15,CUS-S-00537,Small Business,Germany,Organic,Office,OFF-004,2,18.12,EUR,0,4.13,False,Paid
OL-0004310,ORD-002578,2026-02-17,CUS-C-00853,Consumer,Germany,Social,Electronics,ELE-038,1,502.88,EUR,15,12.16,False,Paid
OL-0003154,ORD-001874,2026-01-02,CUS-S-00007,Small Business,United Kingdom,Social,Home,HOM-013,2,91.6,GBP,0,5.52,False,Paid
OL-0005071,ORD-003035,18/04/2026,,Consumer,United States,Email,Electronics,ELE-025,1,464.54,USD,15,16.9,False,Paid
OL-0000331,ORD-000202,14/06/2026,CUS-S-00137,Small Business,United States,Paid Search,Electronics,ELE-011,1,1320.69,USD,15,17.49,False,Paid
OL-0003826,ORD-002284,30/05/2026,CUS-C-01404,Consumer,Spain,Organic,Electronics,ELE-036,1,1189.96,EUR,15,13.23,False,Paid
OL-0004516,ORD-002697,2026-04-07,CUS-B-00215,Corporate,United Kingdom,Marketplace,Electronics,ELE-040,1,277.0,GBP,15,14.18,False,Paid
OL-0003114,ORD-001855,2026-04-15,CUS-S-00159,Small Business,Germany,Organic,Electronics,ELE-020,1,463.22,EUR,0,12.53,False,Paid
OL-0005366,ORD-003205,2026-03-15,,Consumer,Germany,Marketplace,Office,OFF-040,-5,57.06,EUR,0,4.62,True,Refunded
OL-0000484,ORD-000297,2026-05-05,CUS-B-00191,Corporate,United States,Social,Electronics,ELE-009,3,237.82,USD,15,16.51,False,Pending
OL-0005198,ORD-003105,14/01/2026,CUS-C-01340,Consumer,France,Email,Office,OFF-006,5,27.84,EUR,0,5.59,False,Paid
OL-0002672,ORD-001593,2026-03-19,CUS-C-01255,Consumer,Germany,Paid Search,Office,OFF-005,2,55.68,EUR,0,3.97,False,Paid
OL-0002060,ORD-001229,2026-03-21,CUS-C-01241,Consumer,Spain,Organic,Home,HOM-038,1,90.79,EUR,0,9.69,False,Paid
OL-0004679,ORD-002794,2026-02-07,CUS-C-01412,Consumer,France,Organic,Home,HOM-019,1,68.92,EUR,0,10.08,False,Paid
OL-0000033,ORD-000019,2026-04-05,CUS-C-00074,Consumer,Spain,Paid Search,Electronics,ELE-032,1,519.92,EUR,15,10.01,False,Paid
OL-0000665,ORD-000404,2026-06-01,CUS-C-00654,Consumer,France,Email,Home,HOM-023,2,46.94,EUR,10,9.3,False,Paid
OL-0005160,ORD-003086,2026-01-22,CUS-C-00118,Consumer,Spain,Organic,Home,HOM-011,1,88.52,EUR,0,6.99,False,Paid
OL-0004183,ORD-002502,2026-04-18,CUS-C-00359,Consumer,Germany,Email,Office,OFF-018,2,11.75,EUR,0,3.97,False,Paid
OL-0001445,ORD-000864,2026-03-20,CUS-C-00103,Consumer,United Kingdom,Paid Search,Electronics,ELE-002,1,334.28,GBP,15,14.3,False,Paid
OL-0002400,ORD-001427,30/06/2026,CUS-B-00219,Corporate,Germany,Paid Search,electronics,ELE-010,2,1159.62,EUR,15,13.82,False,Paid
OL-0002442,ORD-001452,2026-02-09,,Corporate,Spain,Social,Office,OFF-014,3,28.04,EUR,0,4.93,False,Paid
OL-0000468,ORD-000290,2026-03-31,CUS-S-00096,Small Business,Germany,Email,Electronics,ELE-027,2,648.82,EUR,10,13.49,False,Paid
OL-0001706,ORD-001018,2026-01-15,CUS-B-00222,Corporate,Germany,Organic,Electronics,ELE-022,1,391.61,EUR,5,15.04,False,Paid
OL-0004745,ORD-002831,20/05/2026,CUS-S-00590,Small Business,Spain,Social,Home,HOM-008,1,75.98,EUR,5,6.64,False,Paid
OL-0002851,ORD-001699,2026-06-27,CUS-C-00357,Consumer,France,Email,Home,HOM-019,2,63.46,EUR,25,8.81,False,Paid
OL-0005502,ORD-003293,01/01/2026,CUS-C-01445,Consumer,Germany,Social,Home,HOM-028,1,325.7,EUR,0,10.54,False,Paid
OL-0002278,ORD-001360,2026-05-16,CUS-S-00236,Small Business,Germany,Organic,Office,OFF-032,7,51.91,EUR,0,5.87,False,Paid
OL-0001402,ORD-000839,2026-03-10,CUS-C-01412,Consumer,France,Email,Office,OFF-020,5,45.98,EUR,0,5.56,False,Paid
OL-0005549,ORD-003323,2026-06-05,CUS-C-00906,Consumer,Germany,Paid Search,Home,HOM-003,1,157.5,EUR,0,8.78,False,Paid
OL-0000171,ORD-000105,20/04/2026,CUS-C-00723,Consumer,United Kingdom,Email,Office,OFF-001,5,49.33,GBP,0,4.38,False,Paid
OL-0000541,ORD-000333,03/06/2026,,Consumer,Spain,Marketplace,Electronics,ELE-003,3,438.2,EUR,25,12.81,False,Paid
OL-0005466,ORD-003270,2026-04-16,,Consumer,France,Social,Electronics,ELE-010,1,1193.38,EUR,10,15.71,False,Paid
OL-0004606,ORD-002754,12/05/2026,CUS-S-00599,Small Business,Spain,Paid Search,Office,OFF-015,2,66.64,EUR,0,5.81,False,Paid
OL-0002459,ORD-001461,2026-04-17,CUS-B-00087,Corporate,Spain,Marketplace,Office,OFF-015,4,68.22,EUR,15,5.16,False,Paid
OL-0003909,ORD-002337,2026-06-14,,Consumer,Spain,Organic,Home,HOM-004,1,56.9,EUR,0,9.14,False,Paid
OL-0000675,ORD-000408,15/06/2026,CUS-C-00584,Consumer,Germany,Organic,Home,HOM-017,1,49.49,EUR,0,8.91,False,Paid
OL-0002919,ORD-001736,2026-02-18,CUS-C-01319,Consumer,Spain,Paid Search,Office,OFF-012,1,84.3,EUR,0,4.71,False,Paid
OL-0004077,ORD-002437,2026-01-20,CUS-S-00034,Small Business,Spain,Social,Office,OFF-005,4,52.18,EUR,0,4.33,False,Paid
OL-0001816,ORD-001083,2026-03-04,CUS-B-00075,Corporate,Spain,Email,Office,OFF-033,1,33.33,EUR,0,4.48,False,Paid
OL-0002555,ORD-001520,04/01/2026,CUS-B-00023,Corporate,Germany,Paid Search,Office,OFF-024,2,17.61,EUR,0,3.97,False,Paid
OL-0002101,ORD-001256,2026-02-28,CUS-C-00813,Consumer,France,Paid Search,Home,HOM-007,3,131.99,EUR,0,8.47,False,Paid
OL-0003126,ORD-001862,2026-03-17,CUS-C-01400,Consumer,Spain,Email,Office,OFF-014,2,27.24,EUR,15,3.66,False,Paid
OL-0005494,ORD-003287,2026-04-11,CUS-C-00730,Consumer,Germany,Social,Electronics,ELE-036,1,1238.62,EUR,15,13.89,False,Paid
OL-0002102,ORD-001257,20/06/2026,CUS-B-00105,Corporate,United Kingdom,Email,Electronics,ELE-006,1,187.61,GBP,20,11.97,False,Paid
OL-0005081,ORD-003041,2026-02-05,CUS-C-00958,Consumer,Germany,Organic,Office,OFF-030,1,65.51,EUR,0,4.1,False,Paid
OL-0002804,ORD-001672,2026-01-02,CUS-C-01182,Consumer,Spain,Marketplace,Electronics,ELE-026,1,221.95,EUR,15,13.5,False,Paid
OL-0001549,ORD-000923,14/02/2026,CUS-C-00595,Consumer,United Kingdom,Social,Home,HOM-023,1,40.09,GBP,25,6.26,False,Paid
OL-0004751,ORD-002835,2026-05-22,CUS-S-00066,Small Business,France,Social,Electronics,ELE-004,2,1070.58,EUR,10,15.86,False,Paid
OL-0004851,ORD-002904,2026-06-17,CUS-C-00804,Consumer,France,Organic,Home,HOM-032,1,236.24,EUR,15,8.3,False,Paid
OL-0000356,ORD-000218,22/06/2026,CUS-S-00276,Small Business,Spain,Social,Electronics,ELE-006,1,218.93,EUR,15,14.27,False,Paid
OL-0002641,ORD-001576,2026-02-09,,Consumer,France,Organic,Home,HOM-013,1,104.37,EUR,15,7.84,False,Paid
OL-0004170,ORD-002494,2026-01-13,CUS-C-01397,Consumer,Spain,Organic,Electronics,ELE-003,1,438.41,EUR,5,15.2,False,Pending
OL-0004677,ORD-002794,2026-02-07,CUS-C-01412,Consumer,France,Organic,Electronics,ELE-037,3,286.69,EUR,15,16.21,False,Paid
OL-0005310,ORD-003173,31/01/2026,CUS-C-00608,Consumer,United Kingdom,Organic,Office,OFF-014,1,24.21,GBP,0,4.26,False,Paid
OL-0004274,ORD-002556,2026-04-28,CUS-C-01223,Consumer,France,Organic,Office,OFF-009,7,78.93,EUR,0,5.12,False,Paid
OL-0001052,ORD-000628,2026-03-24,,Small Business,Germany,Marketplace,Electronics,ELE-023,2,499.13,EUR,20,13.45,False,Paid
OL-0002322,ORD-001386,2026-05-14,,Consumer,France,Social,Electronics,ELE-024,1,1073.74,EUR,15,11.82,False,Paid
OL-0004329,ORD-002591,17/01/2026,CUS-C-01388,Consumer,Spain,Marketplace,Electronics,ELE-019,-1,245.68,EUR,20,13.38,True,Paid
OL-0003920,ORD-002345,08/01/2026,CUS-B-00151,Corporate,Spain,Organic,Electronics,ELE-035,-1,454.8,EUR,15,15.55,True,Refunded
OL-0001752,ORD-001046,2026-01-24,CUS-S-00168,Small Business,Germany,Social,Office,OFF-021,2,30.66,EUR,0,5.02,False,Paid
OL-0002465,ORD-001466,2026-04-15,CUS-S-00595,Small Business,Spain,Email,Office,OFF-027,1,55.58,EUR,0,4.46,False,Paid
OL-0001773,ORD-001060,2026-01-06,CUS-C-00956,Consumer,France,Paid Search,Office,OFF-017,4,9.25,EUR,0,5.56,False,Paid
OL-0001197,ORD-000713,2026-04-01,CUS-C-00192,Consumer,France,Organic,Office,OFF-032,1,53.57,EUR,0,4.87,False,Paid
OL-0001879,ORD-001118,2026-03-30,CUS-C-00329,Consumer,Spain,Organic,Office,OFF-027,1,52.62,EUR,0,4.27,False,Paid
OL-0002017,ORD-001201,28/01/2026,CUS-S-00164,Small Business,Germany,Organic,Office,OFF-009,1,78.32,EUR,0,3.95,False,Paid
OL-0002006,ORD-001194,2026-05-24,CUS-S-00007,Small Business,United Kingdom,Paid Search,Home,HOM-004,2,47.13,GBP,20,7.46,False,Paid
OL-0004076,ORD-002437,2026-01-20,CUS-S-00034,Small Business,Spain,Social,Electronics,ELE-040,1,331.21,EUR,0,15.92,False,Paid
OL-0001483,ORD-000885,20/05/2026,CUS-C-00562,Consumer,Germany,Paid Search,Office,OFF-016,3,9.16,EUR,0,4.73,False,Paid
OL-0000329,ORD-000201,2026-06-27,CUS-S-00452,Small Business,Germany,Paid Search,Office,OFF-019,5,15.57,EUR,20,5.92,False,Paid
OL-0000649,ORD-000393,2026-03-04,CUS-C-01243,Consumer,France,Paid Search,Home,HOM-039,1,46.43,EUR,15,10.68,False,Paid
OL-0002895,ORD-001721,2026-05-04,CUS-C-00626,Consumer,France,Paid Search,Home,HOM-015,1,141.6,EUR,15,7.43,False,Paid
OL-0001124,ORD-000669,2026-06-30,CUS-C-00334,Consumer,Spain,Paid Search,Electronics,ELE-017,1,839.08,EUR,15,10.44,False,Paid
OL-0002777,ORD-001658,2026-05-12,CUS-B-00249,Corporate,United States,Paid Search,Office,OFF-019,3,17.41,USD,20,6.48,False,Paid
OL-0002961,ORD-001759,2026-03-10,CUS-C-00344,Consumer,Germany,Paid Search,Office,OFF-009,2,79.51,EUR,0,4.72,False,Paid
OL-0003456,ORD-002057,18/04/2026,CUS-C-00253,Consumer,Spain,Paid Search,Home,HOM-020,2,58.12,EUR,0,10.51,False,Paid
OL-0002844,ORD-001696,22/05/2026,CUS-S-00529,Small Business,Germany,Paid Search,Office,OFF-020,1,46.33,EUR,0,4.8,False,Paid
OL-0003090,ORD-001841,15/04/2026,CUS-S-00006,Small Business,Spain,Organic,Electronics,ELE-020,1,469.08,EUR,15,12.98,False,Paid
OL-0005022,ORD-003004,2026-05-02,CUS-C-00798,Consumer,United States,Paid Search,Office,OFF-035,2,36.24,USD,10,4.13,False,Paid
OL-0001260,ORD-000757,17/05/2026,CUS-S-00120,Small Business,Germany,Organic,Office,OFF-009,1,77.87,EUR,0,5.34,False,Paid
OL-0004315,ORD-002580,2026-04-02,,Consumer,United Kingdom,Social,Electronics,ELE-031,1,186.16,GBP,10,11.06,False,Paid
OL-0003412,ORD-002032,2026-02-21,CUS-C-01024,Consumer,France,Organic,Home,HOM-022,2,68.4,EUR,0,7.8,False,Paid
OL-0004620,ORD-002761,2026-06-28,CUS-B-00055,Corporate,United States,Social,Office,OFF-033,7,35.65,USD,0,5.35,False,Paid
OL-0001520,ORD-000911,2026-03-16,,Consumer,France,Social,Home,HOM-032,2,238.64,EUR,0,9.45,False,Paid
OL-0001379,ORD-000827,05/04/2026,,Consumer,France,Email,Office,OFF-002,5,11.29,EUR,0,4.28,False,Paid
OL-0004382,ORD-002621,2026-05-31,CUS-B-00221,Corporate,United States,Email,Home,HOM-029,3,71.28,USD,20,10.28,False,Paid
OL-0001024,ORD-000613,2026-01-19,CUS-C-01201,Consumer,Spain,Marketplace,Electronics,ELE-016,1,396.61,EUR,0,15.31,False,Paid
OL-0002877,ORD-001712,19/04/2026,CUS-B-00174,Corporate,Germany,Social,Electronics,ELE-029,1,1152.59,EUR,15,16.1,False,Paid
OL-0004554,ORD-002718,2026-05-27,CUS-C-00445,Consumer,France,Organic,Electronics,ELE-008,1,1118.88,EUR,15,12.94,False,Paid
OL-0004796,ORD-002868,07/01/2026,CUS-B-00113,Corporate,Germany,Social,Home,HOM-026,1,202.41,EUR,0,8.86,False,Paid
OL-0000913,ORD-000549,2026-06-05,CUS-C-00125,Consumer,France,Email,Home,HOM-018,2,46.15,EUR,25,7.06,False,Paid
OL-0004039,ORD-002416,2026-06-27,CUS-S-00372,Small Business,France,Email,Office,OFF-029,3,89.96,EUR,10,4.49,False,Paid
OL-0001676,ORD-001000,31/01/2026,CUS-C-01353,Consumer,Germany,Organic,Home,HOM-030,-1,128.84,EUR,0,8.4,True,Refunded
OL-0001747,ORD-001043,18/06/2026,CUS-C-00693,Consumer,France,Paid Search,Office,OFF-014,5,27.96,EUR,0,5.98,False,Paid
OL-0002971,ORD-001766,03/06/2026,CUS-C-00057,Consumer,France,Email,Home,HOM-032,1,234.35,EUR,0,7.12,False,Paid
OL-0001737,ORD-001035,2026-05-21,CUS-C-00428,Consumer,France,Organic,Home,HOM-005,3,255.21,EUR,0,6.56,False,Paid
OL-0001630,ORD-000974,2026-03-03,CUS-C-00170,Consumer,United Kingdom,Organic,Electronics,ELE-016,1,333.21,GBP,5,10.91,False,Paid
OL-0004320,ORD-002583,2026-02-14,CUS-C-00654,Consumer,Germany,Marketplace,Electronics,ELE-040,1,312.72,EUR,20,10.89,False,Paid
OL-0000431,ORD-000262,2026-03-25,CUS-C-01383,Consumer,United Kingdom,Social,Office,OFF-021,8,25.87,GBP,0,3.11,False,Paid
OL-0001809,ORD-001079,07/05/2026,CUS-C-00251,Consumer,France,Paid Search,Office,OFF-019,4,15.75,EUR,0,3.69,False,Paid
OL-0003528,ORD-002104,08/06/2026,CUS-C-01319,Consumer,Spain,Paid Search,Home,HOM-006,1,85.28,EUR,0,9.01,False,Paid
OL-0002388,ORD-001419,2026-06-03,CUS-S-00168,Small Business,Spain,Email,Home,HOM-025,1,127.68,EUR,15,7.25,False,Paid
OL-0003403,ORD-002025,2026-06-07,,Small Business,France,Organic,Home,HOM-019,1,68.54,EUR,5,8.66,False,Paid
OL-0003481,ORD-002072,2026-04-20,CUS-S-00147,Small Business,Germany,Organic,Electronics,ELE-029,1,1096.98,EUR,10,16.77,False,Paid
OL-0005707,ORD-003420,2026-02-27,CUS-B-00200,Corporate,United Kingdom,Organic,Office,OFF-017,-2,8.24,GBP,0,3.38,True,Refunded
OL-0002223,ORD-001329,2026-03-18,CUS-S-00175,Small Business,Germany,Social,Electronics,ELE-027,2,666.71,EUR,0,15.26,False,Paid
OL-0004199,ORD-002510,2026-01-28,CUS-C-01284,Consumer,Germany,Organic,Electronics,ELE-036,2,1129.31,EUR,10,14.67,False,Paid
OL-0004167,ORD-002493,13/02/2026,CUS-B-00014,Corporate,France,Paid Search,Electronics,ELE-026,1,233.74,EUR,15,15.54,False,Paid
OL-0005351,ORD-003198,2026-02-11,CUS-C-00394,Consumer,United Kingdom,Organic,Home,HOM-018,-4,40.14,GBP,10,8.16,True,Refunded
OL-0003532,ORD-002105,2026-01-28,CUS-S-00403,Small Business,Germany,Email,Electronics,ELE-004,1,1035.04,EUR,0,12.85,False,Paid
OL-0004587,ORD-002742,2026-03-17,CUS-S-00475,Small Business,Germany,Paid Search,Electronics,ELE-007,1,474.46,EUR,5,10.58,False,Paid
OL-0005325,ORD-003181,2026-06-12,CUS-C-01082,Consumer,United Kingdom,Email,Electronics,ELE-006,1,189.93,GBP,10,13.35,False,Paid
OL-0001996,ORD-001190,2026-06-22,CUS-C-00493,Consumer,France,Paid Search,Office,OFF-003,2,10.84,EUR,0,5.42,False,Paid
OL-0004991,ORD-002984,11/03/2026,CUS-C-01383,Consumer,United Kingdom,Organic,Office,OFF-013,4,42.84,GBP,0,3.66,False,Paid
OL-0002225,ORD-001331,2026-05-14,CUS-C-00579,Consumer,France,Email,Electronics,ELE-037,2,269.81,EUR,15,13.63,False,Paid
OL-0001107,ORD-000659,2026-01-20,CUS-C-01000,Consumer,Germany,Organic,Office,OFF-034,3,75.68,EUR,0,3.99,False,Paid
OL-0005746,ORD-003444,2026-06-12,,Corporate,United States,Social,Home,HOM-033,-1,74.06,USD,0,9.47,True,Refunded
OL-0000819,ORD-000494,11/01/2026,CUS-C-01286,Consumer,Spain,Marketplace,Home,HOM-001,3,259.17,EUR,15,6.53,False,Paid
OL-0004073,ORD-002436,2026-02-15,CUS-C-00810,Consumer,France,Organic,Home,HOM-015,1,134.41,EUR,15,9.81,False,Paid
OL-0004359,ORD-002608,23/02/2026,CUS-C-01431,Consumer,Spain,Organic,Home,HOM-022,1,67.94,EUR,0,10.08,False,Paid
OL-0001698,ORD-001014,2026-05-24,CUS-C-00430,Consumer,United Kingdom,Paid Search,Electonic,ELE-032,2,453.81,GBP,20,10.15,False,Paid
OL-0003222,ORD-001918,2026-01-17,CUS-C-01024,Consumer,France,Organic,Electronics,ELE-018,1,1147.5,EUR,10,15.45,False,Paid
OL-0000137,ORD-000083,21/05/2026,CUS-C-00828,Consumer,United Kingdom,Marketplace,Home,HOM-003,1,139.7,GBP,0,7.0,False,Paid
OL-0004524,ORD-002701,2026-01-11,,Corporate,Spain,Marketplace,Electronics,ELE-019,2,240.69,EUR,15,13.09,False,Paid
OL-0002922,ORD-001737,2026-04-23,CUS-C-00511,Consumer,France,Organic,Office,OFF-033,1,32.48,EUR,0,5.82,False,Paid
OL-0005317,ORD-003175,2026-01-22,,Consumer,Germany,Marketplace,Electronics,ELE-012,1,523.74,EUR,15,10.74,False,Paid
OL-0001181,ORD-000704,09/06/2026,CUS-C-01207,Consumer,Germany,Email,Home,HOM-014,1,188.69,EUR,25,6.94,False,Paid
OL-0003435,ORD-002045,2026-06-26,CUS-S-00128,Small Business,Germany,Organic,Office,OFF-020,1,46.22,EUR,0,4.8,False,Paid
OL-0000889,ORD-000537,28/06/2026,CUS-S-00543,Small Business,Germany,Email,Office,OFF-028,1,25.15,EUR,0,5.64,False,Paid
OL-0002657,ORD-001582,02/05/2026,CUS-S-00574,Small Business,Germany,Social,Office,OFF-029,5,88.57,EUR,20,4.15,False,Paid
OL-0005734,ORD-003434,2026-06-25,,Consumer,Spain,Marketplace,Home,HOM-017,1,51.6,EUR,0,7.12,False,Paid
OL-0002896,ORD-001722,26/05/2026,CUS-C-00405,Consumer,United States,Paid Search,Electronics,ELE-029,1,1246.59,USD,0,16.04,False,Pending
OL-0000818,ORD-000493,26/02/2026,CUS-B-00068,Corporate,Germany,Paid Search,Electronics,ELE-006,1,220.66,EUR,0,16.59,False,Pending
OL-0001112,ORD-000662,15/03/2026,CUS-S-00589,Small Business,Spain,Social,Home,HOM-036,1,146.46,EUR,0,7.2,False,Paid
OL-0003413,ORD-002033,2026-01-02,CUS-C-00091,Consumer,France,Organic,Electronics,ELE-032,1,530.15,EUR,0,15.93,False,Paid
OL-0002342,ORD-001397,25/03/2026,CUS-C-00604,Consumer,Spain,Organic,Home,HOM-019,3,66.65,EUR,15,7.83,False,Paid
OL-0003495,ORD-002081,2026-05-27,,Corporate,Spain,Email,Home,HOM-029,1,71.31,EUR,15,8.38,False,Paid
OL-0003760,ORD-002248,2026-05-28,CUS-C-00450,Consumer,United Kingdom,Email,Home,HOM-031,1,65.94,GBP,0,8.84,False,Paid
OL-0001265,ORD-000760,2026-03-02,CUS-C-00868,Consumer,France,Paid Search,Office,OFF-016,2,8.99,EUR,0,5.86,False,Paid
OL-0000991,ORD-000599,2026-06-20,CUS-S-00404,Small Business,Spain,Organic,Electronics,ELE-025,1,431.13,EUR,15,10.15,False,Paid
OL-0003236,ORD-001927,2026-02-25,CUS-C-00341,Consumer,Germany,Social,Electronics,ELE-035,1,441.76,EUR,0,15.74,False,Paid
OL-0001740,ORD-001037,2026-06-29,CUS-S-00468,Small Business,United Kingdom,Social,Electronics,ELE-011,1,1053.83,GBP,10,10.06,False,Paid
OL-0002478,ORD-001475,2026-02-25,CUS-C-00244,Consumer,France,Organic,Electronics,ELE-008,1,1150.17,EUR,15,15.71,False,Paid
OL-0000354,ORD-000216,01/06/2026,CUS-C-00687,Consumer,France,Email,Electronics,ELE-040,1,308.12,EUR,5,13.76,False,Paid
OL-0005270,ORD-003150,2026-02-11,CUS-C-00286,Consumer,France,Marketplace,Home,HOM-011,1,86.75,EUR,0,8.63,False,Paid
OL-0002458,ORD-001461,2026-04-17,CUS-B-00087,Corporate,Spain,Marketplace,Office,OFF-035,3,35.12,EUR,0,4.23,False,Paid
OL-0004208,ORD-002516,2026-03-09,CUS-C-00447,Consumer,France,Email,Office,OFF-018,1,11.91,EUR,0,6.06,False,Paid
OL-0001490,ORD-000891,2026-06-04,CUS-C-00339,Consumer,Spain,Paid Search,Electronics,ELE-029,1,1065.12,EUR,10,13.04,False,Paid
OL-0003927,ORD-002348,2026-06-17,CUS-C-00911,Consumer,Spain,Organic,Office,OFF-001,5,56.77,EUR,0,5.22,False,Paid
OL-0001229,ORD-000733,2026-06-01,CUS-C-00551,Consumer,United States,Paid Search,Electronics,ELE-012,1,574.38,USD,15,11.72,False,Paid
OL-0001357,ORD-000815,2026-01-17,CUS-S-00026,Small Business,Germany,Marketplace,Electronics,ELE-032,2,507.99,EUR,15,14.24,False,Paid
OL-0002690,ORD-001603,2026-06-15,CUS-B-00124,Corporate,United States,Organic,Home,HOM-038,1,101.67,USD,0,11.14,False,Paid
OL-0005683,ORD-003404,27/01/2026,CUS-S-00336,Small Business,Spain,Email,Home,HOM-031,1,78.04,EUR,0,10.69,False,Paid
OL-0000053,ORD-000030,2026-05-17,CUS-B-00197,Corporate,United Kingdom,Organic,Office,OFF-025,3,8.26,GBP,0,3.84,False,Pending
OL-0003124,ORD-001861,08/02/2026,CUS-C-01078,Consumer,Spain,Paid Search,Office,OFF-011,1,17.63,EUR,0,5.2,False,Paid
OL-0003949,ORD-002361,2026-05-23,CUS-C-01379,Consumer,United States,Paid Search,Home,HOM-003,1,178.55,USD,15,8.68,False,Paid
OL-0003322,ORD-001973,2026-03-22,CUS-S-00238,Small Business,France,Organic,Electronics,ELE-028,2,192.02,EUR,5,11.95,False,Paid
OL-0003653,ORD-002182,2026-06-03,CUS-B-00213,Corporate,United Kingdom,Paid Search,Office,OFF-022,4,19.35,GBP,0,4.23,False,Paid
OL-0001590,ORD-000948,2026-05-15,CUS-C-01313,Consumer,Germany,Paid Search,Home,HOM-004,1,55.42,EUR,0,8.69,False,Paid
OL-0001480,ORD-000883,2026-03-06,,Consumer,France,Social,Home,HOM-015,1,137.67,EUR,0,8.25,False,Paid
OL-0001470,ORD-000877,2026-05-17,CUS-C-00749,Consumer,Spain,Organic,Electronics,ELE-022,1,382.52,EUR,25,10.67,False,Paid
OL-0002779,ORD-001658,2026-05-12,CUS-B-00249,Corporate,United States,Paid Search,Electronics,ELE-040,1,355.06,USD,5,12.47,False,Paid
OL-0005065,ORD-003031,2026-06-08,CUS-C-00214,Consumer,Spain,Paid Search,Home,HOM-037,1,138.99,EUR,15,8.23,False,Paid
OL-0002079,ORD-001242,2026-05-13,CUS-S-00047,Small Business,France,Email,Home,HOM-018,2,46.92,EUR,0,9.88,False,Paid
OL-0003451,ORD-002054,2026-05-15,CUS-C-01086,Consumer,France,Organic,Home,HOM-002,1,196.59,EUR,15,8.22,False,Paid
OL-0002245,ORD-001339,2026-06-27,CUS-B-00026,Corporate,Germany,Paid Search,Electronics,ELE-010,1,1198.14,EUR,20,12.78,False,Paid
OL-0002952,ORD-001755,2026-03-29,CUS-B-00049,Corporate,France,Social,Home,HOM-020,1,59.55,EUR,15,9.84,False,Paid
OL-0000437,ORD-000266,2026-02-19,,Small Business,Germany,Organic,Home,HOM-014,1,195.06,EUR,0,7.76,False,Paid
OL-0002887,ORD-001716,2026-05-03,CUS-C-00266,Consumer,France,Social,Office,OFF-005,6,52.92,EUR,0,6.0,False,Paid
OL-0003886,ORD-002322,2026-03-19,CUS-C-00378,Consumer,United Kingdom,Email,Home,HOM-037,1,115.56,GBP,0,9.19,False,Paid
OL-0001589,ORD-000948,2026-05-15,CUS-C-01313,Consumer,Germany,Paid Search,Office,OFF-016,3,9.21,EUR,0,4.54,False,Paid
OL-0004418,ORD-002642,2026-01-31,CUS-C-01414,Consumer,France,Paid Search,Office,OFF-036,5,20.99,EUR,0,4.33,False,Paid
OL-0001591,ORD-000949,2026-04-28,CUS-S-00357,Small Business,Spain,Social,Home,HOM-038,1,95.51,EUR,0,8.39,False,Paid
OL-0003251,ORD-001936,15/03/2026,CUS-S-00163,Small Business,Germany,Organic,Office,OFF-011,6,17.62,EUR,0,3.69,False,Paid
OL-0000974,ORD-000588,2026-04-16,CUS-B-00061,Corporate,France,Email,Home,HOM-028,-1,340.65,EUR,20,9.0,True,Refunded
OL-0001239,ORD-000742,2026-06-22,CUS-C-00845,Consumer,France,Organic,Home,HOM-034,1,335.26,EUR,0,7.68,False,Paid
OL-0002343,ORD-001398,29/04/2026,CUS-C-00873,Consumer,Germany,Paid Search,Home,HOM-005,1,260.29,EUR,0,8.25,False,Paid
OL-0002474,ORD-001471,05/06/2026,CUS-C-01355,Consumer,United Kingdom,Email,Office,OFF-023,1,47.81,GBP,0,5.04,False,Paid
OL-0003589,ORD-002142,2026-03-20,CUS-C-00946,Consumer,United Kingdom,Paid Search,Home,HOM-010,1,121.9,GBP,0,9.02,False,Paid
OL-0005121,ORD-003064,2026-04-07,CUS-B-00165,Corporate,France,Email,Office,OFF-007,5,43.28,EUR,0,3.65,False,Paid
OL-0002232,ORD-001334,2026-01-03,CUS-C-00486,Consumer,Spain,Social,Office,OFF-023,2,55.58,EUR,0,5.4,False,Paid
OL-0002519,ORD-001499,2026-02-24,CUS-C-01234,Consumer,Germany,Email,Home,HOM-018,2,48.62,EUR,0,9.18,False,Pending
OL-0001498,ORD-000895,03/05/2026,CUS-C-01417,Consumer,Germany,Organic,Home,HOM-030,1,132.24,EUR,15,6.93,False,Paid
OL-0000450,ORD-000277,05/05/2026,CUS-S-00385,Small Business,France,Organic,Home,HOM-033,1,68.53,EUR,0,7.49,False,Paid
OL-0002370,ORD-001411,2026-06-28,CUS-C-00403,Consumer,France,Organic,Electronics,ELE-005,1,534.32,EUR,15,13.2,False,Paid
OL-0004123,ORD-002465,2026-06-20,CUS-C-00023,Consumer,Germany,Organic,Electronics,ELE-005,1,549.61,EUR,0,14.59,False,Paid
OL-0002423,ORD-001440,2026-04-03,CUS-C-01246,Consumer,Germany,Organic,Home,HOM-003,1,151.72,EUR,15,9.57,False,Paid
OL-0005387,ORD-003220,2026-04-28,CUS-C-01489,Consumer,Germany,Paid Search,Electronics,ELE-030,2,1120.89,EUR,10,16.37,False,Paid
OL-0000336,ORD-000204,2026-02-20,CUS-C-00277,Consumer,Germany,Social,Electronics,ELE-025,2,425.57,EUR,15,14.85,False,Paid
OL-0001552,ORD-000925,2026-05-23,CUS-S-00192,Small Business,Germany,Paid Search,Home,HOM-001,2,271.27,EUR,20,6.68,False,Paid
OL-0005319,ORD-003177,21/01/2026,CUS-C-00712,Consumer,France,Email,Home,HOM-025,3,130.34,EUR,0,7.45,False,Paid
OL-0001147,ORD-000684,2026-01-29,CUS-S-00144,Small Business,Germany,Paid Search,Electronics,ELE-027,1,641.3,EUR,20,12.54,False,Paid
OL-0005599,ORD-003357,2026-02-23,CUS-C-01486,Consumer,Spain,Paid Search,Home,HOM-027,1,113.17,EUR,15,7.75,False,Paid
OL-0002093,ORD-001251,2026-06-23,CUS-C-00597,Consumer,Spain,Paid Search,Office,OFF-013,1,49.45,EUR,0,4.16,False,Paid
OL-0001314,ORD-000788,2026-05-31,CUS-C-01498,Consumer,United Kingdom,Paid Search,Electronics,ELE-023,3,424.09,GBP,10,9.58,False,Paid
OL-0002016,ORD-001200,2026-06-09,CUS-S-00308,Small Business,Germany,Social,Electronics,ELE-040,1,334.14,EUR,0,10.48,False,Paid
OL-0004307,ORD-002577,2026-02-10,CUS-C-00701,Consumer,France,Organic,Electronics,ELE-016,1,391.38,EUR,20,15.97,False,Paid
OL-0003709,ORD-002213,2026-03-20,CUS-S-00093,Small Business,United Kingdom,Organic,Electronics,ELE-016,1,328.26,GBP,15,9.82,False,Paid
OL-0003009,ORD-001789,2026-06-30,CUS-S-00303,Small Business,Germany,Paid Search,Home,HOM-016,1,289.36,EUR,0,8.38,False,Paid
OL-0001382,ORD-000829,2026-01-22,CUS-C-00236,Consumer,France,Marketplace,Office,OFF-007,3,42.16,EUR,0,4.68,False,Paid
OL-0003249,ORD-001935,2026-03-29,CUS-C-01456,Consumer,Germany,Email,Home,HOM-038,3,96.93,EUR,0,6.44,False,Paid
OL-0000414,ORD-000251,2026-04-12,CUS-C-00275,Consumer,France,Social,Electronics,ELE-017,1,789.23,EUR,15,16.55,False,Paid
OL-0000942,ORD-000569,2026-06-05,CUS-B-00132,Corporate,United Kingdom,Organic,Electronics,ELE-014,1,158.67,GBP,15,10.06,False,Paid
OL-0000802,ORD-000483,09/04/2026,CUS-B-00101,Corporate,Germany,Social,Office,OFF-037,2,13.03,EUR,0,4.24,False,Paid
OL-0004914,ORD-002939,2026-03-07,,Consumer,France,Organic,Electronics,ELE-026,2,243.64,EUR,0,11.46,False,Paid
OL-0005484,ORD-003280,20/01/2026,CUS-B-00044,Corporate,Spain,Paid Search,Office,OFF-039,3,19.89,EUR,0,3.8,False,Paid
OL-0000257,ORD-000160,2026-03-10,,Small Business,United Kingdom,Social,Home,HOM-029,1,59.16,GBP,0,8.96,False,Paid
OL-0001129,ORD-000673,22/06/2026,CUS-S-00563,Small Business,Germany,Organic,Electronics,ELE-010,1,1201.85,EUR,15,15.18,False,Paid
OL-0002236,ORD-001335,2026-03-03,CUS-S-00140,Small Business,Spain,Social,Office,OFF-024,1,18.05,EUR,0,4.2,False,Pending
OL-0000648,ORD-000393,2026-03-04,CUS-C-01243,Consumer,France,Paid Search,Home,HOM-036,1,135.31,EUR,0,6.99,False,Paid
OL-0001768,ORD-001057,2026-05-18,CUS-B-00199,Corporate,United States,Organic,Office,OFF-036,6,21.37,USD,0,5.95,False,Paid
OL-0004106,ORD-002454,2026-03-14,,Small Business,United Kingdom,Paid Search,Home,HOM-009,1,117.7,GBP,15,8.25,False,Paid
OL-0003936,ORD-002354,2026-02-19,CUS-C-00104,Consumer,France,Social,Office,OFF-020,4,48.39,EUR,15,4.9,False,Paid
OL-0005413,ORD-003237,2026-01-10,CUS-C-00163,Consumer,Germany,Organic,Electronics,ELE-009,1,208.86,EUR,0,16.46,False,Paid
OL-0003950,ORD-002362,2026-03-30,CUS-S-00034,Small Business,France,Social,Home ,HOM-006,1,87.81,EUR,0,7.6,False,Paid
OL-0000025,ORD-000013,2026-02-08,CUS-C-00708,Consumer,Germany,Organic,Electronics,ELE-031,3,211.71,EUR,20,13.3,False,Paid
OL-0001089,ORD-000649,2026-03-02,CUS-C-00079,Consumer,Germany,Email,Office,OFF-021,1,30.53,EUR,0,5.55,False,Paid
OL-0005112,ORD-003057,30/05/2026,CUS-B-00218,Corporate,United States,Organic,Office,OFF-025,1,10.91,USD,0,4.64,False,Paid
OL-0004166,ORD-002492,01/02/2026,CUS-C-00441,Consumer,Germany,Email,Office,OFF-039,1,19.34,EUR,0,3.75,False,Paid
OL-0000113,ORD-000067,2026-03-24,CUS-B-00044,Corporate,Germany,Marketplace,Office,OFF-014,4,28.98,EUR,0,5.62,False,Paid
OL-0002312,ORD-001382,2026-01-30,CUS-C-01458,Consumer,France,Organic,Office,OFF-021,5,30.46,EUR,0,4.59,False,Paid
OL-0004648,ORD-002775,2026-03-27,CUS-S-00010,Small Business,United Kingdom,Social,Office,OFF-027,3,43.65,GBP,0,4.63,False,Paid
OL-0000057,ORD-000032,2026-01-29,CUS-C-00966,Consumer,France,Social,Office,OFF-035,1,34.56,EUR,0,5.66,False,Paid
OL-0001310,ORD-000785,08/05/2026,CUS-C-00457,Consumer,United States,Paid Search,Electronics,ELE-027,2,682.62,USD,10,14.34,False,Paid
OL-0000696,ORD-000420,2026-01-10,CUS-C-00627,Consumer,Spain,Paid Search,Home,HOM-011,1,87.92,EUR,0,10.6,False,Paid
OL-0004367,ORD-002612,22/01/2026,CUS-S-00297,Small Business,Spain,Social,Office,OFF-031,1,56.4,EUR,0,4.51,False,Paid
OL-0001228,ORD-000732,2026-03-09,,Small Business,France,Paid Search,Office,OFF-005,3,53.17,EUR,10,5.08,False,Paid
OL-0002000,ORD-001193,2026-05-24,CUS-C-00335,Consumer,France,Paid Search,Office,OFF-026,3,21.15,EUR,0,4.76,False,Paid
OL-0000277,ORD-000171,2026-01-03,CUS-S-00388,Small Business,France,Email,Electronics,ELE-031,1,217.1,EUR,0,16.42,False,Paid
OL-0004061,ORD-002430,2026-04-24,CUS-S-00019,Small Business,Spain,Organic,Electronics,ELE-023,1,527.19,EUR,10,16.62,False,Paid
OL-0003008,ORD-001788,2026-03-01,CUS-C-00723,Consumer,United Kingdom,Social,Office,OFF-005,3,45.5,GBP,0,5.02,False,Pending
OL-0001834,ORD-001091,2026-05-25,CUS-C-00295,Consumer,United Kingdom,Organic,Home,HOM-012,1,112.0,GBP,20,6.15,False,Paid
OL-0000683,ORD-000411,2026-01-11,CUS-B-00154,Corporate,Germany,Social,Office,OFF-004,5,17.71,EUR,0,5.92,False,Paid
OL-0003140,ORD-001867,2026-04-29,CUS-C-01481,Consumer,Spain,Paid Search,Electronics,ELE-013,1,351.88,EUR,20,15.01,False,Paid
OL-0004335,ORD-002594,2026-04-20,CUS-C-00079,Consumer,United Kingdom,Email,Home,HOM-022,2,57.94,GBP,0,9.05,False,Paid
OL-0001138,ORD-000677,2026-05-07,,Consumer,United Kingdom,Email,Office,OFF-034,3,62.49,GBP,0,3.53,False,Paid
OL-0003753,ORD-002241,30/04/2026,,Consumer,Spain,Email,Home,HOM-005,1,261.15,EUR,0,8.87,False,Paid
OL-0003783,ORD-002261,2026-01-27,,Small Business,France,Paid Search,Home,HOM-009,2,134.41,EUR,0,9.97,False,Paid
OL-0003012,ORD-001790,06/04/2026,CUS-C-01016,Consumer,United Kingdom,Social,Home,HOM-025,1,113.93,GBP,0,6.43,False,Paid
OL-0004089,ORD-002444,2026-02-05,CUS-C-01414,Consumer,France,Email,Home,HOM-014,1,191.59,EUR,0,7.1,False,Paid
OL-0004834,ORD-002895,17/02/2026,CUS-C-01193,Consumer,Spain,Email,Electronics,ELE-004,3,1064.63,EUR,0,11.06,False,Paid
OL-0001347,ORD-000810,26/06/2026,,Consumer,Germany,Social,Electronics,ELE-039,1,222.47,EUR,10,16.82,False,Paid
OL-0002551,ORD-001518,2026-04-17,CUS-S-00313,Small Business,France,Organic,Office,OFF-014,2,28.05,EUR,0,5.53,False,Paid
OL-0004923,ORD-002944,2026-01-26,CUS-C-01181,Consumer,France,Paid Search,Office,OFF-024,2,17.55,EUR,0,4.35,False,Paid
OL-0002802,ORD-001671,2026-06-05,CUS-C-00332,Consumer,Germany,Organic,Electronics,ELE-028,2,192.64,EUR,5,14.44,False,Paid
OL-0002385,ORD-001418,2026-03-20,CUS-C-00456,Consumer,United Kingdom,Paid Search,Electronics,ELE-008,1,981.76,GBP,10,10.63,False,Paid
OL-0004767,ORD-002847,07/05/2026,CUS-C-00744,Consumer,Germany,Social,Home,HOM-001,2,270.83,EUR,0,6.91,False,Paid
OL-0004177,ORD-002498,2026-03-01,CUS-C-00763,Consumer,Germany,Paid Search,Home,HOM-008,1,74.15,EUR,0,9.78,False,Paid
OL-0003254,ORD-001938,22/04/2026,CUS-C-00010,Consumer,France,Paid Search,Home,HOM-008,1,72.89,EUR,15,10.31,False,Paid
OL-0002610,ORD-001560,2026-05-26,CUS-C-00727,Consumer,United States,Marketplace,Electronics,ELE-034,1,482.89,USD,20,16.43,False,Paid
OL-0003255,ORD-001939,04/05/2026,CUS-C-01250,Consumer,United States,Organic,Home,HOM-034,3,367.28,USD,0,7.99,False,Paid
OL-0002570,ORD-001531,27/04/2026,,Consumer,Germany,Marketplace,Office,OFF-003,3,11.03,EUR,10,4.75,False,Paid
OL-0002754,ORD-001641,2026-05-03,CUS-S-00069,Small Business,Germany,Email,Office,OFF-012,6,86.57,EUR,0,5.41,False,Paid
OL-0004989,ORD-002983,2026-04-10,CUS-S-00098,Small Business,United States,Email,Home,HOM-012,2,141.14,USD,0,8.14,False,Paid
OL-0004927,ORD-002948,31/05/2026,CUS-B-00203,Corporate,United Kingdom,Paid Search,Electronics,ELE-017,2,700.48,GBP,20,13.31,False,Paid
OL-0000082,ORD-000047,30/03/2026,CUS-C-01002,Consumer,Germany,Email,Home,HOM-021,2,137.81,EUR,0,8.73,False,Paid
OL-0001973,ORD-001174,08/02/2026,CUS-S-00331,Small Business,France,Paid Search,Office,OFF-016,5,9.03,EUR,0,4.83,False,Paid
OL-0001715,ORD-001023,2026-04-09,,Consumer,United Kingdom,Social,Office,OFF-026,5,17.6,GBP,0,4.28,False,Paid
OL-0003143,ORD-001868,2026-03-30,CUS-S-00286,Small Business,Spain,Organic,Electronics,ELE-023,2,511.77,EUR,20,13.32,False,Pending
OL-0003623,ORD-002162,2026-05-28,CUS-S-00102,Small Business,France,Marketplace,Electronics,ELE-009,1,205.12,EUR,10,12.28,False,Paid
OL-0001947,ORD-001156,2026-02-24,CUS-S-00020,Small Business,France,Email,Electronics,ELE-008,1,1152.88,EUR,15,14.64,False,Paid
OL-0003318,ORD-001972,2026-03-17,CUS-S-00197,Small Business,Spain,Paid Search,Office,OFF-008,6,8.13,EUR,0,6.03,False,Paid
OL-0004085,ORD-002441,2026-03-05,CUS-C-00849,Consumer,United Kingdom,Email,Home,HOM-039,1,39.76,GBP,15,8.89,False,Pending
OL-0004710,ORD-002812,20/02/2026,CUS-C-00130,Consumer,Spain,Email,Home,HOM-021,3,137.47,EUR,0,9.96,False,Paid
OL-0001611,ORD-000962,08/02/2026,,Consumer,Germany,Marketplace,Office,OFF-034,4,70.56,EUR,0,4.57,False,Paid
OL-0004641,ORD-002771,2026-06-25,CUS-S-00394,Small Business,Spain,Organic,Office,OFF-024,7,17.82,EUR,0,3.76,False,Paid
OL-0002891,ORD-001719,2026-02-04,CUS-C-00497,Consumer,France,Paid Search,Electronics,ELE-025,1,406.68,EUR,10,10.14,False,Paid
OL-0003246,ORD-001933,2026-05-03,CUS-B-00191,Corporate,France,Paid Search,Home,HOM-004,1,58.72,EUR,0,9.39,False,Paid
OL-0000220,ORD-000137,2026-04-18,CUS-C-00952,Consumer,Germany,Email,Electronics,ELE-036,1,1225.3,EUR,10,15.26,False,Paid
OL-0004626,ORD-002764,2026-02-27,CUS-S-00101,Small Business,Germany,Social,Home,HOM-024,4,80.71,EUR,0,10.52,False,Paid
OL-0000666,ORD-000405,25/01/2026,CUS-C-01133,Consumer,France,Paid Search,Electronics,ELE-019,1,244.61,EUR,25,10.63,False,Paid
OL-0002195,ORD-001312,2026-05-15,CUS-C-00563,Consumer,Germany,Organic,Office,OFF-028,4,25.33,EUR,0,3.8,False,Paid
OL-0005723,ORD-003429,2026-06-08,,Corporate,Spain,Marketplace,Office,OFF-035,2,34.77,EUR,0,4.35,False,Paid
OL-0005101,ORD-003051,07/02/2026,CUS-C-01144,Consumer,France,Organic,Home,HOM-024,2,75.39,EUR,20,6.9,False,Paid
OL-0001018,ORD-000611,08/01/2026,CUS-C-00021,Consumer,Spain,Paid Search,Home,HOM-031,3,72.1,EUR,0,8.21,False,Paid
OL-0000558,ORD-000342,2026-03-14,CUS-S-00520,Small Business,Germany,Email,Electronics,ELE-022,2,367.76,EUR,5,14.06,False,Paid
OL-0004399,ORD-002629,20/02/2026,CUS-C-00827,Consumer,Germany,Paid Search,Home,HOM-001,3,260.08,EUR,15,8.75,False,Paid
OL-0005767,ORD-003455,28/05/2026,,Consumer,Spain,Marketplace,Office,OFF-028,1,26.42,EUR,0,5.9,False,Pending
OL-0001208,ORD-000719,2026-04-16,CUS-C-00267,Consumer,Spain,Paid Search,Home,HOM-032,1,243.54,EUR,0,7.09,False,Paid
OL-0003803,ORD-002272,17/01/2026,CUS-C-01368,Consumer,Germany,Social,Home,HOM-015,2,141.99,EUR,0,10.25,False,Paid
OL-0003025,ORD-001798,02/03/2026,CUS-C-01489,Consumer,Germany,Marketplace,Electronics,ELE-018,1,1108.6,EUR,5,13.66,False,Paid
OL-0001511,ORD-000905,17/04/2026,,Small Business,France,Marketplace,Office,OFF-003,4,11.04,EUR,0,4.78,False,Paid
OL-0005115,ORD-003059,18/04/2026,CUS-S-00519,Small Business,France,Paid Search,Home,HOM-035,4,193.63,EUR,0,9.55,False,Paid
OL-0005550,ORD-003323,2026-06-05,CUS-C-00906,Consumer,Germany,Paid Search,Electronics,ELE-021,1,491.99,EUR,10,13.04,False,Paid
OL-0004202,ORD-002512,17/04/2026,,Small Business,United Kingdom,Paid Search,Electronics,ELE-003,1,354.24,GBP,20,10.06,False,Paid
OL-0004568,ORD-002728,2026-06-01,,Consumer,Spain,Organic,Electronics,ELE-033,2,843.61,EUR,15,15.83,False,Paid
OL-0000267,ORD-000166,05/04/2026,CUS-C-00007,Consumer,France,Social,Home,HOM-001,4,274.35,EUR,0,7.4,False,Paid
OL-0002689,ORD-001602,2026-06-19,CUS-C-01137,Consumer,Germany,Paid Search,Office,OFF-019,3,15.57,EUR,0,4.58,False,Paid
OL-0005463,ORD-003269,11/01/2026,,Consumer,Germany,Paid Search,Office,OFF-022,2,22.5,EUR,0,4.46,False,Paid
OL-0002112,ORD-001262,2026-03-29,,Small Business,Spain,Marketplace,Home,HOM-019,1,66.2,EUR,0,9.04,False,Paid
OL-0002944,ORD-001751,2026-02-08,CUS-S-00435,Small Business,France,Paid Search,Office,OFF-035,-7,34.41,EUR,0,5.81,True,Refunded
OL-0001910,ORD-001134,2026-06-23,CUS-C-00422,Consumer,Germany,Organic,Electronics,ELE-009,1,216.34,EUR,0,10.13,False,Paid
OL-0003106,ORD-001851,2026-02-13,CUS-S-00568,Small Business,Spain,Social,Office,OFF-021,1,29.55,EUR,0,5.53,False,Paid
OL-0003904,ORD-002334,07/02/2026,CUS-C-00094,Consumer,Germany,Organic,Home,HOM-023,1,45.52,EUR,0,9.72,False,Pending
OL-0003952,ORD-002364,13/04/2026,CUS-S-00039,Small Business,United Kingdom,Organic,Office,OFF-024,1,15.3,GBP,0,4.81,False,Paid
OL-0004237,ORD-002533,2026-03-09,CUS-S-00269,Small Business,Spain,Paid Search,Electronics,ELE-006,3,221.8,EUR,10,16.59,False,Paid
OL-0003571,ORD-002133,2026-05-24,CUS-S-00027,Small Business,Spain,Social,Office,OFF-013,2,47.88,EUR,0,4.96,False,Paid
OL-0004824,ORD-002891,2026-01-31,CUS-C-01346,Consumer,Germany,Social,Office,OFF-027,2,53.05,EUR,0,5.01,False,Paid
OL-0003218,ORD-001915,2026-06-27,CUS-C-00611,Consumer,Spain,Organic,Home,HOM-002,3,196.08,EUR,0,8.33,False,Paid
OL-0001785,ORD-001066,2026-03-23,CUS-C-00920,Consumer,Spain,Organic,Home,HOM-022,2,70.4,EUR,0,8.09,False,Paid
OL-0001238,ORD-000741,2026-06-16,CUS-C-00856,Consumer,Spain,Organic,Home,HOM-028,1,328.29,EUR,0,9.85,False,Paid
OL-0004992,ORD-002985,2026-03-28,CUS-S-00547,Small Business,Germany,Paid Search,Office,OFF-030,1,67.21,EUR,0,5.16,False,Paid
OL-0004701,ORD-002805,18/01/2026,CUS-C-00738,Consumer,Spain,Organic,Home,HOM-009,2,131.58,EUR,15,7.68,False,Paid
OL-0004201,ORD-002511,2026-03-31,CUS-B-00015,Corporate,Spain,Organic,Home,HOM-026,1,203.11,EUR,15,8.71,False,Paid
OL-0004866,ORD-002910,2026-06-23,CUS-C-01461,Consumer,United Kingdom,Paid Search,Office,OFF-038,1,51.9,GBP,0,3.96,False,Pending
OL-0000847,ORD-000512,2026-04-19,CUS-S-00229,Small Business,Germany,Paid Search,Electronics,ELE-021,2,475.55,EUR,5,10.0,False,Paid
OL-0002187,ORD-001308,2026-04-26,,Consumer,United States,Organic,Electronics,ELE-031,1,224.62,USD,0,16.21,False,Paid
OL-0003448,ORD-002053,2026-02-06,,Small Business,Germany,Organic,Office,OFF-018,4,12.37,EUR,0,4.92,False,Paid
OL-0000909,ORD-000546,2026-06-08,CUS-S-00335,Small Business,Germany,Marketplace,Office,OFF-038,2,58.62,EUR,0,3.64,False,Paid
OL-0004319,ORD-002582,2026-01-08,,Consumer,France,Marketplace,Home,HOM-021,2,140.47,EUR,25,9.15,False,Paid
OL-0001304,ORD-000783,2026-03-20,CUS-C-00217,Consumer,United Kingdom,Email,Office,OFF-024,5,14.97,GBP,10,3.96,False,Paid
OL-0005602,ORD-003359,18/04/2026,CUS-C-00726,Consumer,Spain,Paid Search,Electronics,ELE-010,-1,1150.14,EUR,0,15.15,True,Refunded
OL-0001628,ORD-000972,2026-05-07,CUS-C-00520,Consumer,Spain,Marketplace,Electronics,ELE-020,1,459.32,EUR,0,14.68,False,Paid
OL-0001523,ORD-000912,10/05/2026,,Small Business,United Kingdom,Email,Home,HOM-019,2,56.82,GBP,5,7.3,False,Paid
OL-0000836,ORD-000504,2026-06-10,CUS-C-00738,Consumer,United States,Organic,Electronics,ELE-026,1,254.36,USD,10,18.05,False,Paid
OL-0000359,ORD-000219,2026-04-09,CUS-C-01435,Consumer,France,Paid Search,Electronics,ELE-032,1,514.48,EUR,10,11.54,False,Paid
OL-0000139,ORD-000085,2026-03-28,CUS-B-00014,Corporate,United Kingdom,Organic,Electronics,ELE-030,1,987.18,GBP,10,14.04,False,Paid
OL-0000300,ORD-000182,2026-04-16,CUS-S-00198,Small Business,France,Paid Search,Home,HOM-014,1,184.92,EUR,25,9.23,False,Paid
OL-0001557,ORD-000928,2026-04-25,CUS-C-01061,Consumer,France,Organic,Electronics,ELE-020,1,463.6,EUR,10,15.42,False,Paid
OL-0001004,ORD-000605,2026-05-03,CUS-B-00076,Corporate,France,Organic,Home,HOM-031,2,76.69,EUR,20,7.39,False,Paid
OL-0000383,ORD-000233,06/05/2026,CUS-S-00192,Small Business,United States,Marketplace,Office,OFF-034,8,81.53,USD,0,3.97,False,Paid
OL-0004195,ORD-002508,2026-01-18,CUS-S-00480,Small Business,United Kingdom,Email,Home,HOM-007,3,117.52,GBP,0,9.07,False,Paid
OL-0000762,ORD-000457,05/06/2026,CUS-S-00039,Small Business,France,Marketplace,Electronics,ELE-017,-1,849.07,EUR,0,10.89,True,Refunded
OL-0005722,ORD-003429,2026-06-08,,Corporate,Spain,Marketplace,Office,OFF-003,-3,11.44,EUR,0,4.31,True,Refunded
OL-0002955,ORD-001757,14/04/2026,CUS-C-01344,Consumer,Germany,Paid Search,Office,OFF-032,1,53.39,EUR,0,5.56,False,Paid
OL-0004175,ORD-002497,24/05/2026,CUS-C-01276,Consumer,United Kingdom,Marketplace,Home,HOM-011,1,78.31,GBP,20,7.43,False,Paid
OL-0004848,ORD-002902,2026-02-08,CUS-C-01026,Consumer,France,Organic,Electronics,ELE-017,1,838.19,EUR,15,13.74,False,Paid
OL-0004440,ORD-002651,14/04/2026,,Corporate,United States,Email,Home,HOM-027,2,116.8,USD,10,7.57,False,Paid
OL-0001403,ORD-000840,2026-04-14,CUS-S-00181,Small Business,Spain,Marketplace,Home,HOM-001,1,261.42,EUR,15,8.7,False,Paid
OL-0002938,ORD-001746,2026-05-18,CUS-C-00910,Consumer,United Kingdom,Marketplace,Electronics,ELE-008,2,972.22,GBP,5,9.65,False,Paid
OL-0003426,ORD-002041,02/03/2026,CUS-B-00004,Corporate,Germany,Organic,Electronics,ELE-017,2,801.18,EUR,5,16.76,False,Paid
OL-0001933,ORD-001147,10/03/2026,CUS-C-00678,Consumer,Germany,Organic,Office,OFF-014,4,29.04,EUR,0,5.2,False,Paid
OL-0003211,ORD-001910,2026-01-08,CUS-B-00142,Corporate,Germany,Organic,Electronics,ELE-008,1,1146.79,EUR,10,11.67,False,Pending
OL-0002898,ORD-001723,02/03/2026,CUS-S-00411,Small Business,France,Paid Search,Office,OFF-037,3,13.77,EUR,0,5.22,False,Paid
OL-0005568,ORD-003333,2026-04-10,CUS-B-00173,Corporate,France,Paid Search,Home,HOM-013,1,109.39,EUR,15,10.72,False,Paid
OL-0005144,ORD-003076,08/02/2026,CUS-C-01305,Consumer,Germany,Marketplace,Office,OFF-031,2,56.6,EUR,0,5.38,False,Paid
OL-0002828,ORD-001686,06/06/2026,CUS-C-00337,Consumer,Spain,Organic,Electronics,ELE-028,1,183.23,EUR,0,11.08,False,Paid
OL-0003871,ORD-002311,2026-01-07,CUS-C-00876,Consumer,Germany,Social,Electronics,ELE-012,1,549.77,EUR,25,12.6,False,Paid
OL-0002756,ORD-001643,2026-06-13,CUS-C-00858,Consumer,United Kingdom,Organic,Electronics,ELE-022,1,322.95,GBP,0,9.49,False,Paid
OL-0000059,ORD-000032,2026-01-29,CUS-C-00966,Consumer,France,Social,Home,HOM-001,1,269.99,EUR,0,9.76,False,Paid
OL-0000077,ORD-000045,2026-05-17,CUS-C-00320,Consumer,France,Organic,Office,OFF-009,1,77.59,EUR,0,4.38,False,Paid
OL-0000797,ORD-000479,2026-05-28,CUS-C-00057,Consumer,Germany,Email,Electronics,ELE-035,1,464.22,EUR,10,11.65,False,Paid
OL-0002417,ORD-001437,01/05/2026,CUS-B-00157,Corporate,France,Organic,Electronics,ELE-013,1,348.49,EUR,15,14.32,False,Paid
OL-0002986,ORD-001774,18/03/2026,CUS-C-01477,Consumer,France,Marketplace,Home,HOM-009,1,133.17,EUR,0,9.94,False,Paid
OL-0004388,ORD-002622,2026-01-30,,Small Business,France,Marketplace,Electronics,ELE-030,1,1114.84,EUR,0,12.5,False,Paid
OL-0000786,ORD-000469,11/06/2026,CUS-B-00208,Corporate,France,Social,Office,OFF-014,1,28.51,EUR,10,4.49,False,Paid
OL-0005018,ORD-003002,2026-06-14,CUS-C-00017,Consumer,Spain,Paid Search,Office,OFF-036,2,20.14,EUR,0,4.0,False,Paid
OL-0005068,ORD-003034,02/05/2026,CUS-C-00780,Consumer,Germany,Email,Electronics,ELE-018,2,1076.37,EUR,15,12.66,False,Paid
OL-0002218,ORD-001326,11/02/2026,CUS-C-01139,Consumer,Spain,Social,Home,HOM-037,2,139.05,EUR,0,10.22,False,Paid
OL-0005322,ORD-003178,18/01/2026,CUS-S-00539,Small Business,United Kingdom,Organic,Home ,HOM-006,1,72.79,GBP,0,5.66,False,Paid
OL-0005029,ORD-003009,13/03/2026,CUS-C-01362,Consumer,United Kingdom,Organic,Electronics,ELE-025,1,348.45,GBP,5,8.82,False,Paid
OL-0003505,ORD-002089,2026-06-10,CUS-B-00182,Corporate,Germany,Email,Office,OFF-010,1,12.18,EUR,0,5.31,False,Paid
OL-0003371,ORD-002002,25/05/2026,CUS-C-00627,Consumer,France,Organic,Electronics,ELE-018,3,1154.15,EUR,15,12.3,False,Paid
OL-0003983,ORD-002385,03/05/2026,CUS-B-00154,Corporate,Spain,Marketplace,Electronics,ELE-025,-1,401.3,EUR,0,12.77,True,Refunded
OL-0004629,ORD-002766,2026-02-19,,Consumer,France,Organic,Home,HOM-034,3,343.99,EUR,0,9.15,False,Paid
OL-0000911,ORD-000548,30/04/2026,CUS-C-00395,Consumer,Spain,Organic,Home,HOM-036,2,140.51,EUR,15,9.33,False,Paid
OL-0002173,ORD-001300,2026-06-15,CUS-C-00091,Consumer,United Kingdom,Paid Search,Home,HOM-015,1,122.74,GBP,0,8.39,False,Paid
OL-0003519,ORD-002097,03/04/2026,CUS-S-00307,Small Business,Germany,Marketplace,Home,HOM-002,2,207.37,EUR,0,9.17,False,Paid
OL-0002310,ORD-001380,2026-05-28,CUS-B-00219,Corporate,France,Marketplace,Office,OFF-034,1,74.52,EUR,0,5.79,False,Paid
OL-0001518,ORD-000909,2026-05-18,CUS-C-00897,Consumer,Germany,Organic,Electronics,ELE-018,1,1099.43,EUR,10,10.85,False,Paid
OL-0001258,ORD-000755,18/06/2026,CUS-C-01276,Consumer,United Kingdom,Paid Search,Office,OFF-021,2,25.5,GBP,0,4.6,False,Paid
OL-0002496,ORD-001487,2026-06-06,CUS-S-00049,Small Business,Germany,Organic,Electronics,ELE-008,1,1141.68,EUR,25,10.81,False,Paid
OL-0004521,ORD-002700,03/04/2026,CUS-B-00116,Corporate,Spain,Paid Search,Home,HOM-027,3,109.88,EUR,25,10.45,False,Paid
OL-0004886,ORD-002921,25/04/2026,CUS-C-00178,Consumer,United States,Email,Home,HOM-036,1,158.19,USD,0,10.55,False,Paid
OL-0001179,ORD-000704,09/06/2026,CUS-C-01207,Consumer,Germany,Email,office,OFF-008,2,8.06,EUR,0,5.45,False,Paid
OL-0004514,ORD-002695,2026-06-14,CUS-B-00182,Corporate,France,Paid Search,Electronics,ELE-020,1,453.62,EUR,15,10.8,False,Paid
OL-0004899,ORD-002930,2026-03-06,CUS-C-00158,Consumer,France,Email,Electronics,ELE-014,1,181.7,EUR,10,14.24,False,Paid
OL-0000443,ORD-000272,2026-04-15,CUS-S-00377,Small Business,France,Marketplace,Office,OFF-011,4,17.97,EUR,0,4.29,False,Paid
OL-0004067,ORD-002433,25/05/2026,,Small Business,United Kingdom,Social,Home,HOM-023,3,39.36,GBP,15,7.39,False,Pending
OL-0003039,ORD-001806,07/02/2026,CUS-S-00593,Small Business,Germany,Organic,Home,HOM-030,2,133.41,EUR,0,7.82,False,Paid
OL-0003297,ORD-001959,2026-04-03,CUS-S-00166,Small Business,United States,Marketplace,Office,OFF-040,3,59.03,USD,0,6.06,False,Paid
OL-0005720,ORD-003428,2026-05-22,CUS-S-00289,Small Business,Spain,Social,Office,OFF-015,4,67.19,EUR,0,3.72,False,Paid
OL-0001055,ORD-000630,16/03/2026,,Corporate,France,Social,Office,OFF-034,6,75.3,EUR,0,4.46,False,Pending
OL-0002670,ORD-001591,2026-04-13,CUS-B-00235,Corporate,Germany,Social,Office,OFF-009,1,78.05,EUR,0,5.42,False,Paid
OL-0004597,ORD-002748,11/01/2026,CUS-C-00907,Consumer,France,Paid Search,Home,HOM-040,1,311.45,EUR,20,6.62,False,Paid
OL-0003045,ORD-001811,09/05/2026,CUS-B-00161,Corporate,United States,Organic,Home,HOM-027,4,124.2,USD,0,10.58,False,Paid
OL-0001416,ORD-000849,2026-06-24,CUS-S-00342,Small Business,United Kingdom,Organic,Office,OFF-027,8,46.02,GBP,0,5.01,False,Paid
OL-0002373,ORD-001412,28/04/2026,CUS-C-00214,Consumer,Germany,Organic,Home,HOM-025,1,131.05,EUR,20,6.8,False,Paid
OL-0004238,ORD-002533,2026-03-09,CUS-S-00269,Small Business,Spain,Paid Search,Electronics,ELE-022,1,369.49,EUR,0,15.76,False,Paid
OL-0002973,ORD-001767,2026-01-16,CUS-S-00363,Small Business,France,Organic,Office,OFF-032,4,52.23,EUR,0,5.78,False,Paid
OL-0005429,ORD-003247,26/05/2026,CUS-C-01087,Consumer,United Kingdom,Organic,Electronics,ELE-002,1,346.01,GBP,10,12.66,False,Paid
OL-0003686,ORD-002201,14/01/2026,CUS-C-00378,Consumer,France,Marketplace,Home,HOM-011,2,92.46,EUR,25,10.67,False,Paid
OL-0005167,ORD-003091,2026-02-13,CUS-S-00537,Small Business,Germany,Paid Search,Office,OFF-001,7,57.09,EUR,0,5.2,False,Paid
OL-0001503,ORD-000898,22/03/2026,CUS-S-00430,Small Business,Germany,Organic,Home,HOM-030,1,135.1,EUR,0,9.79,False,Paid
OL-0004703,ORD-002807,16/01/2026,CUS-S-00494,Small Business,United Kingdom,Organic,Office,OFF-004,2,14.89,GBP,0,3.7,False,Paid
OL-0003845,ORD-002295,2026-04-13,CUS-C-01288,Consumer,United States,Social,Office,OFF-004,2,18.58,USD,0,6.4,False,Paid
OL-0002012,ORD-001198,2026-04-19,CUS-C-00108,Consumer,Spain,Social,Office,OFF-013,1,48.19,EUR,10,4.81,False,Paid
OL-0005257,ORD-003143,2026-03-29,CUS-C-01356,Consumer,France,Social,Home,HOM-033,1,66.96,EUR,0,7.63,False,Paid
OL-0005256,ORD-003143,2026-03-29,CUS-C-01356,Consumer,France,Social,Home,HOM-009,1,133.31,EUR,0,6.94,False,Paid
OL-0002860,ORD-001702,2026-03-17,CUS-C-00027,Consumer,Spain,Marketplace,Home,HOM-009,1,131.93,EUR,15,7.63,False,Paid
OL-0004837,ORD-002896,2026-02-16,CUS-S-00210,Small Business,United Kingdom,Email,Home,HOM-017,1,43.16,GBP,0,6.63,False,Pending
OL-0004532,ORD-002707,26/05/2026,CUS-C-00518,Consumer,France,Paid Search,Home,HOM-004,1,56.32,EUR,0,9.11,False,Paid
OL-0003465,ORD-002063,2026-03-18,CUS-C-00876,Consumer,Spain,Paid Search,Home,HOM-019,2,65.9,EUR,0,7.26,False,Pending
OL-0000007,ORD-000004,2026-05-24,CUS-C-01349,Consumer,Germany,Social,Office,OFF-013,6,47.81,EUR,0,3.99,False,Paid
OL-0002488,ORD-001482,13/03/2026,CUS-B-00205,Corporate,Germany,Email,Office,OFF-034,4,74.29,EUR,0,4.59,False,Paid
OL-0000679,ORD-000410,2026-04-28,CUS-C-01420,Consumer,Spain,Organic,Home,HOM-036,-3,141.54,EUR,10,10.18,True,Refunded
OL-0001944,ORD-001153,09/06/2026,CUS-B-00221,Corporate,France,Organic,Office,OFF-019,3,15.16,EUR,0,4.88,False,Paid
OL-0003717,ORD-002218,04/04/2026,CUS-S-00322,Small Business,United Kingdom,Organic,Electronics,ELE-020,1,402.91,GBP,0,11.19,False,Paid
OL-0005521,ORD-003304,2026-01-07,CUS-C-00729,Consumer,United Kingdom,Paid Search,Home,HOM-040,-4,250.4,GBP,15,9.22,True,Paid
OL-0005644,ORD-003383,2026-05-14,CUS-C-00746,Consumer,Spain,Organic,Office,OFF-021,1,28.97,EUR,0,4.96,False,Paid
OL-0004603,ORD-002753,2026-06-17,CUS-S-00301,Small Business,United Kingdom,Email,Office,OFF-032,1,43.38,GBP,0,4.29,False,Paid
OL-0002608,ORD-001559,2026-06-08,CUS-S-00070,Small Business,France,Marketplace,Office,OFF-009,2,80.19,EUR,15,4.75,False,Paid
OL-0004661,ORD-002785,14/02/2026,,Small Business,Germany,Marketplace,Electronics,ELE-030,3,1083.18,EUR,25,11.37,False,Paid
OL-0005517,ORD-003302,2026-04-27,CUS-C-00903,Consumer,Spain,Paid Search,Home,HOM-007,1,139.78,EUR,0,10.15,False,Paid
OL-0001065,ORD-000636,2026-04-21,CUS-C-00676,Consumer,United Kingdom,Paid Search,Office,OFF-012,3,69.09,GBP,0,3.72,False,Pending
OL-0003733,ORD-002228,2026-05-29,CUS-C-01251,Consumer,Spain,Paid Search,Office,OFF-006,2,27.6,EUR,0,4.13,False,Paid
OL-0002243,ORD-001339,2026-06-27,CUS-B-00026,Corporate,Germany,Paid Search,Office,OFF-004,4,17.02,EUR,0,4.47,False,Paid
OL-0001475,ORD-000880,2026-01-19,CUS-S-00295,Small Business,France,Paid Search,Office,OFF-010,3,11.88,EUR,0,4.0,False,Paid
OL-0004450,ORD-002657,2026-01-10,CUS-B-00020,Corporate,France,Organic,Office,OFF-016,1,9.2,EUR,15,3.81,False,Paid
OL-0001890,ORD-001123,2026-06-01,CUS-C-00958,Consumer,France,Paid Search,Electronics,ELE-036,1,1167.55,EUR,25,10.06,False,Paid
OL-0003455,ORD-002057,18/04/2026,CUS-C-00253,Consumer,Spain,Paid Search,Home,HOM-003,3,164.69,EUR,0,6.99,False,Paid
OL-0002022,ORD-001203,30/06/2026,CUS-C-00217,Consumer,United Kingdom,Email,Electronics,ELE-011,1,1022.71,GBP,0,12.72,False,Paid
OL-0005236,ORD-003132,2026-03-01,CUS-S-00465,Small Business,United Kingdom,Paid Search,Home,HOM-007,3,115.27,GBP,20,5.84,False,Paid
OL-0004271,ORD-002554,2026-02-03,CUS-S-00218,Small Business,Germany,Social,Home,HOM-006,3,85.1,EUR,15,7.77,False,Paid
OL-0002659,ORD-001584,2026-02-19,CUS-C-00337,Consumer,Germany,Email,Office,OFF-035,3,35.14,EUR,0,5.29,False,Paid
OL-0002468,ORD-001468,05/06/2026,CUS-C-00929,Consumer,United States,Paid Search,Office,OFF-001,3,59.84,USD,0,4.73,False,Paid
OL-0002752,ORD-001640,10/02/2026,CUS-S-00401,Small Business,France,Organic,Home,HOM-039,3,45.29,EUR,0,9.14,False,Paid
OL-0001131,ORD-000673,22/06/2026,CUS-S-00563,Small Business,Germany,Organic,Electronics,ELE-015,1,190.14,EUR,0,10.85,False,Paid
OL-0001462,ORD-000873,2026-06-21,CUS-C-00979,Consumer,Germany,Social,Home,HOM-030,1,132.45,EUR,15,7.76,False,Paid
OL-0004690,ORD-002799,2026-05-04,CUS-C-00606,Consumer,United Kingdom,Paid Search,Electronics,ELE-034,1,388.0,GBP,0,10.29,False,Paid
OL-0005431,ORD-003248,06/04/2026,CUS-S-00428,Small Business,United Kingdom,Email,Electronics,ELE-022,1,314.01,GBP,15,10.07,False,Paid
OL-0003309,ORD-001967,19/05/2026,CUS-C-01175,Consumer,Spain,Organic,Office,OFF-013,5,48.62,EUR,0,4.83,False,Paid
OL-0003261,ORD-001945,03/05/2026,CUS-C-01269,Consumer,Germany,Social,Office,OFF-003,2,11.3,EUR,0,5.51,False,Paid
OL-0000223,ORD-000137,2026-04-18,CUS-C-00952,Consumer,Germany,Email,Electronics,ELE-018,1,1105.21,EUR,5,15.21,False,Paid
OL-0005563,ORD-003330,2026-02-09,CUS-S-00330,Small Business,France,Organic,Home,HOM-021,3,137.49,EUR,0,9.29,False,Paid
OL-0000049,ORD-000026,2026-02-11,CUS-C-01021,Consumer,Spain,Social,Office,OFF-039,5,20.34,EUR,0,5.63,False,Pending
OL-0000574,ORD-000350,2026-05-04,CUS-C-00082,Consumer,Germany,Paid Search,Office,OFF-015,2,68.01,EUR,0,5.87,False,Pending
OL-0001237,ORD-000740,2026-03-29,CUS-S-00443,Small Business,United Kingdom,Organic,Electronics,ELE-007,-1,429.66,GBP,0,9.17,True,Refunded
OL-0004562,ORD-002724,02/05/2026,CUS-C-00672,Consumer,United Kingdom,Marketplace,Office,OFF-025,2,8.28,GBP,0,4.36,False,Paid
OL-0005816,ORD-003482,23/01/2026,,Consumer,France,Marketplace,Electronics,ELE-018,1,1187.07,EUR,20,12.83,False,Paid
OL-0005390,ORD-003222,2026-05-04,CUS-C-00705,Consumer,Spain,Organic,Electronics,ELE-023,1,496.91,EUR,0,12.4,False,Paid
OL-0002283,ORD-001363,2026-01-22,CUS-C-00944,Consumer,France,Email,Electronics,ELE-015,1,187.76,EUR,0,14.28,False,Paid
OL-0004079,ORD-002438,2026-05-15,,Small Business,Germany,Social,Home,HOM-017,1,48.7,EUR,0,6.44,False,Paid
OL-0000268,ORD-000167,2026-06-15,CUS-S-00303,Small Business,Germany,Paid Search,Electronics,ELE-011,2,1259.04,EUR,10,11.5,False,Paid
OL-0001105,ORD-000658,2026-06-09,CUS-S-00044,Small Business,Germany,Paid Search,Home,HOM-012,1,132.67,EUR,15,7.38,False,Paid
OL-0002306,ORD-001378,01/06/2026,CUS-C-00762,Consumer,United Kingdom,Email,Home,HOM-029,2,58.99,GBP,20,5.99,False,Paid
OL-0005118,ORD-003061,2026-02-05,CUS-S-00577,Small Business,France,Paid Search,Office,OFF-023,6,57.71,EUR,0,4.68,False,Paid
OL-0001936,ORD-001149,2026-04-26,CUS-C-00736,Consumer,Spain,Social,Home,HOM-021,2,133.83,EUR,10,7.63,False,Paid
OL-0000387,ORD-000235,18/06/2026,CUS-C-00328,Consumer,Spain,Organic,Home,HOM-031,1,76.18,EUR,10,8.87,False,Paid
OL-0001702,ORD-001017,2026-03-20,CUS-S-00549,Small Business,Spain,Organic,Home,HOM-018,1,46.8,EUR,0,7.47,False,Paid
OL-0001629,ORD-000973,2026-06-22,CUS-S-00223,Small Business,France,Organic,Office,OFF-026,4,21.85,EUR,0,4.83,False,Paid
OL-0003201,ORD-001904,19/06/2026,CUS-C-01135,Consumer,United States,Social,Home,HOM-035,1,222.49,USD,0,10.72,False,Paid
OL-0002715,ORD-001618,07/03/2026,,Small Business,Spain,Marketplace,Electronics,ELE-031,1,216.2,EUR,10,12.16,False,Paid
OL-0002987,ORD-001774,18/03/2026,CUS-C-01477,Consumer,France,Marketplace,Office,OFF-022,2,22.82,EUR,0,4.31,False,Paid
OL-0005246,ORD-003137,2026-06-09,CUS-B-00155,Corporate,France,Email,Office,OFF-033,3,34.0,EUR,0,4.95,False,Paid
OL-0001564,ORD-000933,10/01/2026,CUS-B-00196,Corporate,France,Paid Search,Office,OFF-008,4,8.13,EUR,0,4.67,False,Paid
OL-0003579,ORD-002138,2026-05-28,CUS-C-00247,Consumer,Spain,Email,Electronics,ELE-003,1,425.67,EUR,20,10.4,False,Paid
OL-0000210,ORD-000131,2026-03-13,CUS-S-00570,Small Business,Germany,Organic,Office,OFF-010,1,12.65,EUR,0,3.8,False,Paid
OL-0000910,ORD-000547,2026-01-21,CUS-C-01476,Consumer,Spain,Email,Home,HOM-031,-1,78.57,EUR,20,8.41,True,Refunded
OL-0001290,ORD-000776,2026-04-22,CUS-S-00035,Small Business,United Kingdom,Email,Home,HOM-009,1,113.43,GBP,10,7.04,False,Paid
OL-0004529,ORD-002705,2026-04-05,CUS-S-00560,Small Business,United Kingdom,Email,Electronics,ELE-009,1,187.94,GBP,0,9.12,False,Paid
OL-0004953,ORD-002962,2026-04-03,CUS-C-00958,Consumer,Germany,Social,Electronics,ELE-030,1,1091.93,EUR,20,15.18,False,Paid
OL-0001843,ORD-001098,2026-06-20,CUS-B-00201,Corporate,United States,Paid Search,Home,HOM-013,1,114.6,USD,0,9.81,False,Paid
OL-0002498,ORD-001487,2026-06-06,CUS-S-00049,Small Business,Germany,Organic,Office,OFF-035,4,35.07,EUR,0,5.51,False,Paid
OL-0004905,ORD-002933,10/01/2026,CUS-S-00487,Small Business,United Kingdom,Email,Office,OFF-028,2,22.44,GBP,0,4.21,False,Paid
OL-0004324,ORD-002587,2026-02-15,,Consumer,France,Marketplace,Home,HOM-010,1,143.18,EUR,0,6.43,False,Paid
OL-0000959,ORD-000578,25/05/2026,CUS-C-01224,Consumer,Spain,Marketplace,Office,OFF-007,2,42.56,EUR,10,3.79,False,Paid
OL-0001794,ORD-001071,2026-05-05,CUS-S-00508,Small Business,United Kingdom,Email,Home,HOM-015,1,115.96,GBP,0,6.38,False,Paid
OL-0002089,ORD-001249,2026-01-15,CUS-C-00199,Consumer,United Kingdom,Paid Search,Electronics,ELE-002,2,333.98,GBP,15,12.26,False,Paid
OL-0002703,ORD-001611,2026-06-08,CUS-C-01451,Consumer,Spain,Organic,Electronics,ELE-024,1,1089.9,EUR,10,14.57,False,Paid
OL-0000332,ORD-000202,14/06/2026,CUS-S-00137,Small Business,United States,Paid Search,Home,HOM-036,3,159.41,USD,0,9.3,False,Paid
OL-0003335,ORD-001981,2026-04-21,CUS-C-00026,Consumer,United Kingdom,Social,Home,HOM-008,3,60.35,GBP,0,9.15,False,Paid
OL-0003882,ORD-002320,05/01/2026,CUS-B-00104,Corporate,Spain,Organic,Electronics,ELE-030,1,1116.95,EUR,10,11.42,False,Paid
OL-0002992,ORD-001777,2026-04-29,CUS-S-00088,Small Business,France,Marketplace,Office,OFF-026,2,21.34,EUR,0,4.88,False,Paid
OL-0002460,ORD-001462,2026-06-22,CUS-S-00126,Small Business,United Kingdom,Paid Search,Office,OFF-029,3,77.23,GBP,0,4.32,False,Paid
OL-0001775,ORD-001061,13/04/2026,CUS-C-00825,Consumer,United States,Organic,Office,OFF-029,3,98.59,USD,0,5.83,False,Paid
OL-0004212,ORD-002520,22/05/2026,CUS-B-00157,Corporate,Germany,Paid Search,Electronics,ELE-001,1,620.52,EUR,10,11.97,False,Paid
OL-0004742,ORD-002829,28/06/2026,CUS-C-01320,Consumer,Spain,Marketplace,Electronics,ELE-036,1,1181.66,EUR,20,10.38,False,Pending
OL-0004152,ORD-002485,17/03/2026,CUS-C-01419,Consumer,Germany,Social,Office,OFF-031,2,58.22,EUR,0,5.81,False,Paid
OL-0004164,ORD-002491,2026-06-18,CUS-C-00591,Consumer,United Kingdom,Organic,Home,HOM-013,3,87.47,GBP,0,6.09,False,Paid
OL-0004868,ORD-002911,2026-06-29,CUS-S-00431,Small Business,United Kingdom,Social,Office,OFF-026,2,17.99,GBP,0,3.2,False,Paid
OL-0005291,ORD-003162,25/04/2026,CUS-S-00373,Small Business,France,Social,Electronics,ELE-004,1,1066.11,EUR,15,16.09,False,Paid
OL-0003766,ORD-002252,2026-03-24,CUS-S-00600,Small Business,Spain,Organic,Home,HOM-007,2,136.97,EUR,0,6.86,False,Paid
OL-0002810,ORD-001676,2026-05-27,CUS-C-00661,Consumer,United States,Email,Home,HOM-011,1,97.95,USD,0,7.11,False,Paid
OL-0001711,ORD-001021,2026-03-14,,Consumer,Germany,Email,Office,OFF-010,2,11.98,EUR,10,3.77,False,Paid
OL-0004580,ORD-002737,2026-04-05,CUS-S-00022,Small Business,Spain,Paid Search,Office,OFF-035,3,35.04,EUR,0,4.15,False,Paid
OL-0002479,ORD-001476,2026-05-23,CUS-S-00029,Small Business,France,Social,Electronics,ELE-012,1,524.81,EUR,0,16.0,False,Paid
OL-0001367,ORD-000820,2026-01-18,CUS-C-00298,Consumer,France,Organic,Office,OFF-016,3,9.31,EUR,0,4.85,False,Paid
OL-0000174,ORD-000106,19/02/2026,CUS-B-00145,Corporate,Germany,Organic,Electronics,ELE-019,1,246.03,EUR,10,15.14,False,Paid
OL-0004040,ORD-002417,2026-01-28,CUS-C-00867,Consumer,France,Paid Search,Home,HOM-034,2,339.53,EUR,15,9.34,False,Paid
OL-0004420,ORD-002643,2026-03-29,CUS-C-01256,Consumer,Spain,Organic,Home,HOM-016,1,266.08,EUR,0,10.42,False,Paid
OL-0004444,ORD-002654,2026-02-27,CUS-S-00157,Small Business,Germany,Organic,Office,OFF-007,2,41.04,EUR,0,4.21,False,Paid
OL-0004982,ORD-002979,2026-05-11,CUS-C-00026,Consumer,Spain,Paid Search,Home,HOM-019,1,67.56,EUR,0,9.9,False,Paid
OL-0004093,ORD-002447,2026-01-11,CUS-C-01006,Consumer,Germany,Organic,Electronics,ELE-007,1,482.83,EUR,0,10.75,False,Paid
OL-0001953,ORD-001161,2026-01-15,CUS-S-00103,Small Business,United Kingdom,Paid Search,Home,HOM-015,1,112.21,GBP,15,6.68,False,Paid
OL-0003204,ORD-001906,2026-01-12,CUS-S-00569,Small Business,Germany,Social,Electronics,ELE-026,2,229.18,EUR,15,12.82,False,Paid
OL-0003354,ORD-001991,2026-01-10,CUS-S-00358,Small Business,France,Email,Electronics,ELE-032,1,523.24,EUR,10,10.52,False,Paid
OL-0002037,ORD-001213,2026-05-26,CUS-C-01401,Consumer,Germany,Paid Search,Office,OFF-009,6,80.64,EUR,0,4.65,False,Paid
OL-0003879,ORD-002318,15/05/2026,CUS-C-00337,Consumer,Spain,Organic,Home,HOM-019,1,65.9,EUR,0,8.03,False,Paid
OL-0004401,ORD-002631,31/05/2026,CUS-S-00350,Small Business,Germany,Email,Electronics,ELE-016,1,379.1,EUR,10,15.84,False,Paid
OL-0000019,ORD-000010,21/06/2026,CUS-B-00037,Corporate,United Kingdom,Organic,Office,OFF-004,1,14.72,GBP,0,3.57,False,Paid
OL-0000001,ORD-000001,2026-01-03,CUS-C-01030,Consumer,Spain,Paid Search,Electronics,ELE-027,1,679.09,EUR,0,10.49,False,Paid
OL-0002175,ORD-001302,2026-01-25,CUS-S-00498,Small Business,Spain,Social,Home,HOM-025,1,129.19,EUR,0,8.56,False,Paid
OL-0001357,ORD-000815,2026-01-17,CUS-S-00026,Small Business,Germany,Marketplace,Electronics,ELE-032,2,507.99,EUR,15,14.24,False,Paid
OL-0005577,ORD-003340,2026-01-06,CUS-C-00347,Consumer,Spain,Paid Search,Electonic,ELE-019,1,233.65,EUR,15,10.9,False,Paid
OL-0004773,ORD-002852,2026-02-23,CUS-C-01172,Consumer,Germany,Paid Search,Office,OFF-036,1,19.85,EUR,10,4.62,False,Paid
OL-0003160,ORD-001875,27/02/2026,CUS-S-00531,Small Business,Spain,Social,Home,HOM-024,2,81.73,EUR,15,8.7,False,Paid
OL-0000397,ORD-000241,2026-05-22,,Small Business,United States,Marketplace,Electronics,ELE-038,1,541.44,USD,15,13.43,False,Paid
OL-0004508,ORD-002694,2026-05-12,CUS-S-00412,Small Business,Germany,Email,Electronics,ELE-022,1,373.53,EUR,25,12.65,False,Paid
OL-0003342,ORD-001985,2026-01-15,CUS-S-00202,Small Business,Spain,Paid Search,Office,OFF-019,1,14.57,EUR,0,5.93,False,Paid
OL-0001813,ORD-001082,2026-04-01,CUS-S-00146,Small Business,France,Email,Office,OFF-036,2,20.21,EUR,0,3.93,False,Paid
OL-0003897,ORD-002329,2026-06-10,CUS-S-00557,Small Business,Germany,Email,Office,OFF-038,1,59.16,EUR,0,5.87,False,Paid
OL-0004350,ORD-002602,2026-06-11,,Small Business,France,Social,Office,OFF-035,2,34.36,EUR,0,4.26,False,Paid
OL-0000817,ORD-000493,26/02/2026,CUS-B-00068,Corporate,Germany,Paid Search,Electronics,ELE-040,1,319.07,EUR,10,16.22,False,Paid
OL-0001573,ORD-000938,2026-01-18,CUS-C-00670,Consumer,France,Social,Electronics,ELE-037,1,284.79,EUR,0,10.97,False,Paid
OL-0004731,ORD-002824,2026-03-14,CUS-S-00419,Small Business,Spain,Organic,Home,HOM-028,1,323.3,EUR,0,7.59,False,Paid
OL-0001801,ORD-001074,23/05/2026,CUS-C-01256,Consumer,Spain,Organic,Home,HOM-025,1,125.24,EUR,0,9.24,False,Paid
OL-0002281,ORD-001362,2026-06-28,CUS-S-00510,Small Business,Spain,Paid Search,Office,OFF-014,4,29.33,EUR,0,5.0,False,Paid
OL-0005059,ORD-003028,2026-03-04,,Consumer,United Kingdom,Marketplace,Office,OFF-026,4,18.04,GBP,0,4.69,False,Paid
OL-0005822,ORD-003485,27/06/2026,CUS-C-00182,Consumer,United Kingdom,Social,Home,HOM-003,2,139.5,GBP,0,6.61,False,Paid
OL-0003911,ORD-002338,29/06/2026,CUS-S-00476,Small Business,France,Social,Electronics,ELE-033,1,823.51,EUR,0,13.24,False,Paid
OL-0004536,ORD-002709,20/04/2026,CUS-S-00113,Small Business,France,Organic,Office,OFF-013,-2,47.44,EUR,0,5.89,True,Refunded
OL-0005145,ORD-003076,08/02/2026,CUS-C-01305,Consumer,Germany,Marketplace,Home,HOM-005,1,264.8,EUR,20,10.77,False,Paid
OL-0005172,ORD-003092,2026-06-12,CUS-C-01489,Consumer,United Kingdom,Organic,Home,HOM-012,1,110.24,GBP,0,8.77,False,Paid
OL-0004396,ORD-002627,2026-02-05,CUS-S-00369,Small Business,France,Paid Search,Home,HOM-026,2,204.61,EUR,15,7.22,False,Paid
OL-0004156,ORD-002487,23/06/2026,,Small Business,Spain,Paid Search,Home,HOM-001,1,258.35,EUR,5,7.99,False,Paid
OL-0003836,ORD-002291,29/01/2026,CUS-S-00022,Small Business,Spain,Paid Search,Office,OFF-008,1,8.4,EUR,0,5.48,False,Paid
OL-0004732,ORD-002824,2026-03-14,CUS-S-00419,Small Business,Spain,Organic,Office,OFF-008,6,8.33,EUR,0,3.75,False,Paid
OL-0005338,ORD-003189,2026-01-14,CUS-C-00022,Consumer,Spain,Social,Home,HOM-034,2,318.83,EUR,0,8.58,False,Paid
OL-0000555,ORD-000341,21/01/2026,,Consumer,France,Marketplace,Electronics,ELE-022,1,380.03,EUR,15,11.98,False,Paid
OL-0001160,ORD-000692,2026-05-04,CUS-B-00245,Corporate,United States,Social,Electronics,ELE-033,1,941.73,USD,10,10.9,False,Paid
OL-0001214,ORD-000721,2026-03-09,,Consumer,France,Marketplace,Office,OFF-035,3,34.25,EUR,0,4.45,False,Paid
OL-0004033,ORD-002412,21/06/2026,CUS-B-00138,Corporate,United Kingdom,Organic,Electronics,ELE-013,1,286.29,GBP,10,10.56,False,Paid
OL-0001326,ORD-000798,20/03/2026,CUS-S-00460,Small Business,France,Organic,Home,HOM-019,1,66.2,EUR,0,7.27,False,Paid
OL-0003287,ORD-001955,10/06/2026,CUS-S-00127,Small Business,France,Marketplace,Office,OFF-037,1,12.83,EUR,0,5.66,False,Paid
OL-0003350,ORD-001989,2026-05-17,CUS-C-00733,Consumer,Spain,Social,Home,HOM-032,1,249.22,EUR,0,9.26,False,Paid
OL-0000701,ORD-000422,15/03/2026,CUS-S-00443,Small Business,United Kingdom,Email,Electronics,ELE-025,1,374.04,GBP,25,12.8,False,Paid
OL-0002701,ORD-001609,09/05/2026,CUS-S-00464,Small Business,United States,Organic,Office,OFF-009,2,90.05,USD,0,4.85,False,Paid
OL-0004294,ORD-002570,2026-01-24,CUS-B-00191,Corporate,France,Paid Search,Office,OFF-006,1,28.76,EUR,15,5.17,False,Paid
OL-0001848,ORD-001100,2026-06-11,CUS-C-00477,Consumer,United Kingdom,Marketplace,Electronics,ELE-025,1,362.91,GBP,15,9.04,False,Paid
OL-0004407,ORD-002634,25/02/2026,CUS-B-00144,Corporate,France,Social,Electronics,ELE-005,30,571.8,EUR,0,15.53,False,Paid
OL-0005635,ORD-003380,2026-06-09,CUS-C-00173,Consumer,Germany,Paid Search,Electronics,ELE-037,1,273.62,EUR,25,14.0,False,Paid
OL-0001456,ORD-000870,2026-06-13,CUS-C-01389,Consumer,Spain,Organic,Electronics,ELE-017,1,838.84,EUR,5,10.46,False,Paid
OL-0005020,ORD-003003,2026-06-17,CUS-S-00360,Small Business,France,Organic,Home,HOM-031,2,73.69,EUR,0,9.36,False,Paid
OL-0005615,ORD-003367,2026-05-21,CUS-C-01230,Consumer,Spain,Organic,Electronics,ELE-028,1,183.89,EUR,25,14.1,False,Paid
OL-0004128,ORD-002468,2026-01-08,,Consumer,France,Organic,Electronics,ELE-039,3,224.54,EUR,10,10.25,False,Paid
OL-0000867,ORD-000525,2026-05-30,,Consumer,France,Organic,Office,OFF-017,3,9.65,EUR,0,5.53,False,Paid
OL-0004585,ORD-002740,14/05/2026,CUS-C-01328,Consumer,France,Email,Office,OFF-038,1,60.74,EUR,0,4.89,False,Paid
OL-0001645,ORD-000982,2026-01-09,CUS-C-00685,Consumer,Spain,Email,Electronics,ELE-008,1,1156.37,EUR,10,15.22,False,Paid
OL-0002141,ORD-001279,22/03/2026,,Consumer,Germany,Email,Home,HOM-017,1,50.02,EUR,5,9.7,False,Paid
OL-0004464,ORD-002667,2026-01-29,CUS-S-00412,Small Business,Germany,Marketplace,office,OFF-006,3,27.53,EUR,0,5.18,False,Paid
OL-0003989,ORD-002387,2026-05-06,CUS-S-00191,Small Business,France,Organic,Office,OFF-005,-4,53.01,EUR,15,4.76,True,Refunded
OL-0001491,ORD-000892,2026-01-10,CUS-C-00367,Consumer,France,Marketplace,Office,OFF-033,6,33.29,EUR,0,3.72,False,Paid
OL-0005507,ORD-003296,2026-01-01,CUS-C-00761,Consumer,Germany,Organic,Electronics,ELE-026,-1,236.29,EUR,0,14.94,True,Refunded
OL-0000730,ORD-000439,07/04/2026,,Small Business,France,Paid Search,Office,OFF-014,1,29.23,EUR,0,3.84,False,Paid
OL-0004583,ORD-002739,2026-03-15,CUS-S-00175,Small Business,Germany,Marketplace,Office,OFF-029,2,89.99,EUR,0,5.73,False,Paid
OL-0003500,ORD-002085,2026-05-10,CUS-S-00037,Small Business,France,Organic,Home,HOM-011,2,89.01,EUR,15,7.33,False,Paid
OL-0002621,ORD-001563,16/05/2026,CUS-S-00271,Small Business,France,Organic,Office,OFF-028,3,25.47,EUR,0,5.11,False,Paid
OL-0001937,ORD-001150,2026-01-17,CUS-S-00224,Small Business,France,Paid Search,Home,HOM-035,2,198.66,EUR,0,9.34,False,Paid
OL-0005552,ORD-003324,2026-03-18,,Small Business,United Kingdom,Marketplace,Office,OFF-007,1,33.86,GBP,15,3.29,False,Paid
OL-0001111,ORD-000662,15/03/2026,CUS-S-00589,Small Business,Spain,Social,Office,OFF-020,1,47.59,EUR,0,4.38,False,Paid
OL-0004871,ORD-002913,2026-04-17,CUS-C-00045,Consumer,Spain,Organic,Electronics,ELE-003,2,440.03,EUR,0,12.58,False,Paid
OL-0005361,ORD-003203,17/05/2026,CUS-C-01393,Consumer,Spain,Social,Home,HOM-019,1,67.65,EUR,0,9.9,False,Pending
OL-0002395,ORD-001422,2026-01-15,CUS-S-00293,Small Business,France,Social,Electronics,ELE-010,2,1158.56,EUR,15,11.84,False,Paid
OL-0001186,ORD-000707,01/02/2026,CUS-B-00036,Corporate,Spain,Email,Office,OFF-005,1,52.93,EUR,0,4.86,False,Paid
OL-0002008,ORD-001195,2026-04-24,CUS-S-00202,Small Business,United States,Social,Office,OFF-033,3,37.57,USD,0,4.36,False,Paid
OL-0000194,ORD-000119,27/06/2026,CUS-C-01321,Consumer,United States,Email,Office,OFF-031,2,62.1,USD,0,4.58,False,Paid
OL-0001516,ORD-000907,2026-05-06,CUS-B-00020,Corporate,Germany,Social,Electronics,ELE-040,1,312.86,EUR,5,11.08,False,Paid
OL-0000579,ORD-000353,2026-06-12,CUS-S-00441,Small Business,United Kingdom,Paid Search,Home,HOM-033,1,58.21,GBP,0,6.47,False,Paid
OL-0002124,ORD-001268,2026-01-14,CUS-C-00232,Consumer,Germany,Organic,Electronics,ELE-032,1,518.77,EUR,15,15.77,False,Paid
OL-0001430,ORD-000856,2026-03-03,CUS-C-00635,Consumer,France,Organic,Office,OFF-009,5,79.46,EUR,0,4.78,False,Paid
OL-0000772,ORD-000462,2026-02-11,CUS-C-00809,Consumer,France,Organic,Office,OFF-005,-1,53.97,EUR,0,5.89,True,Refunded
OL-0005206,ORD-003110,2026-03-05,CUS-C-00555,Consumer,Germany,Organic,Electronics,ELE-037,1,279.71,EUR,0,12.58,False,Paid
OL-0002396,ORD-001423,2026-01-08,CUS-C-00284,Consumer,Spain,Social,Electronics,ELE-003,1,423.14,EUR,10,13.38,False,Paid
OL-0003149,ORD-001872,2026-05-19,CUS-S-00412,Small Business,Germany,Social,Electronics,ELE-033,1,837.09,EUR,0,15.88,False,Paid
OL-0001847,ORD-001099,2026-02-13,CUS-C-00673,Consumer,Spain,Organic,Electronics,ELE-018,1,1083.37,EUR,15,10.91,False,Paid
OL-0000132,ORD-000080,2026-05-07,CUS-C-01469,Consumer,United Kingdom,Email,Office,OFF-003,3,9.08,GBP,0,3.12,False,Paid
OL-0000179,ORD-000110,2026-04-23,CUS-S-00213,Small Business,United States,Email,Office,OFF-038,2,63.67,USD,0,5.72,False,Paid
OL-0005356,ORD-003201,2026-06-17,,Corporate,United States,Social,Electronics,ELE-034,1,467.02,USD,20,11.38,False,Paid
OL-0003810,ORD-002275,10/04/2026,CUS-C-01290,Consumer,France,Organic,Electronics,ELE-025,1,428.86,EUR,15,15.51,False,Paid
OL-0003568,ORD-002132,2026-03-21,CUS-S-00518,Small Business,United Kingdom,Email,Electronics,ELE-007,-1,426.11,GBP,15,8.86,True,Refunded
OL-0002581,ORD-001538,15/06/2026,CUS-B-00172,Corporate,Spain,Email,Electronics,ELE-040,1,338.37,EUR,15,11.94,False,Paid
OL-0003626,ORD-002165,2026-03-11,CUS-C-00579,Consumer,United Kingdom,Email,Electronics,ELE-008,2,984.98,GBP,15,12.53,False,Paid
OL-0004280,ORD-002561,2026-03-19,CUS-B-00170,Corporate,Germany,Paid Search,Home,HOM-030,1,127.72,EUR,0,10.22,False,Paid
OL-0002653,ORD-001580,2026-05-15,CUS-S-00585,Small Business,Germany,Social,Home,HOM-016,1,280.45,EUR,0,9.76,False,Paid
OL-0004220,ORD-002525,22/02/2026,CUS-C-00129,Consumer,United Kingdom,Email,Electronics,ELE-020,1,380.57,GBP,15,14.21,False,Paid
OL-0002074,ORD-001239,04/01/2026,CUS-C-00008,Consumer,France,Email,Home,HOM-027,2,109.62,EUR,15,7.99,False,Paid
OL-0000659,ORD-000401,2026-05-07,CUS-C-00261,Consumer,United States,Social,Office,OFF-024,2,19.42,USD,0,5.56,False,Paid
OL-0001897,ORD-001128,13/01/2026,,Corporate,Germany,Marketplace,Electronics,ELE-023,1,514.52,EUR,0,15.92,False,Paid
OL-0004412,ORD-002639,2026-04-13,CUS-B-00093,Corporate,France,Organic,Electronics,ELE-015,1,186.21,EUR,0,16.74,False,Paid
OL-0004064,ORD-002431,2026-02-05,,Consumer,United Kingdom,Marketplace,Home,HOM-007,1,114.74,GBP,0,8.6,False,Paid
OL-0002222,ORD-001328,19/05/2026,CUS-C-01401,Consumer,United States,Organic,Office,OFF-035,5,37.81,USD,0,5.41,False,Paid
OL-0005679,ORD-003402,2026-06-03,CUS-C-00345,Consumer,France,Email,Electronics,ELE-017,1,840.71,EUR,10,11.64,False,Paid
OL-0002380,ORD-001414,2026-04-19,CUS-C-00966,Consumer,United Kingdom,Social,Home,HOM-037,1,112.33,GBP,20,7.16,False,Paid
OL-0001448,ORD-000866,21/02/2026,CUS-S-00341,Small Business,France,Email,Office,OFF-040,2,56.56,EUR,0,5.9,False,Paid
OL-0000343,ORD-000210,2026-03-19,CUS-C-00609,Consumer,Germany,Organic,Electronics,ELE-033,1,861.73,EUR,10,11.36,False,Paid
OL-0003605,ORD-002150,2026-01-06,CUS-B-00135,Corporate,Spain,Marketplace,Office,OFF-009,3,81.72,EUR,0,5.43,False,Paid
OL-0002528,ORD-001503,2026-02-23,,Consumer,United Kingdom,Paid Search,Office,OFF-023,1,48.51,GBP,0,4.37,False,Paid
OL-0000728,ORD-000438,2026-06-17,CUS-C-00197,Consumer,United States,Marketplace,Office,OFF-004,1,18.93,USD,0,4.75,False,Paid
OL-0004723,ORD-002820,14/05/2026,CUS-C-00213,Consumer,France,Marketplace,Home,HOM-028,2,329.43,EUR,10,6.46,False,Paid
OL-0000977,ORD-000591,22/06/2026,CUS-C-00240,Consumer,Spain,Paid Search,Home,HOM-002,2,198.98,EUR,15,7.55,False,Paid
OL-0003615,ORD-002156,13/06/2026,CUS-S-00290,Small Business,United Kingdom,Social,Home,HOM-008,2,61.84,GBP,0,7.63,False,Paid
OL-0004162,ORD-002491,2026-06-18,CUS-C-00591,Consumer,United Kingdom,Organic,Electronics,ELE-008,1,939.7,GBP,15,8.78,False,Paid
OL-0001929,ORD-001144,2026-04-20,CUS-B-00058,Corporate,France,Organic,Office,OFF-004,5,17.05,EUR,0,3.65,False,Paid
OL-0003695,ORD-002206,17/01/2026,CUS-C-00190,Consumer,France,Social,Home,HOM-022,1,68.8,EUR,0,8.47,False,Paid
OL-0005761,ORD-003452,2026-03-02,CUS-C-00941,Consumer,Spain,Paid Search,Electronics,ELE-005,1,537.49,EUR,0,16.21,False,Paid
OL-0001300,ORD-000781,02/06/2026,CUS-B-00060,Corporate,Germany,Email,Electronics,ELE-009,-1,219.06,EUR,10,13.67,True,Refunded
OL-0004174,ORD-002496,2026-03-01,CUS-S-00365,Small Business,Spain,Social,Office,OFF-018,3,11.83,EUR,10,4.02,False,Paid
OL-0005509,ORD-003297,2026-05-12,CUS-S-00356,Small Business,Spain,Paid Search,Electronics,ELE-018,1,1127.23,EUR,15,15.84,False,Paid
OL-0000661,ORD-000402,2026-04-13,CUS-S-00410,Small Business,United Kingdom,Paid Search,Electronics,ELE-032,1,453.22,GBP,20,13.86,False,Paid
OL-0001791,ORD-001068,2026-06-01,CUS-S-00429,Small Business,Spain,Email,Home,HOM-033,1,69.48,EUR,20,8.63,False,Paid
OL-0003391,ORD-002015,11/04/2026,CUS-C-00527,Consumer,France,Organic,Electronics,ELE-007,2,501.41,EUR,15,14.56,False,Paid
OL-0002908,ORD-001730,2026-04-15,CUS-C-00540,Consumer,Germany,Organic,Electronics,ELE-013,3,338.62,EUR,15,13.34,False,Paid
OL-0000494,ORD-000301,2026-05-21,,Consumer,United States,Marketplace,Home,HOM-004,1,61.59,USD,10,10.55,False,Paid
OL-0003113,ORD-001855,2026-04-15,CUS-S-00159,Small Business,Germany,Organic,Home,HOM-037,1,133.89,EUR,15,10.2,False,Paid
OL-0004903,ORD-002932,2026-01-27,,Consumer,France,Marketplace,Electronics,ELE-020,1,463.76,EUR,20,13.69,False,Paid
OL-0004990,ORD-002984,11/03/2026,CUS-C-01383,Consumer,United Kingdom,Organic,Office,OFF-030,-1,55.44,GBP,0,3.74,True,Refunded
OL-0003827,ORD-002285,2026-06-01,CUS-C-01240,Consumer,United Kingdom,Organic,Home,HOM-025,1,113.8,GBP,0,6.41,False,Paid
OL-0005523,ORD-003305,2026-05-23,CUS-S-00508,Small Business,Germany,Organic,Office,OFF-040,6,55.77,EUR,0,3.99,False,Paid
OL-0001086,ORD-000647,12/02/2026,CUS-S-00189,Small Business,Germany,Email,Electronics,ELE-030,1,1124.51,EUR,0,13.46,False,Paid
OL-0005663,ORD-003393,2026-01-25,CUS-C-01326,Consumer,Spain,Paid Search,Office,OFF-009,1,72.18,EUR,0,4.78,False,Paid
OL-0000695,ORD-000419,2026-06-16,CUS-C-00123,Consumer,Germany,Organic,Home,HOM-028,2,331.23,EUR,0,7.48,False,Paid
OL-0001279,ORD-000770,24/06/2026,CUS-C-01338,Consumer,France,Email,Electronics,ELE-021,1,481.69,EUR,15,15.02,False,Paid
OL-0004230,ORD-002529,02/04/2026,,Small Business,France,Marketplace,Office,OFF-034,3,74.85,EUR,0,4.14,False,Paid
OL-0001622,ORD-000967,2026-03-28,CUS-C-01282,Consumer,Spain,Organic,Home,HOM-018,1,49.27,EUR,0,10.24,False,Paid
OL-0002562,ORD-001524,05/01/2026,CUS-C-01081,Consumer,Germany,Organic,Home,HOM-015,2,138.74,EUR,15,10.6,False,Paid
OL-0005185,ORD-003100,16/03/2026,CUS-B-00056,Corporate,France,Marketplace,Home,HOM-035,1,195.25,EUR,15,8.37,False,Paid
OL-0004009,ORD-002400,2026-03-23,CUS-C-00331,Consumer,France,Organic,Office,OFF-014,2,28.8,EUR,0,6.03,False,Paid
OL-0000068,ORD-000040,2026-03-29,CUS-B-00101,Corporate,Germany,Social,Office,OFF-009,1,81.38,EUR,0,3.61,False,Paid
OL-0004083,ORD-002441,2026-03-05,CUS-C-00849,Consumer,United Kingdom,Email,Electronics,ELE-025,1,355.89,GBP,10,13.77,False,Paid
OL-0004838,ORD-002897,08/01/2026,,Consumer,Spain,Email,Home,HOM-031,1,75.78,EUR,20,8.62,False,Paid
OL-0002270,ORD-001355,06/06/2026,,Small Business,United Kingdom,Marketplace,Home,HOM-012,-1,110.13,GBP,0,6.06,True,Refunded
OL-0005780,ORD-003462,2026-01-31,CUS-C-01119,Consumer,Spain,Marketplace,Home,HOM-004,2,54.64,EUR,0,10.42,False,Paid
OL-0004726,ORD-002822,2026-01-18,CUS-C-00164,Consumer,United Kingdom,Social,Office,OFF-009,3,64.84,GBP,0,3.69,False,Paid
OL-0000821,ORD-000495,28/01/2026,CUS-C-00535,Consumer,France,Paid Search,Electronics,ELE-011,1,1224.36,EUR,0,10.44,False,Paid
OL-0001227,ORD-000731,2026-06-21,CUS-C-00199,Consumer,Spain,Organic,Electronics,ELE-033,1,808.89,EUR,20,16.41,False,Paid
OL-0001678,ORD-001002,2026-04-22,CUS-C-00329,Consumer,France,Organic,Electronics,ELE-028,1,188.09,EUR,15,16.39,False,Paid
OL-0005012,ORD-002999,2026-05-12,CUS-S-00362,Small Business,United States,Organic,Electronics,ELE-025,1,460.93,USD,15,17.27,False,Paid
OL-0002868,ORD-001706,2026-03-29,,Small Business,Spain,Email,Electronics,ELE-034,2,448.05,EUR,20,16.37,False,Paid
OL-0004377,ORD-002619,07/06/2026,CUS-S-00450,Small Business,Germany,Paid Search,Electronics,ELE-034,2,420.69,EUR,20,15.42,False,Paid
OL-0002368,ORD-001411,2026-06-28,CUS-C-00403,Consumer,France,Organic,Office,OFF-023,1,55.47,EUR,5,5.69,False,Paid
OL-0004026,ORD-002409,2026-03-02,CUS-C-00043,Consumer,France,Organic,Office,OFF-016,5,9.18,EUR,0,4.23,False,Paid
OL-0003922,ORD-002346,2026-01-12,CUS-C-01338,Consumer,Germany,Organic,Office,OFF-009,-5,78.54,EUR,0,4.79,True,Refunded
OL-0002513,ORD-001496,16/01/2026,CUS-C-00111,Consumer,France,Marketplace,Office,OFF-014,3,27.87,EUR,0,5.71,False,Paid
OL-0002724,ORD-001623,03/04/2026,CUS-C-00851,Consumer,Germany,Marketplace,Home,HOM-004,-4,57.85,EUR,0,7.51,True,Refunded
OL-0005344,ORD-003194,2026-03-08,CUS-B-00201,Corporate,Germany,Organic,Home,HOM-018,3,46.84,EUR,0,7.37,False,Paid
OL-0005452,ORD-003261,2026-04-02,,Consumer,Spain,Social,Office,OFF-026,4,22.02,EUR,0,5.73,False,Paid
OL-0004435,ORD-002650,2026-01-05,,Small Business,France,Paid Search,Office,OFF-033,1,34.17,EUR,0,4.51,False,Paid
OL-0001144,ORD-000681,2026-06-30,CUS-C-00515,Consumer,France,Paid Search,Office,OFF-039,8,20.55,EUR,0,6.0,False,Paid
OL-0000398,ORD-000241,2026-05-22,,Small Business,United States,Marketplace,Electronics,ELE-026,1,261.08,USD,5,16.13,False,Paid
OL-0000787,ORD-000470,2026-03-25,,Small Business,Spain,Marketplace,Office,OFF-008,-1,8.24,EUR,0,3.82,True,Refunded
OL-0005140,ORD-003075,2026-02-22,CUS-S-00337,Small Business,Germany,Organic,Electronics,ELE-035,1,457.25,EUR,10,14.46,False,Paid
OL-0003908,ORD-002337,2026-06-14,,Consumer,Spain,Organic,Office,OFF-001,2,56.4,EUR,0,4.56,False,Paid
OL-0001399,ORD-000838,2026-06-25,,Consumer,France,Email,Office,OFF-003,1,11.2,EUR,0,6.01,False,Paid
OL-0001660,ORD-000992,09/05/2026,CUS-S-00439,Small Business,France,Social,Home,HOM-024,1,81.0,EUR,5,9.51,False,Paid
OL-0005736,ORD-003436,16/04/2026,CUS-S-00358,Small Business,United Kingdom,Paid Search,Home,HOM-020,1,48.83,GBP,0,5.78,False,Paid
OL-0002221,ORD-001328,19/05/2026,CUS-C-01401,Consumer,United States,Organic,Office,OFF-016,2,10.31,USD,15,5.54,False,Paid
OL-0000980,ORD-000592,2026-01-02,CUS-C-01022,Consumer,Spain,Organic,Home,HOM-023,1,45.9,EUR,10,6.4,False,Paid
OL-0002332,ORD-001391,20/03/2026,CUS-C-00183,Consumer,France,Organic,Office,OFF-023,5,55.67,EUR,0,4.58,False,Paid
OL-0001299,ORD-000780,07/01/2026,CUS-C-00011,Consumer,Germany,Email,Office,OFF-004,1,16.77,EUR,0,3.8,False,Paid
OL-0005420,ORD-003242,13/04/2026,CUS-C-01137,Consumer,France,Organic,Home,HOM-038,2,93.05,EUR,0,10.02,False,Paid
OL-0000083,ORD-000048,07/05/2026,CUS-C-00206,Consumer,France,Email,HOME,HOM-028,4,330.07,EUR,0,7.51,False,Paid
OL-0003101,ORD-001848,2026-01-01,CUS-B-00212,Corporate,France,Paid Search,Home,HOM-001,1,268.38,EUR,0,9.67,False,Paid
OL-0003482,ORD-002073,2026-02-22,CUS-C-00946,Consumer,Spain,Organic,Electronics,ELE-021,1,468.63,EUR,0,15.68,False,Paid
OL-0004794,ORD-002867,03/05/2026,CUS-B-00221,Corporate,United Kingdom,Social,Office,OFF-037,5,10.95,GBP,0,3.58,False,Paid
OL-0004530,ORD-002705,2026-04-05,CUS-S-00560,Small Business,United Kingdom,Email,Office,OFF-027,1,45.75,GBP,0,4.4,False,Paid
OL-0005634,ORD-003379,19/03/2026,CUS-C-00570,Consumer,Germany,Email,Office,OFF-013,5,49.0,EUR,0,3.9,False,Paid
OL-0005515,ORD-003301,2026-05-04,CUS-S-00044,Small Business,Germany,Organic,Home ,HOM-027,1,111.14,EUR,10,7.95,False,Paid
OL-0002904,ORD-001728,2026-01-02,CUS-C-00606,Consumer,United Kingdom,Paid Search,Home,HOM-029,1,57.15,GBP,0,6.99,False,Paid
OL-0000424,ORD-000257,17/05/2026,,Consumer,United Kingdom,Social,Home,HOM-009,1,109.31,GBP,0,8.69,False,Pending
OL-0005190,ORD-003102,28/04/2026,CUS-S-00017,Small Business,United States,Email,Home,HOM-036,1,157.73,USD,15,9.13,False,Paid
OL-0001905,ORD-001131,2026-06-04,CUS-S-00541,Small Business,France,Organic,Home,HOM-013,1,109.85,EUR,25,10.12,False,Paid
OL-0005440,ORD-003252,2026-01-01,CUS-S-00303,Small Business,Spain,Organic,Office,OFF-028,1,25.83,EUR,0,3.83,False,Paid
OL-0001531,ORD-000914,2026-01-23,CUS-C-01172,Consumer,United Kingdom,Paid Search,Home,HOM-009,1,114.07,GBP,0,9.01,False,Paid
OL-0004252,ORD-002542,2026-02-19,CUS-S-00328,Small Business,France,Social,Electronics,ELE-039,1,230.83,EUR,20,12.06,False,Paid
OL-0001566,ORD-000934,05/03/2026,CUS-C-01036,Consumer,Germany,Paid Search,Home,HOM-023,2,47.46,EUR,0,9.97,False,Paid
OL-0004437,ORD-002651,14/04/2026,,Corporate,United States,Email,Electronics,ELE-013,1,383.42,USD,15,11.89,False,Paid
OL-0002750,ORD-001639,2026-03-07,,Consumer,Spain,Paid Search,Office,OFF-017,-4,10.07,EUR,15,3.88,True,Refunded
OL-0000840,ORD-000507,12/02/2026,CUS-C-01310,Consumer,France,Social,Home,HOM-037,1,139.27,EUR,10,9.26,False,Paid
OL-0000501,ORD-000306,2026-05-24,CUS-S-00004,Small Business,Germany,Email,Electronics,ELE-009,2,216.94,EUR,20,14.62,False,Paid
OL-0004031,ORD-002411,2026-03-30,CUS-C-00133,Consumer,France,Organic,Office,OFF-012,1,81.69,EUR,0,4.74,False,Paid
OL-0000142,ORD-000087,2026-01-25,CUS-S-00229,Small Business,Germany,Organic,Home,HOM-006,1,83.9,EUR,0,8.28,False,Paid
OL-0004950,ORD-002960,2026-01-03,CUS-S-00565,Small Business,France,Paid Search,Electronics,ELE-012,1,531.85,EUR,20,13.66,False,Paid
OL-0002606,ORD-001557,2026-02-13,CUS-S-00175,Small Business,Germany,Paid Search,Home,HOM-031,-1,78.58,EUR,0,8.71,True,Refunded
OL-0003506,ORD-002089,2026-06-10,CUS-B-00182,Corporate,Germany,Email,Home,HOM-027,1,110.79,EUR,20,8.79,False,Paid
OL-0001378,ORD-000827,05/04/2026,,Consumer,France,Email,Office,OFF-007,4,40.36,EUR,0,5.93,False,Paid
OL-0004662,ORD-002786,23/04/2026,CUS-C-00207,Consumer,France,Organic,Electronics,ELE-005,2,541.05,EUR,10,15.43,False,Paid
OL-0000440,ORD-000269,09/05/2026,CUS-C-00861,Consumer,Germany,Email,Electronics,ELE-036,1,1146.6,EUR,10,11.29,False,Paid
OL-0002267,ORD-001352,2026-01-27,CUS-B-00180,Corporate,France,Email,Electronics,ELE-032,1,537.71,EUR,25,12.34,False,Paid
OL-0005341,ORD-003192,2026-06-18,CUS-C-00130,Consumer,United Kingdom,Paid Search,Home,HOM-020,2,47.08,GBP,15,9.15,False,Paid
OL-0001139,ORD-000677,2026-05-07,,Consumer,United Kingdom,Email,Electronics,ELE-002,1,356.08,GBP,15,12.51,False,Paid
OL-0002258,ORD-001346,2026-03-07,CUS-B-00090,Corporate,Germany,Email,Office,OFF-007,2,40.51,EUR,0,5.72,False,Paid
OL-0005446,ORD-003256,2026-06-22,CUS-C-00098,Consumer,Germany,Paid Search,Home,HOM-007,1,134.29,EUR,15,7.81,False,Paid
OL-0001788,ORD-001066,2026-03-23,CUS-C-00920,Consumer,Spain,Organic,Office,OFF-039,3,20.15,EUR,0,4.78,False,Paid
OL-0003635,ORD-002170,30/04/2026,CUS-B-00112,Corporate,France,Organic,Home,HOM-022,1,70.74,EUR,15,9.07,False,Paid
OL-0000551,ORD-000339,24/03/2026,CUS-C-00339,Consumer,Spain,Organic,Home,HOM-029,1,68.67,EUR,15,7.58,False,Paid
OL-0000460,ORD-000283,2026-03-15,CUS-C-00078,Consumer,Spain,Marketplace,Electronics,ELE-021,2,458.91,EUR,5,16.06,False,Paid
OL-0002020,ORD-001202,2026-01-12,CUS-C-00943,Consumer,Germany,Marketplace,Office,OFF-026,2,21.81,EUR,0,4.08,False,Paid
OL-0000949,ORD-000574,2026-06-16,CUS-C-00452,Consumer,United Kingdom,Organic,Electronics,ELE-002,1,333.5,GBP,10,9.09,False,Paid
OL-0003219,ORD-001916,2026-03-14,CUS-S-00220,Small Business,France,Organic,Home,HOM-010,1,135.47,EUR,0,6.84,False,Paid
OL-0005181,ORD-003096,2026-01-11,CUS-B-00067,Corporate,Spain,Marketplace,Office,OFF-037,1,12.98,EUR,0,3.94,False,Paid
OL-0000533,ORD-000328,2026-02-10,CUS-S-00477,Small Business,France,Email,Office,OFF-008,5,8.31,EUR,0,6.01,False,Paid
OL-0003843,ORD-002293,2026-03-23,CUS-C-00319,Consumer,Spain,Marketplace,Home,HOM-012,1,129.91,EUR,0,6.59,False,Paid
OL-0001830,ORD-001088,2026-05-28,,Corporate,Germany,Social,Electronics,ELE-015,1,187.31,EUR,0,12.47,False,Paid
OL-0005407,ORD-003234,11/01/2026,CUS-C-00589,Consumer,Germany,Social,Electronics,ELE-035,1,458.25,EUR,15,15.95,False,Paid
OL-0005293,ORD-003164,2026-05-02,CUS-C-00910,Consumer,Germany,Social,Electronics,ELE-029,1,1072.15,EUR,20,15.72,False,Paid
OL-0004775,ORD-002853,2026-01-21,CUS-C-01113,Consumer,France,Social,Electronics,ELE-021,1,474.63,EUR,15,15.3,False,Paid
OL-0003915,ORD-002341,2026-04-07,CUS-C-01082,Consumer,Spain,Social,Home,HOM-018,2,46.51,EUR,5,8.36,False,Paid
OL-0001603,ORD-000956,2026-04-13,CUS-C-00620,Consumer,Germany,Social,Home,HOM-030,2,132.72,EUR,10,9.41,False,Paid
OL-0002239,ORD-001336,2026-03-01,CUS-S-00162,Small Business,France,Organic,Office,OFF-001,3,56.75,EUR,0,6.05,False,Paid
OL-0000640,ORD-000388,2026-06-26,CUS-S-00148,Small Business,France,Marketplace,Electronics,ELE-009,2,220.83,EUR,15,12.32,False,Paid
OL-0005793,ORD-003470,2026-05-16,CUS-C-01298,Consumer,Germany,Paid Search,Electronics,ELE-004,1,1033.57,EUR,10,15.11,False,Paid
OL-0000968,ORD-000585,09/04/2026,CUS-C-01105,Consumer,Germany,Email,Office,OFF-020,6,46.79,EUR,0,4.63,False,Paid
OL-0005067,ORD-003033,2026-04-01,,Consumer,France,Organic,Office,OFF-031,3,57.82,EUR,0,5.53,False,Paid
OL-0003712,ORD-002215,2026-02-07,CUS-S-00011,Small Business,United Kingdom,Organic,Home,HOM-008,4,64.43,GBP,15,8.51,False,Paid
OL-0001684,ORD-001007,2026-05-25,CUS-B-00173,Corporate,United States,Marketplace,Electronics,ELE-024,1,1145.55,USD,0,14.09,False,Paid
OL-0002249,ORD-001342,2026-05-28,CUS-C-00795,Consumer,Germany,Paid Search,Home,HOM-009,2,131.77,EUR,0,8.78,False,Paid
OL-0004127,ORD-002467,2026-04-01,,Consumer,Germany,Marketplace,Electronics,ELE-016,1,382.9,EUR,0,12.47,False,Paid
OL-0005360,ORD-003202,2026-05-26,CUS-C-01362,Consumer,United Kingdom,Organic,Electronics,ELE-033,2,756.16,GBP,5,10.0,False,Paid
OL-0003320,ORD-001972,2026-03-17,CUS-S-00197,Small Business,Spain,Paid Search,Office,OFF-040,1,57.42,EUR,0,5.26,False,Paid
OL-0000156,ORD-000099,2026-06-02,CUS-S-00539,Small Business,United Kingdom,Paid Search,Electronics,ELE-003,1,382.71,GBP,15,14.02,False,Paid
OL-0002296,ORD-001374,08/02/2026,CUS-C-00413,Consumer,France,Organic,Home,HOM-022,-2,66.5,EUR,0,8.26,True,Refunded
OL-0003524,ORD-002101,2026-02-08,CUS-S-00103,Small Business,Spain,Social,Electronics,ELE-026,1,238.7,EUR,15,16.69,False,Paid
OL-0004020,ORD-002405,2026-04-14,CUS-B-00228,Corporate,United States,Organic,Electronics,ELE-008,3,1281.58,USD,25,14.68,False,Paid
OL-0001090,ORD-000650,2026-04-25,CUS-S-00502,Small Business,France,Paid Search,Office,OFF-016,5,9.0,EUR,0,4.62,False,Paid
OL-0005820,ORD-003484,20/02/2026,CUS-S-00236,Small Business,Spain,Paid Search,Office,OFF-031,4,56.35,EUR,0,4.2,False,Paid
OL-0002320,ORD-001385,2026-06-20,CUS-S-00485,Small Business,Germany,Social,Electronics,ELE-017,2,792.96,EUR,0,11.81,False,Paid
OL-0002941,ORD-001748,2026-06-20,CUS-C-01257,Consumer,Germany,Social,Home,HOM-015,2,143.43,EUR,0,10.62,False,Paid
OL-0005072,ORD-003035,18/04/2026,,Consumer,United States,Email,Office,OFF-025,5,10.93,USD,10,5.28,False,Pending
OL-0000289,ORD-000178,2026-02-13,CUS-S-00340,Small Business,Spain,Organic,Office,OFF-020,1,45.39,EUR,0,5.26,False,Paid
OL-0000931,ORD-000563,21/04/2026,CUS-C-00927,Consumer,Germany,Paid Search,Office,OFF-032,1,54.87,EUR,0,4.98,False,Paid
OL-0002910,ORD-001731,04/03/2026,CUS-C-01451,Consumer,Germany,Organic,Electronics,ELE-027,1,663.54,EUR,25,16.41,False,Paid
OL-0003586,ORD-002141,2026-06-14,CUS-C-01203,Consumer,Spain,Social,Office,OFF-017,1,9.83,EUR,15,5.64,False,Paid
OL-0004657,ORD-002782,11/02/2026,CUS-C-01486,Consumer,United Kingdom,Organic,Electronics,ELE-035,1,392.09,GBP,10,10.38,False,Paid
OL-0002885,ORD-001715,08/01/2026,CUS-S-00514,Small Business,France,Paid Search,Home,HOM-032,1,235.75,EUR,15,7.48,False,Pending
OL-0003378,ORD-002005,2026-02-15,CUS-C-01212,Consumer,Germany,Organic,Office,OFF-012,2,83.48,EUR,0,4.53,False,Paid
OL-0003221,ORD-001917,2026-02-12,CUS-S-00537,Small Business,Germany,Organic,Office,OFF-023,1,55.91,EUR,0,3.93,False,Paid
OL-0005445,ORD-003256,2026-06-22,CUS-C-00098,Consumer,Germany,Paid Search,Home ,HOM-031,3,74.9,EUR,15,8.08,False,Paid
OL-0003001,ORD-001784,13/03/2026,CUS-C-00678,Consumer,Germany,Organic,Office,OFF-014,1,29.37,EUR,0,5.05,False,Paid
OL-0004451,ORD-002658,13/01/2026,CUS-S-00046,Small Business,Spain,Email,Electronics,ELE-002,2,375.41,EUR,20,16.84,False,Paid
OL-0004698,ORD-002803,2026-04-04,CUS-S-00479,Small Business,Germany,Paid Search,Home,HOM-026,1,203.03,EUR,0,8.21,False,Paid
OL-0002128,ORD-001271,2026-06-29,CUS-B-00156,Corporate,Germany,Social,Electronics,ELE-024,1,1107.11,EUR,15,15.9,False,Paid
OL-0000943,ORD-000570,2026-05-21,CUS-C-01394,Consumer,United Kingdom,Email,Home,HOM-012,1,108.15,GBP,0,6.7,False,Paid
OL-0002355,ORD-001404,2026-06-23,CUS-S-00062,Small Business,United States,Marketplace,Electronics,ELE-009,1,240.21,USD,15,17.52,False,Paid
OL-0004765,ORD-002846,2026-06-13,,Consumer,United States,Marketplace,Electronics,ELE-018,1,1216.52,USD,10,12.0,False,Paid
OL-0005789,ORD-003467,2026-03-30,CUS-B-00045,Corporate,France,Social,Office,OFF-017,1,9.9,EUR,0,3.76,False,Paid
OL-0005594,ORD-003352,2026-02-25,CUS-S-00095,Small Business,Spain,Marketplace,Office,OFF-025,3,10.05,EUR,0,5.62,False,Paid
OL-0001699,ORD-001014,2026-05-24,CUS-C-00430,Consumer,United Kingdom,Paid Search,Electronics,ELE-038,1,402.76,GBP,5,13.62,False,Paid
OL-0005647,ORD-003384,2026-06-16,CUS-S-00075,Small Business,Spain,Social,Electronics,ELE-013,2,349.59,EUR,10,10.39,False,Paid
OL-0005200,ORD-003106,2026-05-10,CUS-C-00975,Consumer,Spain,Paid Search,Electronics,ELE-039,1,214.78,EUR,15,12.26,False,Pending
OL-0003546,ORD-002114,2026-03-04,,Consumer,Germany,Marketplace,Home,HOM-031,3,76.05,EUR,25,7.09,False,Paid
OL-0003978,ORD-002381,2026-04-22,CUS-C-01354,Consumer,United Kingdom,Paid Search,Home,HOM-033,2,56.73,GBP,0,5.94,False,Paid
OL-0005015,ORD-003000,2026-02-18,CUS-C-01491,Consumer,United Kingdom,Email,Office,OFF-011,3,15.62,GBP,0,4.17,False,Paid
OL-0000986,ORD-000597,2026-04-18,CUS-B-00045,Corporate,Spain,Paid Search,Office,OFF-040,1,57.15,EUR,0,5.62,False,Paid
OL-0005279,ORD-003158,2026-03-19,CUS-C-01475,Consumer,Germany,Organic,Electronics,ELE-022,1,388.65,EUR,20,16.19,False,Paid
OL-0003108,ORD-001852,2026-02-23,CUS-S-00071,Small Business,Spain,Paid Search,Electronics,ELE-014,-2,181.03,EUR,15,10.81,True,Refunded
OL-0003166,ORD-001880,2026-04-10,,Consumer,United States,Paid Search,Electronics,ELE-040,1,341.73,USD,15,11.15,False,Paid
OL-0005727,ORD-003431,2026-04-06,CUS-C-01473,Consumer,Germany,Social,Home,HOM-027,1,114.56,EUR,0,6.79,False,Paid
OL-0000982,ORD-000594,11/01/2026,CUS-B-00076,Corporate,Germany,Paid Search,Electronics,ELE-004,1,1016.51,EUR,15,13.74,False,Paid
OL-0003529,ORD-002104,08/06/2026,CUS-C-01319,Consumer,Spain,Paid Search,Home,HOM-040,3,301.47,EUR,0,9.55,False,Paid
OL-0003263,ORD-001946,2026-05-21,CUS-C-01105,Consumer,Germany,Paid Search,Home,HOM-016,2,266.63,EUR,0,7.36,False,Paid
OL-0005459,ORD-003267,2026-02-09,CUS-C-01363,Consumer,United Kingdom,Email,Electronics,ELE-008,1,989.84,GBP,0,9.24,False,Paid
OL-0003443,ORD-002051,2026-03-15,CUS-B-00090,Corporate,Germany,Email,Home,HOM-013,-1,106.99,EUR,0,7.43,True,Refunded
OL-0004297,ORD-002571,2026-03-07,CUS-C-00167,Consumer,France,Organic,Electronics,ELE-005,1,512.74,EUR,10,15.66,False,Paid
OL-0003498,ORD-002083,2026-05-11,CUS-S-00073,Small Business,France,Paid Search,Electronics,ELE-010,1,1161.15,EUR,15,14.73,False,Paid
OL-0001474,ORD-000880,2026-01-19,CUS-S-00295,Small Business,France,Paid Search,Electronics,ELE-005,1,535.91,EUR,15,11.56,False,Paid
OL-0004551,ORD-002718,2026-05-27,CUS-C-00445,Consumer,France,Organic,Home,HOM-040,2,292.42,EUR,0,7.03,False,Paid
OL-0004458,ORD-002662,2026-04-23,,Consumer,Germany,Social,Home,HOM-028,4,335.08,EUR,0,10.62,False,Paid
OL-0004883,ORD-002921,25/04/2026,CUS-C-00178,Consumer,United States,Email,Home,HOM-021,1,144.89,USD,0,11.71,False,Paid
OL-0001458,ORD-000871,2026-04-08,CUS-C-00852,Consumer,United States,Email,Home,HOM-013,2,118.78,USD,0,11.47,False,Paid
OL-0001396,ORD-000837,2026-02-06,CUS-B-00111,Corporate,Spain,Paid Search,Office,OFF-038,5,58.02,EUR,0,5.18,False,Paid
OL-0000265,ORD-000165,2026-02-20,CUS-C-01278,Consumer,Germany,Marketplace,Home,HOM-007,-1,138.95,EUR,0,8.4,True,Refunded
OL-0002749,ORD-001638,2026-04-12,CUS-C-00077,Consumer,Spain,Paid Search,Home,HOM-022,1,67.79,EUR,15,7.55,False,Paid
OL-0003394,ORD-002018,24/03/2026,CUS-C-01125,Consumer,Spain,Social,Office,OFF-039,1,19.65,EUR,0,5.56,False,Pending
OL-0002693,ORD-001604,2026-05-29,CUS-C-00248,Consumer,Germany,Email,Home,HOM-013,2,103.24,EUR,20,7.02,False,Paid
OL-0000930,ORD-000563,21/04/2026,CUS-C-00927,Consumer,Germany,Paid Search,Home,HOM-023,1,46.84,EUR,0,8.99,False,Paid
OL-0004221,ORD-002525,22/02/2026,CUS-C-00129,Consumer,United Kingdom,Email,Home,HOM-004,1,48.98,GBP,20,8.25,False,Paid
OL-0005704,ORD-003419,2026-05-29,CUS-S-00577,Small Business,Germany,Organic,Home,HOM-024,1,79.75,EUR,0,7.56,False,Paid
OL-0002401,ORD-001428,2026-05-01,CUS-S-00186,Small Business,United States,Paid Search,Electronics,ELE-028,1,210.18,USD,15,15.05,False,Paid
OL-0002179,ORD-001304,2026-04-29,CUS-C-00433,Consumer,Spain,Paid Search,Office,OFF-026,8,21.36,EUR,20,3.78,False,Pending
OL-0003807,ORD-002274,2026-03-08,CUS-S-00130,Small Business,France,Organic,Office,OFF-031,3,57.29,EUR,20,4.23,False,Paid
OL-0000247,ORD-000154,2026-05-07,CUS-B-00028,Corporate,Spain,Organic,Home,HOM-037,1,135.77,EUR,0,9.37,False,Paid
OL-0001595,ORD-000951,31/03/2026,CUS-S-00117,Small Business,United Kingdom,Paid Search,Office,OFF-039,3,16.72,GBP,0,3.84,False,Paid
OL-0001759,ORD-001050,24/02/2026,CUS-C-00008,Consumer,France,Organic,Home,HOM-025,-2,121.37,EUR,0,9.36,True,Refunded
OL-0002400,ORD-001427,30/06/2026,CUS-B-00219,Corporate,Germany,Paid Search,electronics,ELE-010,2,1159.62,EUR,15,13.82,False,Paid
OL-0004055,ORD-002426,2026-02-27,CUS-B-00234,Corporate,France,Email,Office,OFF-005,1,54.49,EUR,0,4.11,False,Paid
OL-0000924,ORD-000558,2026-06-17,CUS-C-00082,Consumer,United States,Social,Home,HOM-039,1,51.28,USD,0,11.4,False,Paid
OL-0003323,ORD-001974,2026-02-24,CUS-S-00521,Small Business,France,Email,Office,OFF-025,1,10.19,EUR,0,5.55,False,Paid
OL-0000269,ORD-000167,2026-06-15,CUS-S-00303,Small Business,Germany,Paid Search,Office,OFF-038,4,60.91,EUR,0,5.26,False,Paid
OL-0000670,ORD-000406,2026-03-08,CUS-B-00121,Corporate,Spain,Organic,Electronics,ELE-012,1,546.06,EUR,0,13.1,False,Paid
OL-0004257,ORD-002547,23/02/2026,CUS-C-01307,Consumer,France,Paid Search,Office,OFF-028,2,26.58,EUR,25,4.03,False,Paid
OL-0001911,ORD-001134,2026-06-23,CUS-C-00422,Consumer,Germany,Organic,Electonic,ELE-004,1,1037.69,EUR,0,12.07,False,Paid
OL-0004397,ORD-002627,2026-02-05,CUS-S-00369,Small Business,France,Paid Search,Home,HOM-019,1,68.15,EUR,10,7.06,False,Pending
OL-0001153,ORD-000688,2026-01-19,CUS-C-00012,Consumer,Germany,Social,Home,HOM-001,1,256.6,EUR,0,10.35,False,Paid
OL-0004919,ORD-002941,2026-03-30,CUS-B-00079,Corporate,France,Social,Office,OFF-039,4,19.97,EUR,15,3.67,False,Paid
OL-0005773,ORD-003458,2026-04-25,,Small Business,Spain,Social,Home,HOM-014,1,198.73,EUR,25,7.39,False,Paid
OL-0004501,ORD-002691,2026-03-25,CUS-C-00849,Consumer,Spain,Paid Search,Home,HOM-026,2,196.98,EUR,0,8.8,False,Paid
OL-0002697,ORD-001607,2026-03-10,CUS-S-00096,Small Business,Germany,Paid Search,Office,OFF-023,1,56.42,EUR,0,4.23,False,Paid
OL-0002592,ORD-001547,25/06/2026,CUS-C-00843,Consumer,France,Organic,Office,OFF-035,1,35.53,EUR,0,5.87,False,Paid
OL-0005073,ORD-003036,12/04/2026,CUS-B-00235,Corporate,Germany,Paid Search,Home,HOM-018,4,46.05,EUR,0,6.46,False,Paid
OL-0001782,ORD-001064,2026-05-25,CUS-B-00099,Corporate,Germany,Organic,Electronics,ELE-011,1,1243.42,EUR,10,10.5,False,Paid
OL-0002414,ORD-001436,2026-03-27,CUS-S-00327,Small Business,France,Email,Electronics,ELE-037,2,277.5,EUR,20,10.41,False,Paid
OL-0003014,ORD-001791,2026-01-26,CUS-C-01066,Consumer,Spain,Paid Search,Office,OFF-029,2,92.32,EUR,0,5.65,False,Paid
OL-0005239,ORD-003133,27/06/2026,CUS-S-00280,Small Business,France,Organic,Home,HOM-026,2,210.47,EUR,10,8.03,False,Paid
OL-0002308,ORD-001379,2026-05-05,CUS-B-00165,Corporate,Spain,Paid Search,Office,OFF-021,2,28.65,EUR,0,5.74,False,Paid
OL-0003823,ORD-002282,2026-02-27,CUS-S-00230,Small Business,Spain,Email,Electronics,ELE-021,1,482.35,EUR,20,16.42,False,Paid
OL-0000688,ORD-000414,19/02/2026,CUS-S-00469,Small Business,France,Organic,Electronics,ELE-019,1,251.18,EUR,15,11.22,False,Paid
OL-0001916,ORD-001136,2026-06-28,CUS-S-00227,Small Business,United States,Social,Electronics,ELE-038,1,538.1,USD,15,13.19,False,Paid
OL-0005646,ORD-003384,2026-06-16,CUS-S-00075,Small Business,Spain,Social,Office,OFF-037,4,13.13,EUR,0,4.51,False,Paid
OL-0000613,ORD-000375,2026-01-21,CUS-C-01008,Consumer,Germany,Paid Search,Electronics,ELE-017,1,797.86,EUR,10,14.82,False,Paid
OL-0003072,ORD-001829,2026-05-21,CUS-C-01494,Consumer,Germany,Social,Electronics,ELE-026,1,235.05,EUR,25,12.6,False,Paid
OL-0003406,ORD-002027,2026-05-18,CUS-B-00232,Corporate,Germany,Social,Home,HOM-018,1,48.54,EUR,15,10.08,False,Paid
OL-0002268,ORD-001353,02/02/2026,CUS-B-00142,Corporate,France,Marketplace,Electronics,ELE-030,1,1081.88,EUR,0,14.9,False,Paid
OL-0005753,ORD-003448,2026-06-27,,Small Business,Spain,Marketplace,Electronics,ELE-009,-1,217.67,EUR,10,16.61,True,Refunded
OL-0002534,ORD-001507,2026-05-01,CUS-C-00604,Consumer,Spain,Organic,Office,OFF-017,4,9.63,EUR,0,3.95,False,Paid
OL-0000040,ORD-000023,2026-03-07,CUS-S-00210,Small Business,Spain,Marketplace,Electronics,ELE-023,1,520.41,EUR,20,15.69,False,Paid
OL-0001899,ORD-001129,2026-04-26,CUS-C-01178,Consumer,Germany,Email,Home,HOM-002,1,200.18,EUR,10,8.89,False,Paid
OL-0001650,ORD-000986,2026-01-27,CUS-C-00466,Consumer,France,Organic,Home,HOM-001,3,272.72,EUR,0,8.36,False,Paid
OL-0003472,ORD-002068,2026-04-13,CUS-C-01454,Consumer,France,Organic,Home,HOM-006,4,83.68,EUR,0,8.81,False,Paid
OL-0000259,ORD-000161,2026-03-01,CUS-C-00988,Consumer,Germany,Marketplace,Home,HOM-022,1,66.21,EUR,10,7.39,False,Paid
OL-0002925,ORD-001739,17/04/2026,CUS-S-00372,Small Business,Germany,Organic,Electronics,ELE-031,1,220.71,EUR,0,10.12,False,Paid
OL-0002435,ORD-001447,2026-06-21,CUS-C-00205,Consumer,United Kingdom,Organic,Home,HOM-031,2,67.11,GBP,10,7.27,False,Paid
OL-0000848,ORD-000512,2026-04-19,CUS-S-00229,Small Business,Germany,Paid Search,Office,OFF-009,3,78.71,EUR,0,4.01,False,Paid
OL-0002823,ORD-001682,2026-01-21,CUS-C-00756,Consumer,Spain,Email,Electronics,ELE-036,2,1199.27,EUR,10,13.17,False,Pending
OL-0004402,ORD-002632,2026-01-31,CUS-C-00858,Consumer,France,Email,Office,OFF-040,1,58.07,EUR,0,4.53,False,Paid
OL-0005085,ORD-003043,2026-02-18,CUS-B-00079,Corporate,Germany,Email,Home,HOM-003,1,161.22,EUR,15,6.96,False,Paid
OL-0003955,ORD-002365,2026-05-16,CUS-C-01332,Consumer,United States,Organic,Electronics,ELE-022,1,409.98,USD,15,14.24,False,Paid
OL-0003642,ORD-002176,2026-03-27,CUS-C-01182,Consumer,France,Paid Search,Home,HOM-020,1,55.33,EUR,20,8.74,False,Paid
OL-0001234,ORD-000737,2026-02-13,,Consumer,Germany,Social,Office,OFF-026,1,21.04,EUR,0,4.81,False,Paid
OL-0001128,ORD-000672,2026-03-19,CUS-S-00122,Small Business,France,Email,Electronics,ELE-021,1,465.23,EUR,15,11.72,False,Paid
OL-0003490,ORD-002077,2026-03-01,CUS-B-00100,Corporate,France,Paid Search,Home,HOM-031,4,76.35,EUR,15,8.33,False,Paid
OL-0001968,ORD-001170,2026-02-09,CUS-C-00381,Consumer,United Kingdom,Marketplace,Electronics,ELE-017,2,698.51,GBP,10,10.12,False,Paid
OL-0000559,ORD-000342,2026-03-14,CUS-S-00520,Small Business,Germany,Email,Electronics,ELE-037,1,284.99,EUR,0,14.6,False,Paid
OL-0000905,ORD-000544,2026-02-28,CUS-C-00197,Consumer,United Kingdom,Organic,Office,OFF-039,2,16.76,GBP,0,3.39,False,Paid
OL-0002615,ORD-001561,2026-01-10,CUS-C-00149,Consumer,France,Social,Office,OFF-017,7,9.79,EUR,0,6.02,False,Paid
OL-0000485,ORD-000297,2026-05-05,CUS-B-00191,Corporate,United States,Social,Office,OFF-003,2,12.3,USD,10,5.75,False,Pending
OL-0002212,ORD-001322,2026-06-10,,Consumer,Spain,Marketplace,Electronics,ELE-025,1,419.05,EUR,10,10.97,False,Paid
OL-0001321,ORD-000793,2026-01-22,CUS-S-00357,Small Business,Germany,Paid Search,Office,OFF-039,2,19.56,EUR,0,5.95,False,Paid
OL-0003333,ORD-001981,2026-04-21,CUS-C-00026,Consumer,United Kingdom,Social,Office,OFF-004,6,14.93,GBP,0,4.85,False,Paid
OL-0002556,ORD-001521,2026-04-20,CUS-C-00199,Consumer,United Kingdom,Organic,Home,HOM-028,2,283.4,GBP,0,7.13,False,Paid
OL-0000008,ORD-000004,2026-05-24,CUS-C-01349,Consumer,Germany,Social,Office,OFF-007,-2,40.82,EUR,0,4.3,True,Paid
OL-0002316,ORD-001384,27/04/2026,CUS-S-00515,Small Business,Spain,Email,Electronics,ELE-008,1,1133.58,EUR,10,11.51,False,Paid
OL-0005079,ORD-003040,05/04/2026,CUS-C-00450,Consumer,United States,Paid Search,Electronics,ELE-014,1,193.13,USD,0,11.24,False,Paid
OL-0004385,ORD-002622,2026-01-30,,Small Business,France,Marketplace,Electronics,ELE-023,1,510.18,EUR,0,12.84,False,Paid
OL-0004316,ORD-002581,2026-06-13,CUS-S-00360,Small Business,Germany,Organic,Office,OFF-024,3,17.54,EUR,0,4.13,False,Paid
OL-0005268,ORD-003149,14/03/2026,CUS-C-00914,Consumer,United Kingdom,Organic,Office,OFF-002,1,9.57,GBP,0,4.57,False,Paid
OL-0001451,ORD-000867,30/01/2026,CUS-S-00394,Small Business,Spain,Organic,Office,OFF-040,1,56.25,EUR,0,4.77,False,Paid
OL-0001202,ORD-000715,2026-05-17,CUS-C-00644,Consumer,France,Email,Office,OFF-012,1,84.48,EUR,0,5.33,False,Paid
OL-0002427,ORD-001442,2026-01-03,,Consumer,Germany,Marketplace,Electronics,ELE-014,1,171.5,EUR,0,12.67,False,Paid
OL-0002649,ORD-001579,2026-06-11,CUS-S-00021,Small Business,United States,Paid Search,Home,HOM-031,1,80.44,USD,20,10.65,False,Paid
OL-0001815,ORD-001082,2026-04-01,CUS-S-00146,Small Business,France,Email,Home,HOM-026,1,192.34,EUR,0,10.66,False,Paid
OL-0002727,ORD-001626,2026-02-19,CUS-S-00263,Small Business,Spain,Social,Office,OFF-005,4,51.95,EUR,15,5.63,False,Paid
OL-0000774,ORD-000463,2026-02-24,CUS-C-00244,Consumer,United Kingdom,Paid Search,Home,HOM-012,1,113.05,GBP,0,9.2,False,Paid
OL-0002275,ORD-001358,27/06/2026,CUS-C-01279,Consumer,Germany,Email,Electronics,ELE-026,2,230.88,EUR,10,15.2,False,Paid
OL-0001012,ORD-000607,2026-01-19,CUS-C-00964,Consumer,United Kingdom,Organic,Office,OFF-036,1,16.79,GBP,0,4.43,False,Paid
OL-0004060,ORD-002429,2026-02-14,,Small Business,France,Paid Search,Electronics,ELE-031,2,220.42,EUR,20,10.06,False,Paid
OL-0003468,ORD-002066,07/03/2026,CUS-C-01180,Consumer,France,Organic,Home,HOM-016,1,275.49,EUR,0,10.52,False,Paid
OL-0001992,ORD-001188,2026-06-28,CUS-C-00559,Consumer,Germany,Organic,Home,HOM-014,2,196.01,EUR,15,8.65,False,Paid
OL-0001278,ORD-000770,24/06/2026,CUS-C-01338,Consumer,France,Email,Home,HOM-004,-2,57.38,EUR,0,8.6,True,Refunded
OL-0001784,ORD-001065,2026-04-15,CUS-C-00157,Consumer,France,Email,Electronics,ELE-025,2,440.95,EUR,0,10.91,False,Paid
OL-0004254,ORD-002544,2026-03-23,CUS-B-00052,Corporate,France,Social,Electronics,ELE-031,1,221.54,EUR,5,11.16,False,Paid
OL-0000447,ORD-000275,2026-04-24,CUS-B-00250,Corporate,United States,Social,Office,OFF-002,4,11.85,USD,0,4.44,False,Paid
OL-0000881,ORD-000531,2026-06-22,CUS-C-00242,Consumer,France,Organic,Electronics,ELE-018,2,1112.03,EUR,15,11.8,False,Paid
OL-0004054,ORD-002426,2026-02-27,CUS-B-00234,Corporate,France,Email,Electronics,ELE-010,1,1231.45,EUR,10,14.6,False,Paid
OL-0005347,ORD-003195,2026-03-27,CUS-B-00098,Corporate,Spain,Organic,Office,OFF-018,1,11.37,EUR,0,3.78,False,Paid
OL-0002728,ORD-001626,2026-02-19,CUS-S-00263,Small Business,Spain,Social,Electronics,ELE-012,-2,541.42,EUR,20,13.76,True,Refunded
OL-0003049,ORD-001814,2026-04-19,CUS-C-00100,Consumer,France,Organic,Office,OFF-031,4,55.99,EUR,0,4.3,False,Paid
OL-0000782,ORD-000467,2026-06-06,CUS-C-01132,Consumer,United States,Paid Search,Electronics,ELE-027,2,728.48,USD,0,17.5,False,Paid
OL-0002652,ORD-001580,2026-05-15,CUS-S-00585,Small Business,Germany,Social,Office,OFF-008,4,7.75,EUR,0,3.66,False,Paid
OL-0005355,ORD-003200,2026-04-08,CUS-C-01202,Consumer,Germany,Paid Search,Electronics,ELE-029,3,1059.43,EUR,20,10.23,False,Paid
OL-0001750,ORD-001044,2026-05-01,CUS-C-01156,Consumer,Spain,Paid Search,Electronics,ELE-035,1,466.88,EUR,15,13.05,False,Paid
OL-0002127,ORD-001270,2026-01-19,,Corporate,Spain,Social,Office,OFF-031,3,56.34,EUR,0,4.08,False,Paid
OL-0004422,ORD-002644,2026-01-04,CUS-C-00383,Consumer,France,Organic,Office,OFF-008,4,8.51,EUR,0,5.7,False,Paid
OL-0002792,ORD-001666,2026-05-19,CUS-C-00623,Consumer,France,Marketplace,Electronics,ELE-011,2,1208.82,EUR,20,16.0,False,Paid
OL-0002424,ORD-001440,2026-04-03,CUS-C-01246,Consumer,Germany,Organic,Electronics,ELE-023,2,516.43,EUR,5,10.47,False,Paid
OL-0001086,ORD-000647,12/02/2026,CUS-S-00189,Small Business,Germany,Email,Electronics,ELE-030,1,1124.51,EUR,0,13.46,False,Paid
OL-0005169,ORD-003091,2026-02-13,CUS-S-00537,Small Business,Germany,Paid Search,Home,HOM-030,1,137.31,EUR,5,8.94,False,Paid
OL-0000884,ORD-000533,2026-02-12,CUS-C-00536,Consumer,France,Social,Home,HOM-037,1,130.22,EUR,0,6.61,False,Paid
OL-0003358,ORD-001994,22/05/2026,CUS-C-00578,Consumer,United States,Email,Office,OFF-003,6,11.7,USD,0,4.68,False,Paid
OL-0001092,ORD-000652,2026-04-08,CUS-C-00341,Consumer,United Kingdom,Paid Search,Electronics,ELE-013,2,291.96,GBP,20,9.93,False,Paid
OL-0005623,ORD-003372,2026-02-28,CUS-B-00036,Corporate,Germany,Organic,Electronics,ELE-040,1,333.02,EUR,10,10.96,False,Paid
OL-0005129,ORD-003069,2026-03-19,CUS-C-01267,Consumer,France,Email,Office,OFF-005,2,52.15,EUR,0,4.51,False,Paid
OL-0000532,ORD-000327,2026-04-03,,Corporate,Spain,Marketplace,Office,OFF-037,4,13.36,EUR,0,5.47,False,Paid
OL-0003591,ORD-002143,2026-06-23,CUS-C-00291,Consumer,France,Email,Electronics,ELE-033,1,801.94,EUR,15,12.75,False,Paid
OL-0002439,ORD-001450,2026-01-21,CUS-S-00317,Small Business,France,Email,Electronics,ELE-016,1,387.45,EUR,15,15.4,False,Paid
OL-0004862,ORD-002908,2026-02-18,,Consumer,France,Organic,Home,HOM-021,2,134.05,EUR,0,6.72,False,Paid
OL-0005065,ORD-003031,2026-06-08,CUS-C-00214,Consumer,Spain,Paid Search,Home,HOM-037,1,138.99,EUR,15,8.23,False,Paid
OL-0003956,ORD-002365,2026-05-16,CUS-C-01332,Consumer,United States,Organic,Electronics,ELE-008,-1,1277.52,USD,20,12.09,True,Refunded
OL-0004967,ORD-002971,2026-01-05,CUS-S-00551,Small Business,Germany,Organic,Home,HOM-020,1,56.74,EUR,0,8.89,False,Paid
OL-0002291,ORD-001371,01/05/2026,CUS-S-00422,Small Business,Germany,Organic,Office,OFF-002,-2,10.91,EUR,0,5.24,True,Refunded
OL-0001728,ORD-001030,2026-04-14,CUS-B-00106,Corporate,Germany,Marketplace,Home,HOM-039,1,47.27,EUR,0,7.93,False,Paid
OL-0000611,ORD-000373,2026-03-03,CUS-C-00345,Consumer,Spain,Email,Office,OFF-033,2,33.85,EUR,0,5.99,False,Paid
OL-0000571,ORD-000348,2026-01-05,CUS-C-01178,Consumer,Germany,Social,Office,OFF-034,3,75.42,EUR,0,5.45,False,Paid
OL-0003775,ORD-002257,2026-06-18,CUS-S-00303,Small Business,United Kingdom,Organic,Office,OFF-022,3,20.13,GBP,0,4.58,False,Paid
OL-0001318,ORD-000790,03/03/2026,CUS-B-00044,Corporate,France,Paid Search,Office,OFF-031,5,56.03,EUR,0,4.47,False,Paid
OL-0000344,ORD-000211,2026-01-27,CUS-S-00135,Small Business,Germany,Organic,Office,OFF-009,2,80.66,EUR,0,3.78,False,Paid
OL-0000588,ORD-000359,2026-05-02,CUS-C-01344,Consumer,United States,Email,Electronics,ELE-038,1,555.23,USD,5,15.37,False,Paid
OL-0004678,ORD-002794,2026-02-07,CUS-C-01412,Consumer,France,Organic,Office,OFF-026,6,22.02,EUR,0,4.38,False,Pending
OL-0000637,ORD-000388,2026-06-26,CUS-S-00148,Small Business,France,Marketplace,Electronics,ELE-007,1,514.86,EUR,15,10.77,False,Paid
OL-0000435,ORD-000265,2026-06-29,CUS-C-01118,Consumer,France,Organic,Electronics,ELE-034,3,436.49,EUR,15,12.35,False,Paid
OL-0001904,ORD-001131,2026-06-04,CUS-S-00541,Small Business,France,Organic,Home,HOM-010,1,150.36,EUR,10,8.01,False,Paid
OL-0000098,ORD-000058,2026-01-05,CUS-B-00133,Corporate,France,Organic,Electronics,ELE-004,2,1040.73,EUR,10,12.13,False,Paid
OL-0004929,ORD-002949,31/01/2026,CUS-C-00774,Consumer,Spain,Organic,Home,HOM-027,1,110.86,EUR,10,8.26,False,Paid
OL-0003426,ORD-002041,02/03/2026,CUS-B-00004,Corporate,Germany,Organic,Electronics,ELE-017,2,801.18,EUR,5,16.76,False,Paid
OL-0004421,ORD-002644,2026-01-04,CUS-C-00383,Consumer,France,Organic,Office,OFF-024,1,17.47,EUR,0,4.3,False,Paid
OL-0002070,ORD-001235,2026-05-07,CUS-C-00122,Consumer,Germany,Organic,Office,OFF-036,6,20.19,EUR,0,4.47,False,Paid
OL-0001538,ORD-000916,2026-02-20,CUS-C-01094,Consumer,Spain,Marketplace,Home,HOM-017,2,50.87,EUR,20,8.56,False,Paid
OL-0003207,ORD-001909,2026-06-09,CUS-S-00087,Small Business,Germany,Marketplace,Electronics,ELE-038,1,509.2,EUR,20,14.32,False,Paid
OL-0004547,ORD-002715,2026-05-07,CUS-B-00010,Corporate,Germany,Email,Office,OFF-006,1,27.9,EUR,0,5.63,False,Paid
OL-0004772,ORD-002851,06/04/2026,CUS-C-00850,Consumer,Germany,Organic,Electronics,ELE-020,2,480.08,EUR,10,14.58,False,Paid
OL-0003324,ORD-001975,2026-02-04,CUS-C-00546,Consumer,Spain,Organic,Home,HOM-006,2,82.75,EUR,0,7.99,False,Paid
OL-0001518,ORD-000909,2026-05-18,CUS-C-00897,Consumer,Germany,Organic,Electronics,ELE-018,1,1099.43,EUR,10,10.85,False,Paid
OL-0000966,ORD-000583,26/03/2026,CUS-S-00229,Small Business,United Kingdom,Marketplace,Office,OFF-038,3,52.09,GBP,15,3.6,False,Paid
OL-0005276,ORD-003155,2026-04-12,CUS-C-01447,Consumer,France,Social,Home,HOM-002,1,193.66,EUR,20,9.55,False,Paid
OL-0000529,ORD-000326,20/05/2026,CUS-C-00233,Consumer,France,Organic,Office,OFF-021,2,29.36,EUR,0,3.84,False,Pending
OL-0000177,ORD-000109,2026-01-08,CUS-S-00277,Small Business,France,Organic,Home,HOM-028,1,337.11,EUR,0,7.31,False,Paid
OL-0002471,ORD-001470,2026-01-24,,Consumer,France,Email,Home,HOM-028,1,334.04,EUR,15,9.3,False,Pending
OL-0004522,ORD-002700,03/04/2026,CUS-B-00116,Corporate,Spain,Paid Search,Electronics,ELE-038,1,466.55,EUR,0,10.78,False,Paid
OL-0003600,ORD-002148,2026-06-06,CUS-B-00051,Corporate,France,Email,Office,OFF-035,4,33.47,EUR,0,5.75,False,Pending
OL-0003002,ORD-001785,2026-04-03,CUS-C-00969,Consumer,United States,Paid Search,Office,OFF-031,1,60.54,USD,0,4.22,False,Paid
OL-0003526,ORD-002103,2026-01-08,CUS-S-00494,Small Business,Germany,Organic,Electronics,ELE-011,1,1283.83,EUR,15,10.76,False,Paid
OL-0000573,ORD-000349,02/06/2026,CUS-C-00279,Consumer,Germany,Paid Search,Home,HOM-001,1,261.13,EUR,10,9.73,False,Paid
OL-0003266,ORD-001947,28/01/2026,CUS-B-00089,Corporate,Spain,Marketplace,Office,OFF-010,4,11.96,EUR,0,4.87,False,Paid
OL-0000593,ORD-000361,2026-02-28,CUS-C-00756,Consumer,Spain,Organic,Electronics,ELE-019,2,238.24,EUR,15,16.83,False,Paid
OL-0004975,ORD-002976,2026-05-01,CUS-C-00494,Consumer,Spain,Social,Home,HOM-003,1,159.92,EUR,0,9.74,False,Pending
OL-0003063,ORD-001823,2026-04-21,,Consumer,France,Organic,Office,OFF-013,1,49.06,EUR,0,4.08,False,Paid
OL-0003483,ORD-002074,2026-01-05,CUS-C-00959,Consumer,France,Social,Office,OFF-030,4,68.11,EUR,0,5.86,False,Paid
OL-0002375,ORD-001413,04/03/2026,CUS-C-00815,Consumer,United Kingdom,Organic,Home,HOM-006,1,71.52,GBP,10,7.33,False,Paid
OL-0003065,ORD-001824,21/04/2026,,Small Business,Germany,Marketplace,Electronics,ELE-006,1,211.61,EUR,15,13.12,False,Paid
OL-0005628,ORD-003375,14/04/2026,CUS-C-01386,Consumer,France,Paid Search,Office,OFF-023,4,56.19,EUR,0,3.91,False,Paid
OL-0004333,ORD-002593,2026-04-27,CUS-S-00512,Small Business,France,Organic,Office,OFF-013,1,47.23,EUR,0,4.77,False,Pending
OL-0003657,ORD-002183,02/02/2026,CUS-C-01357,Consumer,Spain,Social,Office,OFF-032,4,53.36,EUR,0,4.21,False,Paid
OL-0002209,ORD-001320,17/06/2026,CUS-B-00158,Corporate,Spain,Paid Search,Electronics,ELE-031,2,208.63,EUR,0,11.25,False,Paid
OL-0004417,ORD-002642,2026-01-31,CUS-C-01414,Consumer,France,Paid Search,Office,OFF-030,3,66.97,EUR,0,4.43,False,Paid
OL-0002493,ORD-001485,01/06/2026,CUS-B-00002,Corporate,Spain,Organic,Office,OFF-039,7,20.37,EUR,0,3.67,False,Paid
OL-0003902,ORD-002333,2026-05-31,CUS-C-01116,Consumer,Germany,Social,Electronics,ELE-011,1,1221.8,EUR,10,13.46,False,Paid
OL-0000384,ORD-000233,06/05/2026,CUS-S-00192,Small Business,United States,Marketplace,Office,OFF-021,2,33.15,USD,0,4.5,False,Paid
OL-0000853,ORD-000516,2026-06-15,CUS-C-00509,Consumer,Germany,Paid Search,Home,HOM-016,1,282.66,EUR,0,8.25,False,Paid
OL-0001881,ORD-001119,14/06/2026,CUS-C-00900,Consumer,Spain,Paid Search,Office,OFF-033,2,34.12,EUR,0,4.57,False,Paid
OL-0000371,ORD-000226,2026-04-04,CUS-B-00214,Corporate,United Kingdom,Email,Electronics,ELE-014,1,149.58,GBP,10,12.36,False,Paid
OL-0003363,ORD-001998,2026-04-28,CUS-C-01444,Consumer,Germany,Marketplace,Office,OFF-028,3,26.29,EUR,0,5.94,False,Paid
OL-0004232,ORD-002530,2026-02-26,CUS-S-00458,Small Business,France,Organic,Office,OFF-015,1,65.91,EUR,0,6.05,False,Paid
OL-0005205,ORD-003110,2026-03-05,CUS-C-00555,Consumer,Germany,Organic,Electronics,ELE-019,1,239.2,EUR,15,13.16,False,Paid
OL-0005171,ORD-003092,2026-06-12,CUS-C-01489,Consumer,United Kingdom,Organic,Electronics,ELE-039,1,190.4,GBP,20,8.69,False,Paid
OL-0005042,ORD-003016,30/04/2026,CUS-S-00355,Small Business,Germany,Organic,Electronics,ELE-002,2,401.88,EUR,10,16.76,False,Paid
OL-0001106,ORD-000659,2026-01-20,CUS-C-01000,Consumer,Germany,Organic,Office,OFF-012,1,82.72,EUR,0,4.91,False,Paid
OL-0004685,ORD-002796,2026-06-27,CUS-S-00296,Small Business,France,Organic,Office,OFF-014,6,28.16,EUR,0,4.26,False,Paid
OL-0002362,ORD-001408,01/06/2026,,Consumer,France,Social,Home,HOM-030,1,135.48,EUR,0,9.48,False,Paid
OL-0005154,ORD-003083,09/04/2026,CUS-S-00469,Small Business,Spain,Organic,Home,HOM-029,3,67.01,EUR,0,7.08,False,Paid
OL-0001337,ORD-000804,2026-03-12,CUS-C-01301,Consumer,Spain,Marketplace,Office,OFF-027,2,55.12,EUR,0,5.78,False,Paid
OL-0002190,ORD-001310,05/04/2026,CUS-S-00112,Small Business,France,Email,Electronics,ELE-038,2,480.88,EUR,15,16.59,False,Paid
OL-0005503,ORD-003294,2026-04-07,CUS-C-01317,Consumer,Spain,Paid Search,Home,HOM-008,1,73.94,EUR,0,7.58,False,Paid
OL-0005404,ORD-003231,2026-05-03,CUS-C-00242,Consumer,Spain,Paid Search,Electronics,ELE-015,1,190.23,EUR,25,14.13,False,Paid
OL-0004849,ORD-002902,2026-02-08,CUS-C-01026,Consumer,France,Organic,Home,HOM-006,1,84.72,EUR,0,8.09,False,Paid
OL-0002247,ORD-001341,2026-03-21,CUS-C-00049,Consumer,France,Organic,Home,HOM-018,3,47.21,EUR,10,9.31,False,Paid
OL-0004212,ORD-002520,22/05/2026,CUS-B-00157,Corporate,Germany,Paid Search,Electronics,ELE-001,1,620.52,EUR,10,11.97,False,Paid
OL-0005812,ORD-003480,26/05/2026,CUS-B-00117,Corporate,Spain,Paid Search,Home,HOM-004,1,54.5,EUR,10,10.46,False,Paid
OL-0001172,ORD-000698,2026-04-19,CUS-C-01449,Consumer,Germany,Organic,Office,OFF-027,2,51.01,EUR,0,4.76,False,Paid
OL-0003993,ORD-002390,2026-05-17,CUS-C-00080,Consumer,Germany,Email,Office,OFF-011,1,17.23,EUR,0,4.95,False,Paid
OL-0003809,ORD-002274,2026-03-08,CUS-S-00130,Small Business,France,Organic,Home,HOM-024,2,79.18,EUR,20,7.69,False,Paid
OL-0001423,ORD-000853,2026-06-05,CUS-B-00052,Corporate,Germany,Paid Search,Electronics,ELE-027,1,653.32,EUR,25,11.81,False,Paid
OL-0002687,ORD-001601,2026-04-23,CUS-S-00135,Small Business,United Kingdom,Paid Search,Electronics,ELE-032,1,428.01,GBP,15,13.92,False,Paid
OL-0005381,ORD-003215,2026-05-02,CUS-S-00085,Small Business,France,Organic,Office,OFF-008,2,8.1,EUR,25,5.21,False,Paid
OL-0003319,ORD-001972,2026-03-17,CUS-S-00197,Small Business,Spain,Paid Search,Office,OFF-003,1,10.57,EUR,0,5.33,False,Paid
OL-0005814,ORD-003481,2026-02-09,CUS-S-00549,Small Business,Spain,Social,Office,OFF-012,2,82.74,EUR,0,4.9,False,Paid
OL-0005708,ORD-003421,2026-06-19,CUS-S-00424,Small Business,Spain,Email,Office,OFF-019,3,15.7,EUR,0,5.07,False,Paid
OL-0001465,ORD-000875,2026-05-27,CUS-C-01349,Consumer,France,Paid Search,Home,HOM-022,1,72.22,EUR,20,7.5,False,Paid
OL-0000875,ORD-000528,24/06/2026,CUS-C-00964,Consumer,France,Organic,Office,OFF-003,2,10.81,EUR,0,3.97,False,Paid
OL-0002298,ORD-001375,2026-05-27,,Small Business,Germany,Social,Office,OFF-025,5,10.13,EUR,0,5.72,False,Paid
OL-0002644,ORD-001578,25/01/2026,CUS-S-00107,Small Business,France,Email,Home,HOM-031,1,75.99,EUR,15,7.36,False,Paid
OL-0003946,ORD-002360,2026-05-25,CUS-C-00520,Consumer,United Kingdom,Email,Home,HOM-019,2,58.12,GBP,0,8.01,False,Paid
OL-0005191,ORD-003103,21/06/2026,CUS-C-00477,Consumer,United Kingdom,Organic,Office,OFF-008,1,6.82,GBP,0,5.04,False,Paid
OL-0001252,ORD-000750,2026-04-23,CUS-B-00129,Corporate,France,Social,Electronics,ELE-035,1,463.45,EUR,15,16.53,False,Paid
OL-0003327,ORD-001978,2026-05-31,CUS-C-00082,Consumer,Spain,Paid Search,Office,OFF-032,-5,56.07,EUR,0,5.04,True,Refunded
OL-0000841,ORD-000508,2026-02-26,CUS-B-00201,Corporate,Germany,Organic,Electronics,ELE-029,1,1142.27,EUR,15,14.49,False,Paid
OL-0004229,ORD-002529,02/04/2026,,Small Business,France,Marketplace,Electronics,ELE-038,1,505.98,EUR,20,10.46,False,Paid
OL-0000582,ORD-000355,2026-01-26,CUS-B-00099,Corporate,Spain,Paid Search,Home,HOM-002,2,193.56,EUR,0,10.47,False,Paid
OL-0000205,ORD-000127,28/04/2026,CUS-C-00978,Consumer,Spain,Paid Search,Office,OFF-001,5,59.83,EUR,0,3.85,False,Paid
OL-0001642,ORD-000981,2026-03-15,CUS-B-00225,Corporate,France,Email,Office,OFF-008,1,8.27,EUR,0,5.95,False,Paid
OL-0002015,ORD-001200,2026-06-09,CUS-S-00308,Small Business,Germany,Social,Home,HOM-011,1,86.54,EUR,5,9.26,False,Paid
OL-0000906,ORD-000544,2026-02-28,CUS-C-00197,Consumer,United Kingdom,Organic,Office,OFF-035,2,28.58,GBP,0,3.29,False,Paid
OL-0000632,ORD-000386,2026-04-19,CUS-C-01300,Consumer,France,Email,Home,HOM-038,4,95.22,EUR,0,8.69,False,Paid
OL-0004245,ORD-002536,2026-02-13,CUS-C-01321,Consumer,United Kingdom,Organic,Home,HOM-029,1,57.5,GBP,20,6.39,False,Paid
OL-0001975,ORD-001175,19/02/2026,CUS-C-00826,Consumer,Spain,Organic,Home,HOM-017,1,51.19,EUR,0,7.17,False,Paid
OL-0000163,ORD-000101,2026-06-30,CUS-C-00007,Consumer,Germany,Email,Home,HOM-032,3,243.61,EUR,0,7.47,False,Paid
OL-0004305,ORD-002576,2026-06-10,CUS-S-00466,Small Business,Germany,Organic,Office,OFF-001,1,56.67,EUR,0,5.85,False,Paid
OL-0004056,ORD-002427,2026-06-20,CUS-S-00151,Small Business,Germany,Marketplace,Home,HOM-005,1,261.76,EUR,0,8.85,False,Paid
OL-0005389,ORD-003222,2026-05-04,CUS-C-00705,Consumer,Spain,Organic,Home,HOM-024,4,75.64,EUR,15,7.8,False,Paid
OL-0003514,ORD-002094,2026-06-14,CUS-S-00566,Small Business,United Kingdom,Paid Search,Office,OFF-029,2,74.99,GBP,0,3.31,False,Paid
OL-0000618,ORD-000378,2026-06-03,CUS-C-01444,Consumer,Germany,Organic,Office,OFF-034,4,73.39,EUR,0,5.36,False,Paid
OL-0000876,ORD-000528,24/06/2026,CUS-C-00964,Consumer,France,Organic,Office,OFF-016,1,9.13,EUR,0,4.83,False,Paid
OL-0001432,ORD-000857,01/06/2026,CUS-S-00427,Small Business,Spain,Organic,Electronics,ELE-029,1,1125.3,EUR,5,14.31,False,Paid
OL-0002974,ORD-001767,2026-01-16,CUS-S-00363,Small Business,France,Organic,Electronics,ELE-025,1,408.91,EUR,5,11.05,False,Paid
OL-0005363,ORD-003203,17/05/2026,CUS-C-01393,Consumer,Spain,Social,Home,HOM-010,2,150.07,EUR,0,8.84,False,Paid
OL-0000548,ORD-000337,2026-04-02,CUS-C-00388,Consumer,Spain,Organic,Electronics,ELE-001,1,570.47,EUR,20,14.46,False,Paid
OL-0004872,ORD-002914,22/02/2026,,Corporate,United Kingdom,Paid Search,Office,OFF-032,2,46.0,GBP,0,3.44,False,Paid
OL-0005450,ORD-003259,28/04/2026,CUS-C-01428,Consumer,France,Social,Electronics,ELE-007,1,492.66,EUR,0,16.38,False,Paid
OL-0005049,ORD-003021,2026-05-31,CUS-C-01426,Consumer,United States,Email,Office,OFF-031,3,64.78,USD,0,5.23,False,Paid
OL-0003382,ORD-002007,2026-03-23,CUS-S-00585,Small Business,France,Email,Office,OFF-010,1,12.29,EUR,0,4.3,False,Paid
OL-0005810,ORD-003479,2026-01-03,CUS-C-00135,Consumer,France,Email,Home,HOM-016,4,285.87,EUR,15,8.79,False,Paid
OL-0005703,ORD-003418,2026-06-04,CUS-C-00459,Consumer,Germany,Organic,Office,OFF-006,1,28.11,EUR,0,4.88,False,Paid
OL-0004891,ORD-002925,2026-04-13,CUS-S-00434,Small Business,France,Organic,Office,OFF-014,4,29.06,EUR,0,5.35,False,Paid
OL-0002857,ORD-001702,2026-03-17,CUS-C-00027,Consumer,Spain,Marketplace,Office,OFF-034,2,74.47,EUR,0,5.68,False,Paid
OL-0001862,ORD-001109,2026-04-01,CUS-C-00530,Consumer,France,Paid Search,Home,HOM-032,1,233.29,EUR,10,9.06,False,Paid
OL-0002660,ORD-001585,2026-01-16,CUS-S-00307,Small Business,Germany,Marketplace,Office,OFF-002,1,11.59,EUR,0,5.22,False,Paid
OL-0005506,ORD-003296,2026-01-01,CUS-C-00761,Consumer,Germany,Organic,Electronics,ELE-003,1,427.92,EUR,10,13.96,False,Paid
OL-0000641,ORD-000389,2026-04-04,CUS-C-00688,Consumer,United States,Social,Home,HOM-040,-1,331.3,USD,0,9.26,True,Refunded
OL-0005108,ORD-003054,10/02/2026,CUS-C-01007,Consumer,Spain,Paid Search,Home,HOM-010,1,150.9,EUR,0,8.46,False,Paid
OL-0001010,ORD-000607,2026-01-19,CUS-C-00964,Consumer,United Kingdom,Organic,Office,OFF-015,3,57.41,GBP,0,3.49,False,Paid
OL-0001822,ORD-001085,15/03/2026,CUS-S-00383,Small Business,Germany,Paid Search,Electronics,ELE-029,1,1103.12,EUR,0,14.57,False,Paid
OL-0000638,ORD-000388,2026-06-26,CUS-S-00148,Small Business,France,Marketplace,Electronics,ELE-030,1,1113.16,EUR,25,10.1,False,Paid
OL-0004900,ORD-002930,2026-03-06,CUS-C-00158,Consumer,France,Email,Electronics,ELE-031,1,215.84,EUR,20,16.57,False,Paid
OL-0004505,ORD-002693,24/06/2026,CUS-C-01134,Consumer,Germany,Email,Electronics,ELE-027,-2,660.65,EUR,10,12.2,True,Refunded
OL-0002309,ORD-001379,2026-05-05,CUS-B-00165,Corporate,Spain,Paid Search,Electronics,ELE-006,1,215.3,EUR,15,12.69,False,Paid
OL-0004169,ORD-002494,2026-01-13,CUS-C-01397,Consumer,Spain,Organic,Home,HOM-028,1,327.22,EUR,15,9.19,False,Paid
OL-0003146,ORD-001870,10/04/2026,CUS-C-01032,Consumer,United States,Organic,Electronics,ELE-034,1,477.79,USD,20,12.15,False,Paid
OL-0003782,ORD-002261,2026-01-27,,Small Business,France,Paid Search,Office,OFF-038,2,64.11,EUR,0,4.99,False,Paid
OL-0002097,ORD-001254,27/06/2026,CUS-C-00357,Consumer,Spain,Organic,Office,OFF-037,1,13.35,EUR,0,5.1,False,Paid
OL-0005520,ORD-003304,2026-01-07,CUS-C-00729,Consumer,United Kingdom,Paid Search,Office,OFF-002,5,9.76,GBP,0,3.37,False,Paid
OL-0001957,ORD-001163,2026-04-07,CUS-C-01432,Consumer,Germany,Email,Office,OFF-028,3,26.87,EUR,0,4.07,False,Paid
OL-0001373,ORD-000824,2026-05-21,CUS-S-00178,Small Business,Spain,Social,Home,HOM-001,1,272.76,EUR,0,7.78,False,Paid
OL-0004023,ORD-002407,2026-03-13,,Consumer,Germany,Social,Home,HOM-023,3,45.15,EUR,0,9.1,False,Paid
OL-0000922,ORD-000556,27/02/2026,CUS-S-00487,Small Business,United Kingdom,Paid Search,Electronics,ELE-033,1,701.68,GBP,5,8.68,False,Paid
OL-0000547,ORD-000336,21/03/2026,CUS-S-00391,Small Business,Spain,Marketplace,Office,OFF-029,2,86.69,EUR,15,4.33,False,Paid
OL-0001450,ORD-000867,30/01/2026,CUS-S-00394,Small Business,Spain,Organic,Home,HOM-027,3,111.57,EUR,10,8.13,False,Paid
OL-0002805,ORD-001673,02/06/2026,CUS-C-00294,Consumer,Germany,Paid Search,Electronics,ELE-001,1,597.82,EUR,15,13.78,False,Paid
OL-0002611,ORD-001560,2026-05-26,CUS-C-00727,Consumer,United States,Marketplace,Home,HOM-029,1,75.02,USD,10,10.7,False,Paid
OL-0001901,ORD-001130,24/04/2026,CUS-C-01432,Consumer,Germany,Organic,Electronics,ELE-004,1,1052.33,EUR,0,16.72,False,Paid
OL-0002758,ORD-001645,2026-05-22,CUS-S-00292,Small Business,Germany,Paid Search,Home,HOM-022,1,68.08,EUR,15,6.43,False,Paid
OL-0002029,ORD-001208,2026-01-07,,Consumer,United Kingdom,Social,Home,HOM-002,2,165.49,GBP,5,8.84,False,Paid
OL-0002302,ORD-001376,09/01/2026,CUS-C-00085,Consumer,United Kingdom,Paid Search,Home,HOM-032,-1,210.19,GBP,0,8.32,True,Refunded
OL-0001886,ORD-001121,2026-01-31,CUS-C-00706,Consumer,United Kingdom,Social,Electronics,ELE-037,1,240.1,GBP,15,8.68,False,Paid
OL-0001643,ORD-000981,2026-03-15,CUS-B-00225,Corporate,France,Email,Home,HOM-031,1,75.37,EUR,15,9.93,False,Paid
OL-0000973,ORD-000587,2026-04-28,CUS-B-00106,Corporate,Germany,Social,Electronics,ELE-026,1,237.91,EUR,15,11.33,False,Paid
OL-0005765,ORD-003455,28/05/2026,,Consumer,Spain,Marketplace,Electronics,ELE-012,1,528.82,EUR,25,10.19,False,Paid
OL-0002098,ORD-001255,2026-04-17,CUS-S-00153,Small Business,France,Organic,Home,HOM-007,-2,137.64,EUR,25,6.56,True,Refunded
OL-0005209,ORD-003112,29/01/2026,CUS-B-00247,Corporate,France,Marketplace,Electronics,ELE-037,3,278.49,EUR,10,11.18,False,Paid
OL-0004576,ORD-002733,2026-02-24,CUS-C-00445,Consumer,France,Paid Search,Electronics,ELE-001,1,608.26,EUR,20,16.21,False,Paid
OL-0005491,ORD-003286,2026-01-19,CUS-C-01500,Consumer,Spain,Email,Office,OFF-034,7,73.75,EUR,0,4.42,False,Paid
OL-0000613,ORD-000375,2026-01-21,CUS-C-01008,Consumer,Germany,Paid Search,Electronics,ELE-017,1,797.86,EUR,10,14.82,False,Paid
OL-0000837,ORD-000505,2026-05-18,CUS-C-00595,Consumer,United States,Marketplace,Home,HOM-014,1,207.71,USD,0,7.61,False,Paid
OL-0000602,ORD-000368,2026-04-16,,Corporate,Germany,Social,Home,HOM-026,1,199.69,EUR,0,7.9,False,Paid
OL-0002185,ORD-001307,2026-06-09,,Corporate,France,Marketplace,Home,HOM-016,3,282.46,EUR,25,9.94,False,Paid
OL-0004769,ORD-002849,2026-06-06,,Small Business,Spain,Marketplace,Home,HOM-002,1,208.08,EUR,10,7.37,False,Paid
OL-0003517,ORD-002095,03/01/2026,CUS-C-00905,Consumer,Spain,Social,Home,HOM-004,1,56.5,EUR,20,8.94,False,Paid
OL-0005150,ORD-003079,2026-06-25,CUS-C-00025,Consumer,Germany,Email,Electronics,ELE-035,2,459.29,EUR,20,15.13,False,Paid
OL-0001583,ORD-000944,2026-04-19,CUS-B-00009,Corporate,France,Social,Electronics,ELE-036,1,1168.71,EUR,15,13.13,False,Paid
OL-0005102,ORD-003051,07/02/2026,CUS-C-01144,Consumer,France,Organic,Home,HOM-015,4,145.88,EUR,0,7.14,False,Paid
OL-0003584,ORD-002140,2026-05-23,CUS-C-00153,Consumer,Spain,Paid Search,Office,OFF-030,4,64.43,EUR,0,4.05,False,Paid
OL-0003859,ORD-002304,2026-06-23,CUS-C-01364,Consumer,Germany,Social,Electronics,ELE-005,1,528.32,EUR,0,11.23,False,Paid
OL-0001071,ORD-000639,2026-06-05,CUS-S-00581,Small Business,United States,Organic,Electronics,ELE-015,1,196.0,USD,20,11.32,False,Paid
OL-0001776,ORD-001061,13/04/2026,CUS-C-00825,Consumer,United States,Organic,Home,HOM-020,2,65.12,USD,15,8.41,False,Paid
OL-0005764,ORD-003455,28/05/2026,,Consumer,Spain,Marketplace,Home,HOM-031,2,74.98,EUR,25,8.53,False,Paid
OL-0001284,ORD-000773,2026-05-11,CUS-S-00322,Small Business,United States,Organic,Home,HOM-020,2,61.01,USD,0,11.04,False,Paid
OL-0004988,ORD-002982,2026-02-09,CUS-C-00365,Consumer,Spain,Organic,Electronics,ELE-029,1,1172.37,EUR,0,13.19,False,Paid
OL-0004885,ORD-002921,25/04/2026,CUS-C-00178,Consumer,United States,Email,Office,OFF-012,4,92.01,USD,0,3.93,False,Paid
OL-0005700,ORD-003417,2026-04-23,CUS-C-01322,Consumer,Spain,Paid Search,Office,OFF-022,1,23.57,EUR,0,3.7,False,Paid
OL-0001837,ORD-001093,2026-06-28,CUS-B-00081,Corporate,Germany,Organic,Electronics,ELE-010,-1,1171.93,EUR,15,13.54,True,Refunded
OL-0005453,ORD-003262,2026-04-03,CUS-C-01122,Consumer,Germany,Organic,Electronics,ELE-038,1,511.95,EUR,15,15.57,False,Paid
OL-0001020,ORD-000612,2026-03-23,CUS-S-00148,Small Business,Spain,Paid Search,Office,OFF-022,4,23.03,EUR,0,5.42,False,Paid
OL-0000971,ORD-000586,2026-06-21,CUS-C-01451,Consumer,Spain,Paid Search,Electronics,ELE-026,1,222.2,EUR,10,15.14,False,Paid
OL-0001327,ORD-000799,27/01/2026,CUS-C-01277,Consumer,United Kingdom,Organic,Office,OFF-003,1,9.39,GBP,0,4.83,False,Paid
OL-0003334,ORD-001981,2026-04-21,CUS-C-00026,Consumer,United Kingdom,Social,Office,OFF-012,-3,71.45,GBP,0,4.68,True,Refunded
OL-0000476,ORD-000294,2026-05-16,CUS-C-00465,Consumer,United States,Organic,Home,HOM-040,3,329.32,USD,0,11.23,False,Paid
OL-0002811,ORD-001676,2026-05-27,CUS-C-00661,Consumer,United States,Email,Home,HOM-029,1,70.51,USD,20,7.49,False,Paid
OL-0005609,ORD-003363,2026-04-26,CUS-C-01431,Consumer,France,Marketplace,Office,OFF-004,1,17.2,EUR,0,5.8,False,Paid
OL-0001652,ORD-000986,2026-01-27,CUS-C-00466,Consumer,France,Organic,Electronics,ELE-011,1,1275.4,EUR,0,14.71,False,Paid
OL-0005570,ORD-003335,2026-04-28,CUS-C-00039,Consumer,Spain,Organic,Home,HOM-036,3,137.53,EUR,0,9.83,False,Paid
OL-0005122,ORD-003064,2026-04-07,CUS-B-00165,Corporate,France,Email,Electronics,ELE-025,1,415.25,EUR,0,11.46,False,Paid
OL-0002529,ORD-001504,2026-05-07,CUS-C-00054,Consumer,France,Organic,Home,HOM-004,2,56.81,EUR,0,9.35,False,Paid
OL-0003692,ORD-002203,2026-01-31,CUS-B-00082,Corporate,United Kingdom,Marketplace,Home,HOM-033,2,57.66,GBP,5,6.77,False,Paid
OL-0004510,ORD-002694,2026-05-12,CUS-S-00412,Small Business,Germany,Email,Electronics,ELE-010,1,1136.11,EUR,10,15.79,False,Paid
OL-0004087,ORD-002442,02/04/2026,CUS-B-00156,Corporate,United Kingdom,Paid Search,Office,OFF-013,4,43.63,GBP,0,4.81,False,Paid
OL-0001374,ORD-000825,2026-04-05,CUS-C-00517,Consumer,Germany,Paid Search,Office ,OFF-039,2,18.85,EUR,15,5.75,False,Paid
OL-0000740,ORD-000445,13/06/2026,CUS-C-00004,Consumer,Spain,Paid Search,Home,HOM-028,4,328.35,EUR,20,10.35,False,Paid
OL-0004609,ORD-002755,2026-02-19,CUS-C-01486,Consumer,Spain,Paid Search,Office,OFF-036,-2,20.74,EUR,0,3.9,True,Refunded
OL-0005803,ORD-003476,2026-03-16,CUS-C-00008,Consumer,France,Paid Search,Home,HOM-031,2,73.75,EUR,0,10.49,False,Paid
OL-0000868,ORD-000526,2026-05-18,CUS-C-01144,Consumer,France,Organic,Home,HOM-010,1,147.84,EUR,20,7.8,False,Paid
OL-0002975,ORD-001767,2026-01-16,CUS-S-00363,Small Business,France,Organic,Home,HOM-040,1,294.07,EUR,0,6.54,False,Paid
OL-0001141,ORD-000678,2026-05-15,CUS-S-00203,Small Business,Germany,Marketplace,Electronics,ELE-001,1,572.25,EUR,10,11.64,False,Paid
OL-0000998,ORD-000602,2026-03-01,CUS-C-00113,Consumer,Spain,Organic,Home ,HOM-003,1,158.45,EUR,0,7.47,False,Paid
OL-0001338,ORD-000804,2026-03-12,CUS-C-01301,Consumer,Spain,Marketplace,Electronics,ELE-001,1,595.85,EUR,10,11.39,False,Paid
OL-0000542,ORD-000334,2026-06-25,CUS-C-01110,Consumer,United Kingdom,Email,Electronics,ELE-010,1,1024.48,GBP,20,11.39,False,Paid
OL-0001100,ORD-000655,2026-06-20,CUS-B-00162,Corporate,Germany,Organic,Office,OFF-010,6,12.68,EUR,20,4.92,False,Paid
OL-0001133,ORD-000674,2026-03-23,CUS-C-00980,Consumer,France,Paid Search,Electronics,ELE-013,1,338.63,EUR,10,11.32,False,Paid
OL-0005817,ORD-003483,2026-04-18,CUS-C-01226,Consumer,Spain,Email,Electronics,ELE-019,1,238.79,EUR,0,11.09,False,Pending
OL-0002700,ORD-001608,2026-03-26,CUS-C-01064,Consumer,Germany,Paid Search,Electronics,ELE-007,2,511.13,EUR,15,16.46,False,Paid
OL-0002259,ORD-001347,2026-04-21,CUS-C-01030,Consumer,Spain,Social,Home,HOM-015,2,142.72,EUR,0,7.54,False,Paid
OL-0004752,ORD-002836,28/03/2026,CUS-C-00648,Consumer,Germany,Organic,Electronics,ELE-027,1,659.15,EUR,15,13.44,False,Paid
OL-0002963,ORD-001760,2026-06-14,CUS-C-01231,Consumer,Spain,Paid Search,Home,HOM-007,1,137.89,EUR,15,10.35,False,Paid
OL-0000060,ORD-000032,2026-01-29,CUS-C-00966,Consumer,France,Social,Electronics,ELE-028,1,188.6,EUR,20,16.25,False,Paid
OL-0003260,ORD-001944,2026-02-10,CUS-C-00103,Consumer,Spain,Email,Home,HOM-026,2,204.64,EUR,0,8.43,False,Paid
OL-0004084,ORD-002441,2026-03-05,CUS-C-00849,Consumer,United Kingdom,Email,Home,HOM-013,2,90.25,GBP,0,8.83,False,Paid
OL-0001939,ORD-001150,2026-01-17,CUS-S-00224,Small Business,France,Paid Search,Office,OFF-028,2,26.15,EUR,0,4.12,False,Paid
OL-0003651,ORD-002181,2026-06-06,CUS-C-00475,Consumer,France,Paid Search,Electronics,ELE-031,2,212.38,EUR,0,15.0,False,Paid
OL-0005336,ORD-003188,2026-01-07,CUS-S-00501,Small Business,Germany,Email,Electronics,ELE-004,1,1048.93,EUR,15,11.28,False,Paid
OL-0003396,ORD-002019,2026-01-10,CUS-B-00149,Corporate,United Kingdom,Social,Electronics,ELE-034,1,375.72,GBP,5,8.7,False,Paid
OL-0002814,ORD-001677,2026-05-05,,Consumer,France,Marketplace,Home,HOM-026,1,200.39,EUR,0,7.81,False,Paid
OL-0001576,ORD-000939,20/06/2026,CUS-B-00015,Corporate,Spain,Email,Home,HOM-022,1,69.02,EUR,0,8.93,False,Paid
OL-0005657,ORD-003391,26/01/2026,,Consumer,France,Marketplace,Electronics,ELE-035,2,459.52,EUR,0,16.57,False,Paid
OL-0001079,ORD-000643,2026-06-16,CUS-C-01242,Consumer,United Kingdom,Email,Home,HOM-038,2,78.39,GBP,0,5.49,False,Paid
OL-0004533,ORD-002707,26/05/2026,CUS-C-00518,Consumer,France,Paid Search,Office,OFF-005,6,52.92,EUR,0,4.47,False,Paid
OL-0001739,ORD-001036,2026-04-21,CUS-S-00384,Small Business,Germany,Organic,Electronics,ELE-036,2,1243.56,EUR,10,11.58,False,Paid
OL-0004273,ORD-002556,2026-04-28,CUS-C-01223,Consumer,France,Organic,Home,HOM-023,1,48.96,EUR,0,7.44,False,Paid
OL-0004284,ORD-002563,2026-03-01,,Corporate,France,Marketplace,Electronics,ELE-009,1,217.4,EUR,0,14.28,False,Paid
OL-0005100,ORD-003050,2026-01-24,CUS-C-00617,Consumer,France,Email,Home,HOM-010,2,151.17,EUR,15,7.88,False,Paid
OL-0002631,ORD-001570,2026-06-21,CUS-C-00319,Consumer,France,Paid Search,Home,HOM-011,3,92.6,EUR,15,7.36,False,Paid
OL-0004802,ORD-002871,2026-04-08,CUS-C-01280,Consumer,Germany,Organic,Electronics,ELE-023,1,513.32,EUR,20,10.49,False,Paid
OL-0003525,ORD-002102,20/05/2026,CUS-S-00522,Small Business,Germany,Organic,Electronics,ELE-034,1,442.56,EUR,15,16.68,False,Paid
OL-0003564,ORD-002129,2026-04-27,CUS-C-00537,Consumer,Spain,Organic,Electronics,ELE-021,1,489.89,EUR,10,15.4,False,Paid
OL-0000941,ORD-000568,2026-02-28,CUS-C-00571,Consumer,Germany,Email,Electronics,ELE-007,1,483.78,EUR,0,16.35,False,Paid
OL-0001081,ORD-000645,2026-06-27,CUS-C-00995,Consumer,Spain,Social,Electronics,ELE-016,2,393.16,EUR,5,10.92,False,Paid
OL-0000188,ORD-000116,2026-05-09,CUS-C-01073,Consumer,France,Paid Search,Home,HOM-023,1,46.13,EUR,0,8.86,False,Paid
OL-0003723,ORD-002221,2026-01-14,CUS-C-01036,Consumer,United Kingdom,Organic,Electronics,ELE-002,1,337.22,GBP,20,10.54,False,Pending
OL-0005614,ORD-003367,2026-05-21,CUS-C-01230,Consumer,Spain,Organic,Home,HOM-029,1,66.06,EUR,5,8.99,False,Paid
OL-0002086,ORD-001248,2026-01-27,CUS-S-00421,Small Business,France,Paid Search,Office,OFF-025,1,9.53,EUR,0,4.26,False,Paid
OL-0002250,ORD-001343,08/03/2026,,Consumer,United Kingdom,Email,Home,HOM-038,3,87.3,GBP,20,7.34,False,Paid
OL-0003689,ORD-002202,16/04/2026,CUS-C-00303,Consumer,France,Organic,Office,OFF-016,1,9.25,EUR,0,5.55,False,Paid
OL-0000717,ORD-000431,27/06/2026,CUS-C-01027,Consumer,Germany,Paid Search,Electronics,ELE-004,1,1071.43,EUR,0,13.05,False,Paid
OL-0002024,ORD-001204,2026-04-11,CUS-B-00003,Corporate,Spain,Paid Search,Home,HOM-009,1,129.6,EUR,0,6.52,False,Paid
OL-0003795,ORD-002268,10/05/2026,CUS-B-00053,Corporate,United Kingdom,Organic,Electronics,ELE-039,1,188.75,GBP,20,11.21,False,Paid
OL-0001493,ORD-000892,2026-01-10,CUS-C-00367,Consumer,France,Marketplace,Office,OFF-022,3,23.03,EUR,0,3.82,False,Paid
OL-0004602,ORD-002752,2026-01-18,CUS-C-01047,Consumer,Spain,Marketplace,Electronics,ELE-039,1,229.42,EUR,25,16.4,False,Paid
OL-0004041,ORD-002418,2026-06-01,CUS-C-01098,Consumer,United Kingdom,Paid Search,Office,OFF-002,4,9.65,GBP,0,3.14,False,Paid
OL-0000227,ORD-000140,2026-06-22,CUS-S-00424,Small Business,Spain,Paid Search,Office,OFF-010,3,11.98,EUR,0,5.0,False,Paid
OL-0001014,ORD-000609,2026-02-21,CUS-C-00398,Consumer,France,Marketplace,Office,OFF-018,2,11.5,EUR,0,4.53,False,Paid
OL-0002584,ORD-001540,2026-02-03,CUS-C-00177,Consumer,Spain,Paid Search,Electronics,ELE-021,1,448.78,EUR,20,10.81,False,Paid
OL-0001930,ORD-001145,2026-02-22,CUS-S-00038,Small Business,France,Organic,Office,OFF-033,1,34.08,EUR,0,3.97,False,Paid
OL-0004216,ORD-002523,2026-06-30,CUS-C-01023,Consumer,United Kingdom,Organic,Electronics,ELE-031,1,188.56,GBP,10,9.13,False,Paid
OL-0005383,ORD-003216,2026-03-10,,Consumer,Spain,Organic,Office,OFF-008,1,8.59,EUR,0,3.97,False,Paid
OL-0001405,ORD-000842,2026-02-16,CUS-C-00432,Consumer,Spain,Social,Office,OFF-020,1,45.01,EUR,0,5.25,False,Paid
OL-0002180,ORD-001305,2026-04-24,CUS-C-00262,Consumer,Germany,Organic,Home,HOM-014,1,194.48,EUR,25,8.11,False,Paid
OL-0000698,ORD-000420,2026-01-10,CUS-C-00627,Consumer,Spain,Paid Search,Office,OFF-008,2,8.08,EUR,0,4.6,False,Pending
OL-0001125,ORD-000670,26/04/2026,CUS-B-00152,Corporate,France,Organic,Office,OFF-031,1,59.19,EUR,0,5.87,False,Paid
OL-0003283,ORD-001954,27/03/2026,CUS-C-01386,Consumer,France,Email,Electronics,ELE-028,1,183.75,EUR,0,14.37,False,Paid
OL-0003961,ORD-002369,2026-05-28,,Consumer,France,Marketplace,Electronics,ELE-024,1,1082.2,EUR,20,15.19,False,Paid
OL-0004111,ORD-002457,2026-05-07,CUS-S-00117,Small Business,France,Organic,Home,HOM-013,1,106.34,EUR,0,7.61,False,Paid
OL-0001779,ORD-001062,2026-03-14,,Consumer,France,Social,Home,HOM-036,1,148.36,EUR,0,9.61,False,Paid
OL-0002635,ORD-001573,2026-03-06,CUS-C-01069,Consumer,Spain,Organic,Office,OFF-015,4,66.69,EUR,0,4.53,False,Paid
OL-0003092,ORD-001842,2026-04-14,CUS-B-00005,Corporate,United States,Organic,Home,HOM-013,1,114.13,USD,0,10.46,False,Paid
OL-0004048,ORD-002423,24/05/2026,CUS-S-00229,Small Business,Germany,Organic,Office,OFF-012,2,80.42,EUR,0,4.97,False,Pending
OL-0001038,ORD-000621,2026-01-08,CUS-S-00120,Small Business,Spain,Organic,Office,OFF-010,5,12.14,EUR,0,4.64,False,Paid
OL-0004995,ORD-002988,02/04/2026,CUS-C-01487,Consumer,Spain,Paid Search,Office,OFF-036,4,20.23,EUR,0,5.76,False,Paid
OL-0002257,ORD-001346,2026-03-07,CUS-B-00090,Corporate,Germany,Email,Office,OFF-018,2,11.91,EUR,0,4.53,False,Paid
OL-0003774,ORD-002256,2026-06-10,CUS-S-00566,Small Business,Spain,Paid Search,Electronics,ELE-003,1,428.68,EUR,15,16.36,False,Paid
OL-0000749,ORD-000449,13/02/2026,CUS-C-00035,Consumer,Germany,Social,Electronics,ELE-024,1,1083.48,EUR,20,13.01,False,Paid
OL-0000314,ORD-000191,09/03/2026,CUS-S-00189,Small Business,Germany,Organic,Office,OFF-011,2,17.67,EUR,0,5.91,False,Paid
OL-0002650,ORD-001579,2026-06-11,CUS-S-00021,Small Business,United States,Paid Search,Office,OFF-014,1,31.92,USD,15,4.51,False,Paid
OL-0002282,ORD-001363,2026-01-22,CUS-C-00944,Consumer,France,Email,Home,HOM-014,3,187.86,EUR,10,7.87,False,Paid
OL-0003694,ORD-002205,2026-03-20,CUS-C-00228,Consumer,Spain,Social,Home,HOM-005,1,273.68,EUR,0,10.61,False,Paid
OL-0004288,ORD-002566,2026-02-26,CUS-C-01041,Consumer,Spain,Organic,Office,OFF-035,4,33.4,EUR,0,5.34,False,Paid
OL-0002548,ORD-001516,2026-04-29,CUS-C-01494,Consumer,Spain,Paid Search,Home,HOM-002,2,197.72,EUR,15,8.7,False,Paid
OL-0001417,ORD-000850,2026-06-18,CUS-S-00150,Small Business,France,Marketplace,Electronics,ELE-010,1,1141.22,EUR,0,11.21,False,Paid
OL-0001037,ORD-000621,2026-01-08,CUS-S-00120,Small Business,Spain,Organic,Electronics,ELE-027,1,643.07,EUR,15,11.24,False,Paid
OL-0002160,ORD-001290,2026-04-27,CUS-C-00568,Consumer,France,Organic,Electronics,ELE-038,1,503.96,EUR,20,16.23,False,Paid
OL-0002985,ORD-001773,2026-06-12,CUS-C-00975,Consumer,Germany,Paid Search,Office,OFF-020,5,46.9,EUR,0,5.45,False,Paid
OL-0003138,ORD-001866,2026-06-17,,Small Business,United Kingdom,Paid Search,Electronics,ELE-012,1,438.55,GBP,10,14.16,False,Paid
OL-0004982,ORD-002979,2026-05-11,CUS-C-00026,Consumer,Spain,Paid Search,Home,HOM-019,1,67.56,EUR,0,9.9,False,Paid
OL-0001755,ORD-001048,2026-02-06,,Small Business,Germany,Paid Search,Home,HOM-028,1,343.7,EUR,0,7.96,False,Paid
OL-0004263,ORD-002550,2026-01-01,CUS-S-00127,Small Business,United Kingdom,Paid Search,Office,OFF-002,2,9.18,GBP,0,5.14,False,Paid
OL-0003981,ORD-002383,2026-02-11,CUS-S-00283,Small Business,France,Social,Office,OFF-012,2,85.18,EUR,0,3.63,False,Paid
OL-0003818,ORD-002279,11/03/2026,CUS-C-00961,Consumer,Germany,Paid Search,Office,OFF-009,7,80.73,EUR,0,4.73,False,Paid
OL-0005346,ORD-003195,2026-03-27,CUS-B-00098,Corporate,Spain,Organic,Electronics,ELE-025,2,416.79,EUR,0,10.12,False,Paid
OL-0002521,ORD-001500,2026-02-06,CUS-S-00499,Small Business,Germany,Organic,Home,HOM-005,1,261.78,EUR,20,6.58,False,Paid
OL-0000874,ORD-000528,24/06/2026,CUS-C-00964,Consumer,France,Organic,Office,OFF-034,1,77.77,EUR,0,5.69,False,Paid
OL-0005230,ORD-003129,17/04/2026,CUS-B-00129,Corporate,United States,Paid Search,Home,HOM-005,1,293.8,USD,0,9.12,False,Paid
OL-0004490,ORD-002683,2026-05-13,CUS-B-00226,Corporate,Germany,Social,Home,HOM-021,1,143.4,EUR,0,9.77,False,Paid
OL-0001507,ORD-000902,14/05/2026,CUS-C-00152,Consumer,France,Organic,Electronics,ELE-023,1,490.29,EUR,5,12.83,False,Paid
OL-0003892,ORD-002326,2026-03-25,CUS-B-00158,Corporate,France,Paid Search,Home,HOM-020,1,55.77,EUR,0,7.95,False,Paid
OL-0001924,ORD-001142,10/04/2026,CUS-S-00125,Small Business,Germany,Organic,Home,HOM-008,2,75.28,EUR,0,7.86,False,Paid
OL-0000449,ORD-000276,2026-01-20,CUS-C-00132,Consumer,Germany,Marketplace,Office,OFF-012,1,86.5,EUR,0,5.55,False,Paid
OL-0003461,ORD-002061,14/06/2026,CUS-C-00024,Consumer,United States,Organic,Home,HOM-014,1,219.42,USD,15,8.96,False,Paid
OL-0003576,ORD-002135,2026-02-01,CUS-C-01226,Consumer,Germany,Email,Office,OFF-013,2,51.7,EUR,0,4.03,False,Paid
OL-0002692,ORD-001604,2026-05-29,CUS-C-00248,Consumer,Germany,Email,Electronics,ELE-022,2,385.66,EUR,10,16.37,False,Paid
OL-0003633,ORD-002168,26/03/2026,,Consumer,Germany,Social,Electronics,ELE-022,1,356.53,EUR,10,12.69,False,Paid
OL-0003258,ORD-001942,06/01/2026,CUS-C-01227,Consumer,United Kingdom,Social,Home,HOM-030,1,110.44,GBP,0,8.02,False,Paid
OL-0000362,ORD-000222,2026-03-13,CUS-C-00435,Consumer,Spain,Paid Search,Office,OFF-035,1,35.04,EUR,0,5.18,False,Paid
OL-0002184,ORD-001306,2026-02-05,CUS-S-00350,Small Business,France,Organic,Office,OFF-030,2,66.36,EUR,0,3.71,False,Paid
OL-0001135,ORD-000675,2026-02-04,CUS-C-00131,Consumer,Germany,Organic,Home,HOM-032,3,247.78,EUR,15,9.26,False,Paid
OL-0004831,ORD-002894,2026-03-27,CUS-C-00743,Consumer,Germany,Marketplace,Office,OFF-027,3,54.1,EUR,0,4.5,False,Paid
OL-0003200,ORD-001903,2026-03-12,CUS-C-01356,Consumer,Germany,Organic,Office,OFF-021,4,29.49,EUR,0,4.5,False,Paid
OL-0005818,ORD-003483,2026-04-18,CUS-C-01226,Consumer,Spain,Email,Home,HOM-038,2,94.22,EUR,0,8.84,False,Paid
OL-0003439,ORD-002047,2026-01-28,CUS-S-00365,Small Business,Germany,Social,Office,OFF-008,8,7.66,EUR,0,4.36,False,Paid
OL-0002156,ORD-001287,2026-01-26,CUS-S-00356,Small Business,France,Paid Search,Office,OFF-031,5,57.52,EUR,0,4.33,False,Paid
OL-0001831,ORD-001088,2026-05-28,,Corporate,Germany,Social,Home,HOM-020,1,54.81,EUR,0,6.77,False,Paid
OL-0001054,ORD-000629,06/05/2026,CUS-B-00235,Corporate,United Kingdom,Email,Office,OFF-016,4,8.15,GBP,0,4.5,False,Paid
OL-0002461,ORD-001463,2026-02-26,CUS-S-00459,Small Business,Spain,Email,Office,OFF-025,1,9.79,EUR,0,4.53,False,Paid
OL-0000023,ORD-000012,2026-03-22,CUS-S-00454,Small Business,United Kingdom,Organic,Home,HOM-002,1,163.9,GBP,0,8.78,False,Paid
OL-0002067,ORD-001233,2026-04-03,CUS-C-00876,Consumer,Germany,Organic,Electronics,ELE-014,2,187.21,EUR,15,12.66,False,Paid
OL-0001654,ORD-000988,2026-05-07,CUS-B-00235,Corporate,France,Organic,Electronics,ELE-011,1,1208.4,EUR,25,13.25,False,Paid
OL-0003662,ORD-002186,2026-06-07,CUS-C-01419,Consumer,United Kingdom,Paid Search,Electronics,ELE-002,2,327.79,GBP,15,10.24,False,Pending
OL-0004332,ORD-002592,2026-02-21,CUS-S-00573,Small Business,Germany,Organic,Home,HOM-009,1,135.96,EUR,5,8.04,False,Paid
OL-0002744,ORD-001635,10/06/2026,CUS-C-00268,Consumer,Spain,Paid Search,Home,HOM-027,3,115.77,EUR,20,8.32,False,Paid
OL-0005245,ORD-003137,2026-06-09,CUS-B-00155,Corporate,France,Email,Office,OFF-012,2,81.38,EUR,0,5.69,False,Paid
OL-0004873,ORD-002914,22/02/2026,,Corporate,United Kingdom,Paid Search,Electronics,ELE-030,1,980.37,GBP,0,8.59,False,Paid
OL-0002469,ORD-001469,2026-06-27,CUS-S-00589,Small Business,France,Paid Search,Electronics,ELE-021,1,455.69,EUR,10,10.14,False,Paid
OL-0002326,ORD-001389,2026-01-27,CUS-C-00469,Consumer,Germany,Email,Home,HOM-020,1,60.15,EUR,10,8.95,False,Paid
OL-0000461,ORD-000284,2026-03-02,CUS-C-00654,Consumer,Spain,Email,Office,OFF-024,-2,18.33,EUR,0,5.81,True,Refunded
OL-0001068,ORD-000638,2026-02-06,CUS-B-00201,Corporate,Germany,Email,Office,OFF-018,1,11.97,EUR,0,3.79,False,Paid
OL-0000088,ORD-000052,2026-05-25,CUS-C-01112,Consumer,Spain,Email,Electronics,ELE-009,1,223.36,EUR,15,13.4,False,Paid
OL-0001431,ORD-000857,01/06/2026,CUS-S-00427,Small Business,Spain,Organic,Home,HOM-015,-2,142.61,EUR,0,7.49,True,Refunded
OL-0003740,ORD-002233,2026-03-01,CUS-C-00879,Consumer,France,Paid Search,Home,HOM-032,-1,253.15,EUR,10,9.55,True,Refunded
OL-0000283,ORD-000175,05/03/2026,CUS-C-00787,Consumer,France,Marketplace,Home,HOM-031,1,75.98,EUR,0,9.05,False,Paid
OL-0002484,ORD-001478,19/06/2026,,Small Business,France,Social,Office,OFF-017,-5,9.45,EUR,0,4.69,True,Refunded
OL-0000463,ORD-000285,08/06/2026,CUS-C-00551,Consumer,United States,Organic,Home,HOM-031,3,82.37,USD,0,10.66,False,Paid
OL-0000213,ORD-000132,2026-04-25,CUS-C-00613,Consumer,France,Social,Office,OFF-007,2,40.41,EUR,0,5.93,False,Pending
OL-0002589,ORD-001544,2026-01-09,CUS-C-00073,Consumer,France,Paid Search,Home,HOM-036,1,138.5,EUR,20,9.11,False,Paid
OL-0004292,ORD-002569,2026-06-22,CUS-B-00061,Corporate,France,Paid Search,Electronics,ELE-032,1,508.76,EUR,20,14.98,False,Paid
OL-0002908,ORD-001730,2026-04-15,CUS-C-00540,Consumer,Germany,Organic,Electronics,ELE-013,3,338.62,EUR,15,13.34,False,Paid
OL-0002582,ORD-001539,2026-05-08,CUS-C-01473,Consumer,Spain,Organic,Home,HOM-039,1,44.75,EUR,0,10.31,False,Paid
OL-0001369,ORD-000822,2026-06-18,CUS-C-00413,Consumer,Germany,Paid Search,Office,OFF-010,2,12.02,EUR,0,5.89,False,Paid
OL-0000235,ORD-000145,2026-06-15,CUS-C-00427,Consumer,France,Marketplace,Home,HOM-013,2,101.26,EUR,15,7.15,False,Paid
OL-0003923,ORD-002347,11/05/2026,CUS-S-00478,Small Business,Germany,Social,Office,OFF-021,2,29.43,EUR,0,4.82,False,Paid
OL-0000598,ORD-000365,2026-05-30,CUS-S-00009,Small Business,Germany,Organic,Office,OFF-037,5,12.77,EUR,0,4.56,False,Paid
OL-0005296,ORD-003165,2026-02-26,CUS-S-00244,Small Business,Spain,Email,Office,OFF-019,1,15.64,EUR,0,4.47,False,Paid
OL-0002251,ORD-001344,09/01/2026,CUS-C-01433,Consumer,United Kingdom,Paid Search,Office,OFF-031,1,50.42,GBP,0,4.53,False,Paid
OL-0001604,ORD-000956,2026-04-13,CUS-C-00620,Consumer,Germany,Social,Electronics,ELE-018,1,1105.35,EUR,5,10.45,False,Paid
OL-0002284,ORD-001364,2026-02-03,CUS-S-00111,Small Business,United Kingdom,Paid Search,Home,HOM-028,2,280.74,GBP,20,6.83,False,Paid
OL-0000663,ORD-000403,2026-06-17,CUS-C-00681,Consumer,United States,Paid Search,Office,OFF-037,2,13.89,USD,0,6.05,False,Paid
OL-0000565,ORD-000345,05/04/2026,CUS-B-00071,Corporate,Germany,Social,Electronics,ELE-017,1,807.15,EUR,10,16.31,False,Paid
OL-0002286,ORD-001366,18/05/2026,CUS-C-00300,Consumer,Spain,Social,Office,OFF-038,2,58.51,EUR,0,5.57,False,Paid
OL-0003432,ORD-002044,2026-05-13,CUS-S-00318,Small Business,United Kingdom,Organic,Office,OFF-028,7,22.34,GBP,0,4.51,False,Paid
OL-0005656,ORD-003390,2026-03-19,CUS-C-00021,Consumer,Germany,Organic,Home,HOM-013,3,104.52,EUR,0,8.75,False,Paid
OL-0004321,ORD-002584,2026-06-15,CUS-C-00107,Consumer,France,Paid Search,Home,HOM-027,2,111.5,EUR,0,9.62,False,Paid
OL-0003685,ORD-002200,03/04/2026,CUS-S-00002,Small Business,France,Email,Electronics,ELE-033,1,837.64,EUR,15,14.66,False,Paid
OL-0005474,ORD-003273,2026-06-22,CUS-C-01153,Consumer,Germany,Social,Office,OFF-017,1,9.08,EUR,0,4.76,False,Paid
OL-0003469,ORD-002066,07/03/2026,CUS-C-01180,Consumer,France,Organic,Electronics,ELE-026,1,227.91,EUR,10,11.98,False,Pending
OL-0003542,ORD-002110,24/02/2026,CUS-C-01192,Consumer,Spain,Paid Search,Electronics,ELE-039,2,224.64,EUR,0,15.11,False,Paid
OL-0002991,ORD-001776,13/04/2026,CUS-B-00206,Corporate,Spain,Organic,Electronics,ELE-015,1,183.59,EUR,10,10.77,False,Paid
OL-0005334,ORD-003187,2026-05-14,CUS-C-00759,Consumer,Germany,Organic,Electronics,ELE-017,1,841.28,EUR,0,15.52,False,Paid
OL-0000780,ORD-000466,2026-05-20,CUS-C-01275,Consumer,United States,Paid Search,Electronics,ELE-017,-1,902.67,USD,0,17.04,True,Paid
OL-0002545,ORD-001515,2026-01-21,CUS-B-00155,Corporate,France,Marketplace,Home,HOM-014,1,193.22,EUR,10,9.22,False,Paid
OL-0005699,ORD-003416,2026-05-18,CUS-S-00285,Small Business,Germany,Marketplace,Office,OFF-018,4,11.57,EUR,0,5.85,False,Paid
OL-0004619,ORD-002760,2026-01-14,CUS-C-00769,Consumer,France,Social,Office,OFF-014,1,27.75,EUR,0,4.82,False,Paid
OL-0005777,ORD-003460,07/04/2026,CUS-S-00058,Small Business,United Kingdom,Social,Electronics,ELE-038,1,433.31,GBP,15,13.08,False,Paid
OL-0005651,ORD-003387,13/01/2026,CUS-S-00560,Small Business,Germany,Email,Office,OFF-036,2,18.97,EUR,0,4.76,False,Paid
OL-0005784,ORD-003465,16/04/2026,CUS-C-00610,Consumer,Spain,Paid Search,Home,HOM-039,1,46.7,EUR,10,9.17,False,Paid
OL-0005797,ORD-003472,2026-05-13,CUS-S-00145,Small Business,Spain,Social,Home,HOM-035,3,191.08,EUR,20,10.13,False,Paid
OL-0000686,ORD-000413,12/04/2026,CUS-C-00395,Consumer,France,Paid Search,Office,OFF-038,2,59.26,EUR,0,5.4,False,Paid
OL-0003821,ORD-002280,18/05/2026,,Consumer,Germany,Marketplace,Office,OFF-036,3,19.29,EUR,0,5.26,False,Paid
OL-0004702,ORD-002806,2026-05-09,CUS-S-00017,Small Business,United States,Paid Search,Home,HOM-029,1,72.27,USD,0,10.4,False,Paid
OL-0003244,ORD-001932,29/05/2026,CUS-C-00879,Consumer,United States,Email,Office,OFF-030,3,74.55,USD,0,5.42,False,Paid
OL-0001749,ORD-001044,2026-05-01,CUS-C-01156,Consumer,Spain,Paid Search,Electronics,ELE-006,-1,218.18,EUR,15,16.76,True,Paid
OL-0004304,ORD-002575,14/05/2026,CUS-S-00041,Small Business,Spain,Organic,Office,OFF-033,-1,33.18,EUR,0,3.81,True,Refunded
OL-0004639,ORD-002770,15/04/2026,CUS-C-01112,Consumer,United Kingdom,Social,Office,OFF-024,1,15.15,GBP,0,4.44,False,Paid
OL-0002838,ORD-001692,11/04/2026,CUS-B-00179,Corporate,France,Social,Electronics,ELE-026,2,239.22,EUR,20,12.69,False,Paid
OL-0003033,ORD-001802,2026-01-07,CUS-S-00195,Small Business,Spain,Email,Home,HOM-013,1,107.61,EUR,10,7.66,False,Paid
OL-0002172,ORD-001299,2026-04-23,,Consumer,United States,Marketplace,Electronics,ELE-039,3,241.88,USD,10,17.34,False,Paid
OL-0003768,ORD-002254,2026-01-04,CUS-S-00087,Small Business,Germany,Organic,Electronics,ELE-006,-1,223.63,EUR,10,14.81,True,Refunded
OL-0001851,ORD-001103,2026-03-20,CUS-B-00105,Corporate,Spain,Email,Electronics,ELE-005,2,546.66,EUR,15,10.82,False,Paid
OL-0000488,ORD-000298,2026-06-18,,Consumer,France,Paid Search,Electronics,ELE-039,1,221.8,EUR,15,11.42,False,Paid
OL-0001689,ORD-001009,2026-02-11,CUS-C-00670,Consumer,France,Paid Search,Electronics,ELE-030,1,1157.12,EUR,5,16.61,False,Pending
OL-0002231,ORD-001334,2026-01-03,CUS-C-00486,Consumer,Spain,Social,Office,OFF-016,3,9.3,EUR,10,4.68,False,Paid
OL-0003474,ORD-002068,2026-04-13,CUS-C-01454,Consumer,France,Organic,Home,HOM-037,1,136.23,EUR,0,7.53,False,Paid
OL-0004375,ORD-002618,06/06/2026,CUS-C-00488,Consumer,United Kingdom,Email,Home,HOM-040,3,250.4,GBP,0,6.82,False,Paid
OL-0002321,ORD-001385,2026-06-20,CUS-S-00485,Small Business,Germany,Social,Home,HOM-033,1,64.02,EUR,20,9.08,False,Paid
OL-0000783,ORD-000468,2026-05-28,CUS-B-00206,Corporate,Spain,Organic,Office,OFF-037,4,12.38,EUR,0,4.25,False,Paid
OL-0000522,ORD-000321,2026-04-02,CUS-S-00198,Small Business,Spain,Email,Electronics,ELE-027,2,639.36,EUR,20,12.52,False,Paid
OL-0000523,ORD-000322,2026-06-06,CUS-C-00613,Consumer,Spain,Paid Search,Office,OFF-009,2,79.82,EUR,0,4.37,False,Paid
OL-0004018,ORD-002404,20/01/2026,,Consumer,France,Marketplace,Home,HOM-036,1,139.0,EUR,0,9.11,False,Paid
OL-0002940,ORD-001747,2026-01-21,CUS-C-01098,Consumer,Germany,Paid Search,Office,OFF-004,2,17.07,EUR,0,4.44,False,Paid
OL-0004681,ORD-002795,2026-01-14,CUS-C-00356,Consumer,United Kingdom,Paid Search,Electronics,ELE-034,1,378.52,GBP,10,13.96,False,Paid
OL-0004827,ORD-002892,23/01/2026,CUS-B-00220,Corporate,United Kingdom,Email,Office,OFF-015,1,58.18,GBP,0,4.46,False,Paid
OL-0002399,ORD-001426,2026-06-29,CUS-S-00059,Small Business,Germany,Marketplace,Office,OFF-007,2,40.4,EUR,0,4.59,False,Paid
OL-0002208,ORD-001320,17/06/2026,CUS-B-00158,Corporate,Spain,Paid Search,Electronics,ELE-026,2,233.62,EUR,15,12.18,False,Paid
OL-0004519,ORD-002699,2026-01-07,CUS-C-00878,Consumer,France,Paid Search,Electronics,ELE-033,1,828.47,EUR,20,13.24,False,Paid
OL-0000781,ORD-000467,2026-06-06,CUS-C-01132,Consumer,United States,Paid Search,Electronics,ELE-038,2,544.29,USD,0,10.92,False,Paid
OL-0004688,ORD-002798,09/04/2026,CUS-C-00117,Consumer,France,Organic,Office,OFF-001,6,58.16,EUR,0,4.09,False,Paid
OL-0003997,ORD-002392,2026-03-16,CUS-C-01449,Consumer,France,Social,Home,HOM-014,3,185.86,EUR,0,10.13,False,Paid
OL-0001512,ORD-000905,17/04/2026,,Small Business,France,Marketplace,Office,OFF-011,4,17.82,EUR,0,4.13,False,Paid
OL-0001883,ORD-001120,2026-06-11,CUS-C-00472,Consumer,Germany,Organic,Electronics,ELE-011,1,1268.73,EUR,10,14.11,False,Paid
OL-0000652,ORD-000395,05/01/2026,CUS-C-00437,Consumer,Spain,Social,Electronics,ELE-031,2,213.86,EUR,10,15.52,False,Paid
OL-0003948,ORD-002361,2026-05-23,CUS-C-01379,Consumer,United States,Paid Search,Home,HOM-010,1,159.97,USD,0,8.13,False,Paid
OL-0001802,ORD-001074,23/05/2026,CUS-C-01256,Consumer,Spain,Organic,Electronics,ELE-015,1,188.98,EUR,5,11.19,False,Paid
OL-0000370,ORD-000226,2026-04-04,CUS-B-00214,Corporate,United Kingdom,Email,Electronics,ELE-040,1,283.35,GBP,10,9.92,False,Paid
OL-0005235,ORD-003131,2026-04-06,CUS-B-00089,Corporate,Germany,Social,Home,HOM-035,1,204.76,EUR,0,7.85,False,Paid
OL-0003732,ORD-002227,04/05/2026,CUS-C-01271,Consumer,United States,Organic,Home & Living,HOM-022,1,74.68,USD,10,9.88,False,Paid
OL-0000119,ORD-000072,22/06/2026,CUS-C-00460,Consumer,United States,Paid Search,Electronics,ELE-011,2,1357.7,USD,10,15.22,False,Paid
OL-0000378,ORD-000230,23/01/2026,,Consumer,United Kingdom,Marketplace,Electronics,ELE-004,1,901.98,GBP,5,10.35,False,Paid
OL-0000217,ORD-000135,2026-02-27,CUS-S-00538,Small Business,Spain,Social,Electronics,ELE-034,1,446.63,EUR,10,13.75,False,Paid
OL-0002217,ORD-001326,11/02/2026,CUS-C-01139,Consumer,Spain,Social,Office,OFF-014,5,28.12,EUR,0,5.47,False,Paid
OL-0004559,ORD-002722,2026-02-10,CUS-C-00484,Consumer,Germany,Marketplace,Electronics,ELE-016,2,377.63,EUR,20,15.29,False,Paid
OL-0001614,ORD-000965,09/05/2026,CUS-C-00995,Consumer,United Kingdom,Social,Home,HOM-001,1,223.93,GBP,0,5.5,False,Paid
OL-0002884,ORD-001714,11/01/2026,CUS-C-00421,Consumer,Spain,Email,Home,HOM-023,1,48.03,EUR,0,8.26,False,Paid
OL-0004296,ORD-002570,2026-01-24,CUS-B-00191,Corporate,France,Paid Search,Office,OFF-019,2,15.99,EUR,0,4.89,False,Paid
OL-0005382,ORD-003216,2026-03-10,,Consumer,Spain,Organic,Electronics,ELE-010,2,1159.91,EUR,5,16.51,False,Paid
OL-0000963,ORD-000580,2026-02-06,CUS-S-00275,Small Business,United Kingdom,Paid Search,Home,HOM-012,-1,107.74,GBP,25,6.34,True,Refunded
OL-0005398,ORD-003227,16/02/2026,CUS-S-00430,Small Business,Germany,Paid Search,Home,HOM-033,1,64.64,EUR,0,7.54,False,Paid
OL-0002511,ORD-001495,2026-03-29,CUS-C-01046,Consumer,United Kingdom,Organic,Office,OFF-033,1,28.26,GBP,0,3.1,False,Paid
OL-0005630,ORD-003377,04/03/2026,CUS-C-00612,Consumer,France,Email,Office,OFF-017,3,9.9,EUR,0,5.41,False,Paid
OL-0004564,ORD-002726,14/03/2026,CUS-C-00667,Consumer,Spain,Organic,Office,OFF-033,3,33.57,EUR,0,3.65,False,Paid
OL-0003998,ORD-002393,24/04/2026,CUS-S-00152,Small Business,Spain,Email,Home,HOM-013,2,103.48,EUR,20,8.15,False,Paid
OL-0000360,ORD-000220,2026-05-31,CUS-C-01130,Consumer,France,Email,Office,OFF-029,2,88.49,EUR,0,5.26,False,Paid
OL-0001247,ORD-000748,2026-05-11,CUS-C-00894,Consumer,United Kingdom,Organic,Home,HOM-018,1,41.11,GBP,20,6.46,False,Paid
OL-0003409,ORD-002030,2026-06-19,CUS-C-00718,Consumer,United States,Paid Search,Home,HOM-028,2,360.99,USD,10,10.7,False,Paid
OL-0005084,ORD-003042,2026-05-29,CUS-C-01294,Consumer,France,Social,Office,OFF-004,3,16.88,EUR,0,5.03,False,Paid
OL-0002416,ORD-001436,2026-03-27,CUS-S-00327,Small Business,France,Email,Electronics,ELE-021,1,471.55,EUR,15,11.1,False,Paid
OL-0005580,ORD-003342,2026-04-21,CUS-B-00165,Corporate,United Kingdom,Social,Electronics,ELE-017,1,693.81,GBP,15,8.59,False,Paid
OL-0005320,ORD-003177,21/01/2026,CUS-C-00712,Consumer,France,Email,Office,OFF-035,4,35.17,EUR,0,4.76,False,Paid
OL-0002186,ORD-001307,2026-06-09,,Corporate,France,Marketplace,Electronics,ELE-037,1,279.74,EUR,10,16.67,False,Paid
OL-0003996,ORD-002392,2026-03-16,CUS-C-01449,Consumer,France,Social,Office,OFF-001,2,57.92,EUR,0,4.92,False,Paid
OL-0002568,ORD-001529,2026-03-17,CUS-C-00648,Consumer,France,Organic,Home,HOM-030,1,132.11,EUR,15,10.75,False,Paid
OL-0003424,ORD-002040,2026-06-26,CUS-S-00397,Small Business,United Kingdom,Paid Search,Electronics,ELE-020,1,392.78,GBP,15,9.05,False,Paid
OL-0002038,ORD-001214,2026-02-23,CUS-B-00044,Corporate,United Kingdom,Social,Electronics,ELE-034,1,378.66,GBP,10,10.77,False,Paid
OL-0005097,ORD-003049,2026-01-26,CUS-C-00245,Consumer,Germany,Organic,Electronics,ELE-013,2,343.32,EUR,0,13.06,False,Paid
OL-0000773,ORD-000463,2026-02-24,CUS-C-00244,Consumer,United Kingdom,Paid Search,Electronics,ELE-002,1,336.07,GBP,15,13.39,False,Paid
OL-0001285,ORD-000774,2026-02-12,CUS-S-00019,Small Business,France,Marketplace,Office,OFF-028,3,26.17,EUR,0,6.02,False,Pending
OL-0005513,ORD-003300,2026-03-29,,Corporate,Germany,Paid Search,Office,OFF-040,7,55.82,EUR,0,4.59,False,Paid
OL-0003563,ORD-002128,22/06/2026,CUS-B-00114,Corporate,Spain,Paid Search,Electronics,ELE-039,1,224.97,EUR,25,13.7,False,Paid
OL-0005680,ORD-003403,2026-01-26,CUS-S-00022,Small Business,Spain,Paid Search,Electronics,ELE-004,1,1077.77,EUR,0,15.1,False,Paid
OL-0002588,ORD-001543,13/05/2026,,Consumer,Spain,Paid Search,Home,HOM-006,1,86.04,EUR,20,10.32,False,Paid
OL-0005482,ORD-003278,2026-05-06,CUS-B-00227,Corporate,Spain,Email,Electronics,ELE-039,3,227.87,EUR,25,12.97,False,Paid
OL-0001415,ORD-000848,2026-06-16,,Consumer,Germany,Social,HOME,HOM-032,1,232.7,EUR,15,10.28,False,Paid
OL-0001235,ORD-000738,27/05/2026,CUS-S-00429,Small Business,France,Social,Home,HOM-022,2,68.31,EUR,0,10.06,False,Paid
OL-0005201,ORD-003107,27/01/2026,CUS-S-00056,Small Business,Germany,Social,Electronics,ELE-002,1,392.24,EUR,10,10.33,False,Paid
OL-0000436,ORD-000265,2026-06-29,CUS-C-01118,Consumer,France,Organic,Office,OFF-020,3,44.05,EUR,0,5.15,False,Paid
OL-0001675,ORD-000999,30/05/2026,CUS-S-00285,Small Business,United Kingdom,Organic,Home,HOM-015,1,121.14,GBP,0,7.84,False,Paid
OL-0003300,ORD-001961,2026-01-05,,Consumer,United Kingdom,Social,Electronics,ELE-039,2,195.95,GBP,20,11.81,False,Paid
OL-0000366,ORD-000224,11/01/2026,CUS-B-00060,Corporate,Spain,Email,Office,OFF-009,3,79.52,EUR,0,4.6,False,Paid
OL-0004509,ORD-002694,2026-05-12,CUS-S-00412,Small Business,Germany,Email,Electronics,ELE-013,1,333.24,EUR,0,15.96,False,Paid
OL-0000232,ORD-000143,2026-04-14,CUS-S-00135,Small Business,Spain,Email,Office,OFF-002,2,11.48,EUR,0,5.89,False,Paid
OL-0005103,ORD-003051,07/02/2026,CUS-C-01144,Consumer,France,Organic,Electronics,ELE-025,1,448.02,EUR,15,16.62,False,Paid
OL-0000148,ORD-000092,2026-02-10,CUS-C-01468,Consumer,France,Social,Office,OFF-019,5,15.15,EUR,0,5.83,False,Paid
OL-0005267,ORD-003149,14/03/2026,CUS-C-00914,Consumer,United Kingdom,Organic,Office,OFF-027,2,44.51,GBP,0,3.53,False,Paid
OL-0003089,ORD-001840,28/01/2026,CUS-B-00122,Corporate,France,Organic,Office,OFF-019,4,15.67,EUR,0,5.44,False,Paid
OL-0004036,ORD-002413,2026-04-12,,Consumer,Germany,Marketplace,Electronics,ELE-015,1,186.71,EUR,20,10.69,False,Paid
OL-0003555,ORD-002120,2026-05-27,,Consumer,Spain,Marketplace,Electronics,ELE-007,2,493.39,EUR,20,11.19,False,Paid
OL-0000408,ORD-000247,25/03/2026,CUS-C-01107,Consumer,Spain,Organic,Electronics,ELE-017,1,831.92,EUR,10,15.42,False,Paid
OL-0005539,ORD-003314,2026-02-20,CUS-C-01392,Consumer,France,Paid Search,Electronics,ELE-015,1,184.5,EUR,20,13.68,False,Paid
OL-0003457,ORD-002057,18/04/2026,CUS-C-00253,Consumer,Spain,Paid Search,Electronics,ELE-003,1,415.45,EUR,20,13.36,False,Paid
OL-0002091,ORD-001250,18/02/2026,CUS-S-00111,Small Business,Spain,Organic,Electronics,ELE-025,1,416.67,EUR,0,10.01,False,Paid
OL-0000087,ORD-000051,13/02/2026,CUS-C-00258,Consumer,France,Organic,Office,OFF-027,5,54.45,EUR,0,4.65,False,Paid
OL-0003577,ORD-002136,2026-02-25,CUS-C-01213,Consumer,Germany,Paid Search,Home,HOM-037,2,132.55,EUR,0,6.97,False,Paid
OL-0003272,ORD-001950,2026-05-29,CUS-S-00288,Small Business,France,Organic,Office,OFF-021,5,30.69,EUR,0,4.02,False,Paid
OL-0000845,ORD-000510,2026-06-19,CUS-B-00159,Corporate,France,Marketplace,Office,OFF-003,1,11.05,EUR,0,4.95,False,Paid
OL-0001032,ORD-000617,2026-06-28,CUS-S-00563,Small Business,Spain,Marketplace,Office,OFF-018,4,11.62,EUR,0,4.95,False,Paid
OL-0003719,ORD-002219,2026-04-05,CUS-C-01043,Consumer,Spain,Organic,Office,OFF-009,2,77.34,EUR,0,4.96,False,Paid
OL-0004330,ORD-002592,2026-02-21,CUS-S-00573,Small Business,Germany,Organic,Home,HOM-040,2,300.99,EUR,15,10.12,False,Paid
OL-0003856,ORD-002302,2026-04-14,CUS-S-00269,Small Business,United Kingdom,Paid Search,Electronics,ELE-029,1,938.25,GBP,20,10.11,False,Paid
OL-0002988,ORD-001774,18/03/2026,CUS-C-01477,Consumer,France,Marketplace,Electronics,ELE-034,1,460.31,EUR,20,13.52,False,Paid
OL-0004351,ORD-002602,2026-06-11,,Small Business,France,Social,Home,HOM-021,2,135.11,EUR,20,10.32,False,Paid
OL-0002629,ORD-001568,21/01/2026,CUS-C-00108,Consumer,France,Social,Office,OFF-020,4,46.09,EUR,0,4.67,False,Paid
OL-0003754,ORD-002242,2026-04-02,CUS-C-00122,Consumer,Germany,Social,Office,OFF-039,4,20.66,EUR,0,4.95,False,Paid
OL-0005305,ORD-003171,23/03/2026,,Consumer,Spain,Marketplace,Office,OFF-012,4,83.73,EUR,0,5.58,False,Paid
OL-0000856,ORD-000518,2026-06-08,CUS-C-01362,Consumer,France,Organic,Electronics,ELE-012,1,526.67,EUR,20,15.75,False,Paid
OL-0003004,ORD-001786,2026-04-18,CUS-C-00936,Consumer,United Kingdom,Email,Home,HOM-036,1,125.85,GBP,0,7.74,False,Paid
OL-0000079,ORD-000045,2026-05-17,CUS-C-00320,Consumer,France,Organic,Office,OFF-001,1,57.07,EUR,0,4.05,False,Paid
OL-0002993,ORD-001777,2026-04-29,CUS-S-00088,Small Business,France,Marketplace,Home,HOM-024,3,79.47,EUR,15,8.71,False,Paid
OL-0002248,ORD-001342,2026-05-28,CUS-C-00795,Consumer,Germany,Paid Search,Electronics,ELE-005,1,533.69,EUR,15,10.36,False,Paid
OL-0004057,ORD-002428,2026-03-06,CUS-S-00574,Small Business,France,Email,Office,OFF-018,1,11.68,EUR,0,5.42,False,Paid
OL-0005476,ORD-003274,2026-01-14,CUS-S-00105,Small Business,France,Paid Search,Office,OFF-011,3,17.55,EUR,0,4.42,False,Paid
OL-0005516,ORD-003301,2026-05-04,CUS-S-00044,Small Business,Germany,Organic,Electronics,ELE-007,1,513.79,EUR,15,14.46,False,Paid
OL-0000759,ORD-000455,2026-01-30,CUS-B-00175,Corporate,France,Social,Office,OFF-030,2,68.44,EUR,0,5.86,False,Paid
OL-0004697,ORD-002802,2026-05-18,CUS-C-01182,Consumer,United States,Marketplace,Office,OFF-036,2,21.19,USD,0,5.08,False,Paid
OL-0003356,ORD-001992,2026-02-08,CUS-C-00846,Consumer,Germany,Paid Search,Office,OFF-019,1,15.62,EUR,0,5.25,False,Paid
OL-0000789,ORD-000472,08/04/2026,CUS-C-00940,Consumer,United States,Paid Search,Electronics,ELE-008,1,1200.24,USD,0,16.01,False,Paid
OL-0002280,ORD-001361,12/06/2026,CUS-C-00767,Consumer,France,Organic,Electronics,ELE-015,1,186.23,EUR,0,14.82,False,Pending
OL-0003675,ORD-002193,2026-05-25,CUS-C-00909,Consumer,United Kingdom,Organic,Home,HOM-038,1,78.96,GBP,0,8.07,False,Paid
OL-0004248,ORD-002538,2026-04-23,CUS-C-01180,Consumer,United Kingdom,Paid Search,Electronics,ELE-033,1,705.99,GBP,25,12.76,False,Paid
OL-0004978,ORD-002977,2026-06-28,CUS-S-00390,Small Business,Spain,Email,Home,HOM-038,1,97.27,EUR,25,9.99,False,Paid
OL-0004774,ORD-002853,2026-01-21,CUS-C-01113,Consumer,France,Social,Electronics,ELE-002,2,387.08,EUR,5,14.26,False,Paid
OL-0004487,ORD-002682,2026-02-08,CUS-S-00177,Small Business,Germany,Email,Office,OFF-034,1,74.32,EUR,0,5.29,False,Paid
OL-0004961,ORD-002966,09/06/2026,CUS-C-00733,Consumer,Germany,Paid Search,Home,HOM-040,3,298.67,EUR,0,9.05,False,Paid
OL-0002177,ORD-001303,15/01/2026,CUS-C-01457,Consumer,France,Paid Search,Office,OFF-025,2,9.71,EUR,0,4.94,False,Paid
OL-0000425,ORD-000258,2026-03-31,CUS-B-00228,Corporate,Germany,Paid Search,Electronics,ELE-038,1,488.88,EUR,25,10.57,False,Paid
OL-0000393,ORD-000238,2026-05-17,CUS-S-00512,Small Business,Germany,Organic,Office,OFF-040,7,55.47,EUR,0,4.29,False,Paid
OL-0002211,ORD-001321,2026-06-25,CUS-C-01175,Consumer,Germany,Paid Search,Electronics,ELE-038,2,503.78,EUR,0,14.59,False,Paid
OL-0005666,ORD-003395,2026-03-28,CUS-S-00369,Small Business,France,Organic,Office,OFF-009,4,80.13,EUR,0,5.46,False,Paid
OL-0002240,ORD-001337,25/04/2026,CUS-C-01150,Consumer,Spain,Social,Office,OFF-016,6,9.2,EUR,0,4.55,False,Paid
OL-0000105,ORD-000063,2026-06-05,CUS-C-01128,Consumer,France,Marketplace,Office,OFF-018,2,12.0,EUR,0,4.07,False,Paid
OL-0002673,ORD-001593,2026-03-19,CUS-C-01255,Consumer,Germany,Paid Search,Office,OFF-022,3,23.41,EUR,0,3.85,False,Paid
OL-0005486,ORD-003281,2026-01-16,CUS-B-00203,Corporate,United Kingdom,Marketplace,Electronics,ELE-025,1,373.63,GBP,20,12.65,False,Paid
OL-0005024,ORD-003006,2026-04-04,CUS-S-00402,Small Business,Spain,Organic,Electronics,ELE-001,1,577.24,EUR,15,11.3,False,Paid
OL-0002069,ORD-001234,2026-04-04,CUS-C-00719,Consumer,France,Email,Electronics,ELE-035,2,440.59,EUR,25,16.47,False,Paid
OL-0003976,ORD-002380,2026-04-01,CUS-C-01360,Consumer,Germany,Paid Search,Electronics,ELE-032,1,524.81,EUR,15,12.02,False,Paid
OL-0003494,ORD-002080,2026-04-27,CUS-S-00016,Small Business,France,Social,Office,OFF-012,4,83.53,EUR,0,4.41,False,Paid
OL-0001949,ORD-001158,05/02/2026,CUS-C-01109,Consumer,France,Organic,Electronics,ELE-009,2,213.73,EUR,15,13.67,False,Paid
OL-0001460,ORD-000873,2026-06-21,CUS-C-00979,Consumer,Germany,Social,Office,OFF-021,1,28.67,EUR,0,3.6,False,Paid
OL-0001769,ORD-001057,2026-05-18,CUS-B-00199,Corporate,United States,Organic,Home,HOM-016,2,303.28,USD,0,11.5,False,Paid
OL-0003299,ORD-001960,2026-02-13,CUS-C-01293,Consumer,France,Organic,Office,OFF-006,3,28.25,EUR,0,4.59,False,Paid
OL-0005483,ORD-003279,03/02/2026,CUS-S-00099,Small Business,Germany,Paid Search,Home,HOM-033,2,64.0,EUR,15,7.53,False,Paid
OL-0003832,ORD-002288,20/05/2026,CUS-C-01334,Consumer,Germany,Organic,Office,OFF-030,2,65.29,EUR,0,4.71,False,Paid
OL-0005742,ORD-003440,2026-04-27,CUS-C-00066,Consumer,France,Paid Search,Office,OFF-024,2,17.89,EUR,0,5.81,False,Paid
OL-0001588,ORD-000948,2026-05-15,CUS-C-01313,Consumer,Germany,Paid Search,Home,HOM-001,3,262.03,EUR,15,9.17,False,Pending
OL-0004640,ORD-002770,15/04/2026,CUS-C-01112,Consumer,United Kingdom,Social,Office,OFF-029,4,77.18,GBP,0,5.08,False,Pending
OL-0001732,ORD-001032,2026-03-08,CUS-C-00200,Consumer,Germany,Email,Office,OFF-033,1,33.79,EUR,0,3.62,False,Paid
OL-0005713,ORD-003423,2026-05-01,CUS-S-00050,Small Business,United States,Social,Home,HOM-012,2,137.8,USD,15,9.9,False,Paid
OL-0004673,ORD-002791,2026-04-10,,Small Business,France,Marketplace,Office,OFF-005,1,53.04,EUR,20,4.97,False,Paid
OL-0000183,ORD-000113,25/04/2026,CUS-S-00369,Small Business,United States,Social,Home,HOM-033,3,73.2,USD,0,10.88,False,Paid
OL-0001792,ORD-001069,2026-06-03,CUS-C-00369,Consumer,France,Organic,Electronics,ELE-004,1,1068.97,EUR,0,12.88,False,Paid
OL-0002356,ORD-001405,14/01/2026,CUS-S-00162,Small Business,France,Email,Office,OFF-034,2,74.03,EUR,0,3.96,False,Paid
OL-0001941,ORD-001152,2026-04-23,CUS-C-00415,Consumer,Spain,Organic,Home,HOM-029,1,69.51,EUR,0,10.72,False,Paid
OL-0000703,ORD-000424,22/05/2026,CUS-B-00011,Corporate,United Kingdom,Email,Home,HOM-037,2,111.77,GBP,20,5.52,False,Paid
OL-0002443,ORD-001452,2026-02-09,,Corporate,Spain,Social,Home,HOM-003,1,156.63,EUR,0,9.71,False,Paid
OL-0005231,ORD-003129,17/04/2026,CUS-B-00129,Corporate,United States,Paid Search,Office,OFF-036,-5,22.59,USD,0,4.85,True,Refunded
OL-0000497,ORD-000304,2026-03-10,CUS-S-00579,Small Business,Spain,Social,Home,HOM-031,2,75.76,EUR,20,8.02,False,Paid
OL-0004664,ORD-002787,2026-04-12,CUS-C-01422,Consumer,Spain,Paid Search,Home,HOM-005,1,255.25,EUR,0,10.68,False,Paid
OL-0000465,ORD-000287,2026-01-11,CUS-S-00458,Small Business,Spain,Email,Home,HOM-035,2,192.92,EUR,0,9.02,False,Paid
OL-0003801,ORD-002271,07/05/2026,CUS-C-00978,Consumer,France,Paid Search,Home,HOM-031,1,77.78,EUR,0,7.41,False,Paid
OL-0005184,ORD-003099,2026-06-09,CUS-C-00015,Consumer,Germany,Paid Search,Home,HOM-026,1,201.98,EUR,10,10.62,False,Paid
OL-0000173,ORD-000106,19/02/2026,CUS-B-00145,Corporate,Germany,Organic,Electronics,ELE-030,1,1103.35,EUR,10,11.72,False,Paid
OL-0002021,ORD-001203,30/06/2026,CUS-C-00217,Consumer,United Kingdom,Email,Home,HOM-011,2,82.02,GBP,0,9.18,False,Paid
OL-0005751,ORD-003447,2026-04-14,CUS-C-00529,Consumer,Spain,Organic,Electronics,ELE-005,3,553.37,EUR,15,11.05,False,Paid
OL-0005339,ORD-003190,2026-04-17,CUS-C-00175,Consumer,France,Email,Home,HOM-030,1,129.02,EUR,0,6.68,False,Paid
OL-0002541,ORD-001513,04/05/2026,CUS-S-00573,Small Business,Germany,Email,Electronics ,ELE-013,2,327.33,EUR,25,15.12,False,Paid
OL-0000343,ORD-000210,2026-03-19,CUS-C-00609,Consumer,Germany,Organic,Electronics,ELE-033,1,861.73,EUR,10,11.36,False,Paid
OL-0002010,ORD-001196,2026-06-26,CUS-B-00044,Corporate,France,Social,Electronics,ELE-024,1,1078.2,EUR,15,10.94,False,Paid
OL-0002261,ORD-001349,10/04/2026,CUS-C-00327,Consumer,Germany,Social,Home,HOM-029,1,68.23,EUR,20,9.71,False,Paid
OL-0003085,ORD-001838,25/02/2026,CUS-B-00187,Corporate,France,Email,Office,OFF-004,3,17.51,EUR,0,3.68,False,Paid
OL-0002113,ORD-001263,2026-01-26,CUS-B-00184,Corporate,United Kingdom,Organic,Office,OFF-019,27,13.26,GBP,0,3.42,False,Paid
OL-0000901,ORD-000543,23/02/2026,CUS-S-00294,Small Business,Germany,Email,Office,OFF-004,6,18.03,EUR,0,6.02,False,Paid
OL-0001447,ORD-000866,21/02/2026,CUS-S-00341,Small Business,France,Email,Office,OFF-019,1,14.98,EUR,0,4.86,False,Paid
OL-0001912,ORD-001135,02/01/2026,CUS-C-01156,Consumer,France,Marketplace,Electronics,ELE-011,1,1186.87,EUR,15,14.89,False,Paid
OL-0003543,ORD-002111,2026-05-15,,Consumer,United Kingdom,Marketplace,Electronics,ELE-037,1,242.21,GBP,15,14.41,False,Paid
OL-0002698,ORD-001607,2026-03-10,CUS-S-00096,Small Business,Germany,Paid Search,Home,HOM-021,1,130.26,EUR,20,9.28,False,Paid
OL-0005633,ORD-003378,2026-01-25,CUS-S-00473,Small Business,Germany,Email,Electronics,ELE-003,1,419.82,EUR,0,14.72,False,Paid
OL-0003663,ORD-002187,2026-05-10,CUS-C-01272,Consumer,Germany,Paid Search,Office,OFF-023,1,56.52,EUR,0,5.81,False,Paid
OL-0000742,ORD-000446,2026-04-11,CUS-B-00176,Corporate,Spain,Paid Search,Home,HOM-030,1,132.81,EUR,0,7.56,False,Paid
OL-0002294,ORD-001372,2026-03-26,,Consumer,Spain,Organic,Office,OFF-014,3,28.29,EUR,0,3.78,False,Paid
OL-0002453,ORD-001458,20/05/2026,CUS-S-00238,Small Business,United States,Email,Electronics,ELE-008,1,1215.52,USD,15,17.37,False,Paid
OL-0003706,ORD-002212,27/06/2026,CUS-B-00028,Corporate,United Kingdom,Marketplace,Electronics,ELE-020,1,397.88,GBP,10,13.08,False,Paid
OL-0004898,ORD-002929,2026-01-26,CUS-C-00347,Consumer,Spain,Organic,Office,OFF-001,1,55.05,EUR,10,4.12,False,Paid
OL-0001207,ORD-000718,2026-04-24,CUS-C-01217,Consumer,Spain,Paid Search,Office,OFF-027,3,53.23,EUR,0,4.58,False,Paid
OL-0000510,ORD-000314,2026-01-17,CUS-B-00250,Corporate,France,Paid Search,Home,HOM-032,2,240.89,EUR,0,9.84,False,Paid
OL-0005289,ORD-003162,25/04/2026,CUS-S-00373,Small Business,France,Social,Electronics,ELE-012,1,526.63,EUR,5,11.72,False,Paid
OL-0003704,ORD-002211,2026-06-22,CUS-C-00870,Consumer,France,Paid Search,Electronics,ELE-018,1,1142.83,EUR,20,10.22,False,Paid
OL-0003969,ORD-002377,2026-04-01,CUS-S-00467,Small Business,Spain,Organic,Office,OFF-021,2,30.0,EUR,0,6.0,False,Paid
OL-0005432,ORD-003249,2026-05-10,CUS-S-00239,Small Business,France,Organic,Home,HOM-014,1,183.35,EUR,0,7.09,False,Paid
OL-0001550,ORD-000923,14/02/2026,CUS-C-00595,Consumer,United Kingdom,Social,Office,OFF-040,3,49.96,GBP,0,3.92,False,Paid
OL-0003030,ORD-001801,2026-04-26,CUS-S-00285,Small Business,United Kingdom,Paid Search,Home,HOM-021,1,117.41,GBP,15,5.59,False,Paid
OL-0004523,ORD-002701,2026-01-11,,Corporate,Spain,Marketplace,Home,HOM-017,1,52.05,EUR,0,10.01,False,Paid
OL-0002203,ORD-001317,06/03/2026,CUS-C-00406,Consumer,France,Organic,Electronics,ELE-033,1,834.46,EUR,10,12.06,False,Paid
OL-0002567,ORD-001528,2026-03-04,CUS-C-00655,Consumer,Spain,Paid Search,Electronics,ELE-013,1,345.2,EUR,15,16.32,False,Paid
OL-0003790,ORD-002265,16/01/2026,CUS-C-00936,Consumer,France,Organic,Home,HOM-014,1,194.95,EUR,0,9.38,False,Paid
OL-0002045,ORD-001219,2026-05-23,CUS-S-00042,Small Business,France,Paid Search,Office,OFF-024,2,16.81,EUR,0,5.58,False,Paid
OL-0000768,ORD-000460,2026-04-11,CUS-S-00461,Small Business,United Kingdom,Social,Electronics,ELE-020,1,392.83,GBP,25,9.49,False,Paid
OL-0002084,ORD-001247,2026-02-09,CUS-C-00281,Consumer,Germany,Organic,Electronics,ELE-018,1,1152.58,EUR,10,12.6,False,Paid
OL-0003700,ORD-002209,17/02/2026,CUS-C-00296,Consumer,Spain,Organic,Office,OFF-024,1,17.5,EUR,0,3.73,False,Paid
OL-0001509,ORD-000904,09/02/2026,CUS-C-00003,Consumer,Spain,Paid Search,Office,OFF-032,2,52.87,EUR,0,5.45,False,Pending
OL-0003135,ORD-001865,2026-02-19,CUS-S-00014,Small Business,United Kingdom,Organic,Electronics,ELE-018,-1,945.77,GBP,10,10.03,True,Refunded
OL-0000125,ORD-000076,2026-02-18,CUS-C-01139,Consumer,Germany,Email,Electronics,ELE-017,3,809.39,EUR,15,12.07,False,Paid
OL-0000422,ORD-000256,2026-05-05,CUS-C-01080,Consumer,France,Organic,Electronics,ELE-020,1,475.1,EUR,10,11.75,False,Paid
OL-0000124,ORD-000075,28/01/2026,CUS-C-01079,Consumer,Spain,Paid Search,Home,HOM-029,1,66.86,EUR,0,6.48,False,Paid
OL-0005425,ORD-003244,29/05/2026,CUS-C-00121,Consumer,Spain,Paid Search,Home,HOM-038,1,95.35,EUR,0,8.95,False,Paid
OL-0003716,ORD-002218,04/04/2026,CUS-S-00322,Small Business,United Kingdom,Organic,Office,OFF-026,2,18.25,GBP,0,4.24,False,Paid
OL-0003293,ORD-001957,01/02/2026,CUS-C-00359,Consumer,United Kingdom,Social,Home,HOM-019,1,59.1,GBP,20,6.62,False,Paid
OL-0000820,ORD-000495,28/01/2026,CUS-C-00535,Consumer,France,Paid Search,Home,HOM-006,2,80.81,EUR,0,10.34,False,Pending
OL-0001404,ORD-000841,2026-03-20,CUS-S-00320,Small Business,France,Email,Electronics,ELE-035,2,437.69,EUR,20,10.2,False,Paid
OL-0001383,ORD-000829,2026-01-22,CUS-C-00236,Consumer,France,Marketplace,Office,OFF-039,7,19.48,EUR,0,4.07,False,Paid
OL-0002149,ORD-001284,25/02/2026,CUS-C-01052,Consumer,Spain,Paid Search,Home,HOM-016,1,279.92,EUR,0,9.38,False,Paid
OL-0005045,ORD-003017,2026-01-25,CUS-C-00096,Consumer,Spain,Paid Search,Home,HOM-005,1,264.8,EUR,0,7.99,False,Paid
OL-0001576,ORD-000939,20/06/2026,CUS-B-00015,Corporate,Spain,Email,Home,HOM-022,1,69.02,EUR,0,8.93,False,Paid
OL-0001639,ORD-000980,08/06/2026,CUS-S-00289,Small Business,France,Organic,Electronics,ELE-019,2,252.19,EUR,10,12.65,False,Paid
OL-0001796,ORD-001071,2026-05-05,CUS-S-00508,Small Business,United Kingdom,Email,Electronics,ELE-009,2,188.7,GBP,20,11.44,False,Paid
OL-0003332,ORD-001980,2026-01-18,CUS-C-00622,Consumer,United Kingdom,Organic,Electronics,ELE-008,-1,992.59,GBP,20,8.7,True,Paid
OL-0005771,ORD-003457,04/06/2026,CUS-C-00756,Consumer,Spain,Marketplace,Office,OFF-010,2,12.32,EUR,0,4.31,False,Paid
OL-0005337,ORD-003188,2026-01-07,CUS-S-00501,Small Business,Germany,Email,Home,HOM-030,1,133.71,EUR,0,9.15,False,Paid
OL-0000400,ORD-000242,2026-03-21,CUS-S-00028,Small Business,France,Email,Home,HOM-021,-2,136.76,EUR,15,7.43,True,Paid
OL-0003152,ORD-001873,2026-02-18,CUS-S-00533,Small Business,Germany,Organic,Office,OFF-039,4,19.82,EUR,0,5.14,False,Paid
OL-0002311,ORD-001381,2026-06-15,CUS-S-00357,Small Business,Germany,Social,Home,HOM-026,1,191.64,EUR,20,8.86,False,Paid
OL-0000883,ORD-000532,2026-02-10,CUS-C-00329,Consumer,Germany,Marketplace,Home,HOM-010,1,139.84,EUR,0,9.67,False,Paid
OL-0003566,ORD-002131,2026-03-01,CUS-C-00934,Consumer,Germany,Paid Search,Electronics,ELE-019,2,251.8,EUR,15,14.58,False,Paid
OL-0001506,ORD-000901,02/05/2026,CUS-C-00490,Consumer,Germany,Organic,Electronics,ELE-027,1,672.23,EUR,0,13.22,False,Paid
OL-0001180,ORD-000704,09/06/2026,CUS-C-01207,Consumer,Germany,Email,Electronics,ELE-013,1,329.83,EUR,5,15.67,False,Paid
OL-0001353,ORD-000813,2026-02-18,CUS-C-01157,Consumer,Spain,Paid Search,Office,OFF-017,7,9.56,EUR,0,5.46,False,Paid
OL-0003883,ORD-002320,05/01/2026,CUS-B-00104,Corporate,Spain,Organic,Electronics,ELE-036,-1,1170.65,EUR,10,12.36,True,Refunded
OL-0005456,ORD-003264,25/02/2026,CUS-C-00302,Consumer,Spain,Organic,Home,HOM-039,2,47.08,EUR,0,9.05,False,Paid
OL-0002131,ORD-001271,2026-06-29,CUS-B-00156,Corporate,Germany,Social,Electronics,ELE-019,1,245.17,EUR,20,12.88,False,Paid
OL-0000983,ORD-000594,11/01/2026,CUS-B-00076,Corporate,Germany,Paid Search,Office,OFF-011,2,17.2,EUR,0,5.63,False,Paid
OL-0000457,ORD-000280,2026-03-10,CUS-C-01175,Consumer,United Kingdom,Paid Search,Home,HOM-028,3,281.43,GBP,0,6.95,False,Paid
OL-0001487,ORD-000889,2026-06-26,CUS-S-00107,Small Business,Spain,Email,Electronics,ELE-039,1,223.37,EUR,15,10.12,False,Paid
OL-0001080,ORD-000644,2026-04-23,CUS-S-00579,Small Business,United Kingdom,Organic,Electronics,ELE-037,1,240.87,GBP,0,11.94,False,Pending
OL-0001951,ORD-001160,2026-06-12,CUS-B-00053,Corporate,United States,Organic,Electronics,ELE-032,1,577.32,USD,25,16.78,False,Paid
OL-0005159,ORD-003085,2026-02-26,CUS-C-00689,Consumer,Spain,Organic,Home,HOM-027,2,111.15,EUR,0,8.35,False,Paid
OL-0000690,ORD-000415,2026-03-22,CUS-C-00900,Consumer,France,Email,Electronics,ELE-033,1,844.63,EUR,10,13.73,False,Paid
OL-0002430,ORD-001445,2026-02-16,CUS-B-00105,Corporate,United Kingdom,Paid Search,Office,OFF-034,4,62.57,GBP,0,4.28,False,Paid
OL-0000642,ORD-000390,2026-02-15,CUS-S-00537,Small Business,Germany,Organic,Home,HOM-004,2,55.59,EUR,0,9.14,False,Paid
OL-0002393,ORD-001421,2026-06-05,CUS-C-00307,Consumer,United Kingdom,Organic,Electronics,ELE-023,2,445.42,GBP,15,9.16,False,Paid
OL-0002826,ORD-001684,2026-03-17,CUS-C-00033,Consumer,Germany,Social,Electronics,ELE-036,1,1187.92,EUR,0,10.1,False,Paid
OL-0001954,ORD-001162,2026-06-24,CUS-S-00542,Small Business,France,Organic,Home,HOM-040,2,306.98,EUR,15,8.09,False,Paid
OL-0003539,ORD-002108,2026-01-21,CUS-C-01169,Consumer,France,Organic,Office,OFF-035,5,33.97,EUR,0,5.93,False,Paid
OL-0003890,ORD-002326,2026-03-25,CUS-B-00158,Corporate,France,Paid Search,Electronics,ELE-003,3,435.24,EUR,10,13.3,False,Paid
OL-0003059,ORD-001821,2026-05-10,CUS-C-00056,Consumer,United States,Social,Home,HOM-021,1,139.91,USD,0,7.28,False,Paid
OL-0003916,ORD-002342,2026-01-07,CUS-S-00148,Small Business,France,Social,Home,HOM-018,3,48.21,EUR,10,10.3,False,Paid
OL-0004801,ORD-002871,2026-04-08,CUS-C-01280,Consumer,Germany,Organic,Home,HOM-001,-2,262.59,EUR,15,8.56,True,Refunded
OL-0002711,ORD-001615,2026-01-27,CUS-C-01462,Consumer,Spain,Paid Search,Electronics,ELE-006,1,209.11,EUR,20,10.53,False,Paid
OL-0001084,ORD-000646,31/05/2026,CUS-S-00298,Small Business,Spain,Social,Electronics,ELE-036,1,1177.54,EUR,0,14.07,False,Paid
OL-0004449,ORD-002656,2026-05-16,CUS-C-01457,Consumer,France,Organic,Electronics,ELE-018,1,1075.22,EUR,0,11.52,False,Paid
OL-0005715,ORD-003425,2026-04-07,CUS-C-00719,Consumer,Spain,Paid Search,Electronics,ELE-039,1,222.9,EUR,15,11.28,False,Paid
OL-0004119,ORD-002462,11/01/2026,CUS-C-00358,Consumer,Spain,Social,Office,OFF-020,1,46.07,EUR,10,5.21,False,Paid
OL-0001885,ORD-001121,2026-01-31,CUS-C-00706,Consumer,United Kingdom,Social,Home,HOM-005,2,231.24,GBP,0,8.08,False,Paid
OL-0004511,ORD-002694,2026-05-12,CUS-S-00412,Small Business,Germany,Email,Home,HOM-032,1,244.41,EUR,0,9.57,False,Paid
OL-0000390,ORD-000236,2026-02-07,CUS-C-00057,Consumer,Germany,Organic,Office,OFF-019,2,15.5,EUR,0,5.71,False,Paid
OL-0002495,ORD-001487,2026-06-06,CUS-S-00049,Small Business,Germany,Organic,Office,OFF-017,1,9.72,EUR,0,4.24,False,Paid
OL-0001852,ORD-001103,2026-03-20,CUS-B-00105,Corporate,Spain,Email,Home,HOM-038,1,95.65,EUR,20,10.59,False,Paid
OL-0003037,ORD-001805,21/05/2026,CUS-C-01429,Consumer,Germany,Paid Search,Home,HOM-005,1,260.1,EUR,20,9.81,False,Paid
OL-0005796,ORD-003471,01/06/2026,CUS-B-00173,Corporate,Germany,Social,Office,OFF-023,4,56.07,EUR,0,5.71,False,Paid
OL-0003604,ORD-002149,21/03/2026,CUS-S-00043,Small Business,France,Social,Office,OFF-021,4,28.63,EUR,0,6.02,False,Pending
OL-0000846,ORD-000511,2026-02-08,,Consumer,France,Social,Office,OFF-008,2,7.96,EUR,0,5.41,False,Paid
OL-0000543,ORD-000334,2026-06-25,CUS-C-01110,Consumer,United Kingdom,Email,Home,HOM-012,-1,109.01,GBP,0,8.24,True,Refunded
OL-0003725,ORD-002223,14/05/2026,,Consumer,France,Marketplace,Office,OFF-025,2,9.65,EUR,0,3.89,False,Paid
OL-0000092,ORD-000054,2026-05-29,CUS-C-00561,Consumer,Germany,Email,Home,HOM-006,1,87.48,EUR,15,7.11,False,Paid
OL-0003680,ORD-002196,2026-05-29,CUS-C-01127,Consumer,Germany,Social,Home,HOM-023,1,45.42,EUR,0,9.94,False,Paid
OL-0005642,ORD-003382,17/05/2026,CUS-S-00067,Small Business,France,Paid Search,Electronics,ELE-022,1,371.07,EUR,25,10.56,False,Paid
OL-0003905,ORD-002335,24/05/2026,CUS-S-00363,Small Business,Spain,Paid Search,Office,OFF-001,1,57.95,EUR,0,5.57,False,Paid
OL-0001980,ORD-001179,2026-02-06,CUS-C-01258,Consumer,Spain,Email,Electronics,ELE-009,1,213.79,EUR,10,16.18,False,Paid
OL-0003245,ORD-001933,2026-05-03,CUS-B-00191,Corporate,France,Paid Search,Office,OFF-023,3,55.04,EUR,0,5.75,False,Paid
OL-0003979,ORD-002381,2026-04-22,CUS-C-01354,Consumer,United Kingdom,Paid Search,Home,HOM-003,1,132.74,GBP,0,5.99,False,Paid
OL-0003151,ORD-001873,2026-02-18,CUS-S-00533,Small Business,Germany,Organic,Home,HOM-007,3,136.98,EUR,10,9.98,False,Paid
OL-0004901,ORD-002931,2026-03-01,CUS-S-00494,Small Business,Germany,Paid Search,Office,OFF-005,1,56.13,EUR,0,4.17,False,Paid
OL-0004105,ORD-002454,2026-03-14,,Small Business,United Kingdom,Paid Search,Electronics,ELE-035,1,391.49,GBP,0,10.48,False,Paid
OL-0004623,ORD-002762,2026-06-24,CUS-C-00844,Consumer,United States,Paid Search,Electronics,ELE-027,1,694.48,USD,10,13.27,False,Paid
OL-0002965,ORD-001760,2026-06-14,CUS-C-01231,Consumer,Spain,Paid Search,Office,OFF-022,3,21.74,EUR,0,4.74,False,Paid
OL-0003464,ORD-002062,2026-01-17,CUS-B-00216,Corporate,Spain,Organic,Electonic,ELE-022,1,385.32,EUR,10,10.92,False,Paid
OL-0002530,ORD-001505,2026-02-13,CUS-S-00133,Small Business,France,Email,Office,OFF-030,4,62.54,EUR,0,5.63,False,Paid
OL-0004109,ORD-002456,02/05/2026,CUS-C-00370,Consumer,Spain,Marketplace,Home,HOM-031,1,75.8,EUR,10,9.35,False,Paid
OL-0001677,ORD-001001,2026-02-09,CUS-C-01487,Consumer,United Kingdom,Marketplace,Home,HOM-012,2,114.39,GBP,15,8.53,False,Paid
OL-0001049,ORD-000626,01/01/2026,CUS-S-00523,Small Business,United Kingdom,Social,Electronics,ELE-021,2,413.5,GBP,0,12.64,False,Paid
OL-0002950,ORD-001754,2026-01-09,CUS-B-00158,Corporate,Spain,Organic,Electronics,ELE-002,1,395.79,EUR,20,15.2,False,Paid
OL-0001961,ORD-001166,2026-06-21,,Consumer,United Kingdom,Social,Home,HOM-009,1,111.63,GBP,20,5.56,False,Paid
OL-0002531,ORD-001505,2026-02-13,CUS-S-00133,Small Business,France,Email,Office,OFF-003,4,10.63,EUR,0,4.51,False,Paid
OL-0004413,ORD-002639,2026-04-13,CUS-B-00093,Corporate,France,Organic,Home,HOM-039,4,44.67,EUR,0,9.03,False,Paid
OL-0004904,ORD-002933,10/01/2026,CUS-S-00487,Small Business,United Kingdom,Email,Office,OFF-028,5,21.88,GBP,0,3.29,False,Paid
OL-0003940,ORD-002357,2026-02-09,CUS-C-01299,Consumer,France,Organic,Office,OFF-010,1,11.78,EUR,0,4.66,False,Paid
OL-0000238,ORD-000148,2026-02-22,CUS-S-00013,Small Business,Germany,Organic,Home,HOM-025,-3,131.04,EUR,0,8.2,True,Paid
OL-0004150,ORD-002483,13/04/2026,CUS-C-00828,Consumer,Spain,Social,Electronics,ELE-014,-1,182.33,EUR,20,12.95,True,Paid
OL-0004858,ORD-002907,2026-02-25,CUS-C-01472,Consumer,Germany,Paid Search,Electronics,ELE-032,1,520.25,EUR,15,16.14,False,Paid
OL-0001134,ORD-000674,2026-03-23,CUS-C-00980,Consumer,France,Paid Search,Home,HOM-003,3,162.05,EUR,20,7.07,False,Paid
OL-0002881,ORD-001713,2026-03-04,CUS-C-01017,Consumer,United Kingdom,Paid Search,Home,HOM-040,1,255.05,GBP,5,7.69,False,Paid
OL-0001806,ORD-001076,2026-05-03,CUS-B-00089,Corporate,France,Email,Office,OFF-019,1,15.29,EUR,0,3.65,False,Paid
OL-0004959,ORD-002964,2026-03-13,CUS-C-00766,Consumer,United Kingdom,Email,Home,HOM-003,2,133.31,GBP,0,5.61,False,Paid
OL-0000164,ORD-000102,2026-03-11,CUS-C-00904,Consumer,Germany,Email,Electronics,ELE-033,-1,810.68,EUR,5,15.0,True,Paid
OL-0004528,ORD-002704,2026-02-04,CUS-C-00719,Consumer,Spain,Organic,Electronics,ELE-025,1,415.32,EUR,0,10.92,False,Paid
OL-0005705,ORD-003420,2026-02-27,CUS-B-00200,Corporate,United Kingdom,Organic,Electronics,ELE-022,2,333.96,GBP,10,11.1,False,Paid
OL-0005648,ORD-003385,10/02/2026,CUS-C-01047,Consumer,Spain,Email,Office,OFF-034,2,73.17,EUR,0,4.46,False,Paid
OL-0004429,ORD-002647,05/03/2026,CUS-S-00503,Small Business,Spain,Paid Search,Office,OFF-007,5,41.66,EUR,0,4.54,False,Paid
OL-0004499,ORD-002689,2026-06-20,CUS-C-00875,Consumer,Germany,Marketplace,Office,OFF-015,6,68.29,EUR,0,5.8,False,Paid
OL-0004327,ORD-002590,2026-05-13,CUS-C-00336,Consumer,Germany,Social,Office,OFF-025,4,9.86,EUR,0,3.93,False,Paid
OL-0000266,ORD-000165,2026-02-20,CUS-C-01278,Consumer,Germany,Marketplace,Home,HOM-029,-4,71.36,EUR,0,9.03,True,Refunded
OL-0002002,ORD-001193,2026-05-24,CUS-C-00335,Consumer,France,Paid Search,Home,HOM-031,2,78.87,EUR,5,8.68,False,Paid
OL-0001812,ORD-001081,2026-02-12,CUS-B-00066,Corporate,United Kingdom,Email,Home,HOM-012,2,110.18,GBP,0,7.32,False,Paid
OL-0003278,ORD-001952,26/03/2026,CUS-C-00073,Consumer,France,Social,Electronics,ELE-009,1,226.15,EUR,20,11.55,False,Paid
OL-0005610,ORD-003364,2026-05-20,,Corporate,United States,Marketplace,Home,HOM-031,1,82.38,USD,0,8.88,False,Paid
OL-0002979,ORD-001770,21/03/2026,CUS-S-00586,Small Business,United Kingdom,Paid Search,Electronics,ELE-007,1,404.75,GBP,0,9.49,False,Paid
OL-0004261,ORD-002548,2026-05-21,CUS-C-00245,Consumer,France,Social,Home,HOM-028,1,335.03,EUR,10,10.59,False,Paid
OL-0002907,ORD-001729,2026-05-24,CUS-C-01312,Consumer,Germany,Organic,Electronics,ELE-012,1,555.09,EUR,10,13.71,False,Paid
OL-0004291,ORD-002569,2026-06-22,CUS-B-00061,Corporate,France,Paid Search,Electronics,ELE-029,2,1115.19,EUR,25,12.3,False,Paid
OL-0005498,ORD-003291,01/05/2026,CUS-C-00732,Consumer,Germany,Organic,Office,OFF-012,3,84.54,EUR,0,4.18,False,Paid
OL-0001429,ORD-000855,2026-06-11,CUS-S-00493,Small Business,France,Social,Office,OFF-020,5,45.86,EUR,0,4.11,False,Paid
OL-0000399,ORD-000242,2026-03-21,CUS-S-00028,Small Business,France,Email,Home,HOM-007,1,141.9,EUR,0,9.7,False,Paid
OL-0003965,ORD-002373,13/03/2026,CUS-S-00437,Small Business,Spain,Paid Search,Office,OFF-026,1,20.44,EUR,0,5.78,False,Paid
OL-0005006,ORD-002995,2026-06-25,CUS-C-00765,Consumer,United Kingdom,Paid Search,Home,HOM-020,1,52.13,GBP,0,8.77,False,Paid
OL-0000948,ORD-000573,29/05/2026,CUS-C-00122,Consumer,Germany,Paid Search,Office,OFF-038,2,59.59,EUR,0,5.16,False,Paid
OL-0003079,ORD-001832,2026-03-27,CUS-C-00608,Consumer,United Kingdom,Paid Search,Office,OFF-009,2,64.79,GBP,0,4.1,False,Paid
OL-0003139,ORD-001866,2026-06-17,,Small Business,United Kingdom,Paid Search,Office,OFF-036,3,16.91,GBP,0,3.75,False,Paid
OL-0005348,ORD-003196,2026-04-03,,Small Business,United Kingdom,Paid Search,Office,OFF-023,2,47.16,GBP,0,4.6,False,Paid
OL-0004924,ORD-002945,31/05/2026,,Consumer,Germany,Paid Search,Home,HOM-008,3,72.48,EUR,20,10.07,False,Paid
OL-0005574,ORD-003338,03/04/2026,CUS-C-00134,Consumer,France,Social,Electronics,ELE-035,1,445.45,EUR,20,14.34,False,Paid
OL-0005149,ORD-003079,2026-06-25,CUS-C-00025,Consumer,Germany,Email,Office,OFF-037,3,12.93,EUR,0,4.84,False,Paid
OL-0003230,ORD-001921,2026-06-12,CUS-S-00109,Small Business,Germany,Email,Home,HOM-029,3,66.89,EUR,10,7.62,False,Paid
OL-0003995,ORD-002391,2026-03-12,CUS-S-00220,Small Business,Spain,Organic,Electronics,ELE-033,1,792.19,EUR,20,12.46,False,Paid
OL-0001453,ORD-000868,22/04/2026,CUS-C-01429,Consumer,France,Paid Search,Home,HOM-018,2,48.04,EUR,0,6.68,False,Paid
OL-0000594,ORD-000362,27/04/2026,CUS-S-00120,Small Business,Spain,Paid Search,Electronics,ELE-032,2,518.99,EUR,15,11.24,False,Paid
OL-0002726,ORD-001625,2026-01-11,CUS-S-00443,Small Business,France,Paid Search,Electronics,ELE-010,3,1158.2,EUR,15,12.31,False,Paid
OL-0000042,ORD-000023,2026-03-07,CUS-S-00210,Small Business,Spain,Marketplace,Home,HOM-030,2,138.21,EUR,0,9.09,False,Paid
OL-0000561,ORD-000343,2026-04-09,CUS-C-00943,Consumer,United States,Organic,Office,OFF-029,1,95.4,USD,20,5.81,False,Paid
OL-0004832,ORD-002894,2026-03-27,CUS-C-00743,Consumer,Germany,Marketplace,Electronics,ELE-016,-1,379.08,EUR,15,11.81,True,Paid
OL-0005151,ORD-003080,2026-01-23,,Consumer,Spain,Marketplace,Electronics,ELE-015,2,182.8,EUR,0,11.16,False,Paid
OL-0000490,ORD-000299,2026-06-29,CUS-B-00120,Corporate,Germany,Email,Office,OFF-015,-1,68.39,EUR,0,5.98,True,Refunded
OL-0000244,ORD-000152,29/05/2026,CUS-B-00179,Corporate,France,Email,Office,OFF-011,1,17.61,EUR,0,4.98,False,Pending
OL-0003173,ORD-001884,2026-05-05,CUS-C-01028,Consumer,Germany,Marketplace,Home,HOM-029,3,68.83,EUR,0,7.42,False,Paid
OL-0001340,ORD-000806,2026-01-03,CUS-B-00028,Corporate,France,Paid Search,Electronics,ELE-007,1,516.83,EUR,10,14.1,False,Paid
OL-0003937,ORD-002355,24/01/2026,,Consumer,Germany,Organic,Electronics,ELE-029,1,1115.4,EUR,20,13.97,False,Paid
OL-0001403,ORD-000840,2026-04-14,CUS-S-00181,Small Business,Spain,Marketplace,Home,HOM-001,1,261.42,EUR,15,8.7,False,Paid
OL-0000406,ORD-000246,2026-06-23,CUS-S-00168,Small Business,United Kingdom,Social,Electronics,ELE-019,1,213.16,GBP,25,11.48,False,Paid
OL-0001443,ORD-000863,2026-04-07,CUS-S-00464,Small Business,Germany,Paid Search,Office,OFF-001,7,55.14,EUR,0,4.54,False,Paid
OL-0000262,ORD-000162,11/04/2026,CUS-C-00586,Consumer,Germany,Email,Electronics,ELE-001,1,599.76,EUR,10,11.92,False,Pending
OL-0003913,ORD-002339,21/04/2026,,Consumer,Germany,Marketplace,Office,OFF-008,4,8.23,EUR,0,5.59,False,Paid
OL-0003538,ORD-002108,2026-01-21,CUS-C-01169,Consumer,France,Organic,Home,HOM-036,1,142.72,EUR,0,6.64,False,Paid
OL-0005469,ORD-003271,2026-02-18,CUS-C-00477,Consumer,United Kingdom,Organic,Home,HOM-006,1,70.72,GBP,0,6.0,False,Paid
OL-0001690,ORD-001010,2026-04-23,,Corporate,Germany,Paid Search,Office,OFF-017,6,9.97,EUR,0,4.6,False,Paid
OL-0003479,ORD-002071,22/03/2026,,Consumer,Germany,Social,Office,OFF-034,4,71.02,EUR,0,5.4,False,Paid
OL-0001726,ORD-001029,2026-06-13,,Consumer,France,Marketplace,Home,HOM-005,2,254.39,EUR,0,9.04,False,Paid
OL-0001204,ORD-000716,29/04/2026,,Small Business,United Kingdom,Marketplace,Home,HOM-037,2,116.06,GBP,0,8.75,False,Paid
OL-0000835,ORD-000503,2026-04-23,CUS-C-00090,Consumer,United States,Organic,Office,OFF-024,3,19.62,USD,0,3.94,False,Paid
OL-0001867,ORD-001112,2026-06-14,CUS-S-00015,Small Business,France,Social,Office,OFF-007,6,38.38,EUR,0,5.94,False,Paid
OL-0002497,ORD-001487,2026-06-06,CUS-S-00049,Small Business,Germany,Organic,Office,OFF-006,3,27.1,EUR,0,3.68,False,Paid
OL-0003017,ORD-001794,2026-01-12,CUS-C-00064,Consumer,Spain,Organic,Electronics,ELE-033,2,879.2,EUR,20,14.35,False,Paid
OL-0004512,ORD-002695,2026-06-14,CUS-B-00182,Corporate,France,Paid Search,Electronics,ELE-029,1,1116.05,EUR,10,12.41,False,Paid
OL-0002011,ORD-001197,2026-06-16,,Consumer,United Kingdom,Organic,Office,OFF-004,3,14.07,GBP,20,3.66,False,Paid
OL-0003932,ORD-002352,17/03/2026,CUS-S-00148,Small Business,Germany,Paid Search,Office,OFF-006,1,27.26,EUR,0,5.02,False,Paid
OL-0000341,ORD-000208,19/06/2026,CUS-C-00035,Consumer,Spain,Social,Office,OFF-026,3,21.87,EUR,0,3.91,False,Paid
OL-0004173,ORD-002495,2026-02-22,CUS-C-00840,Consumer,Germany,Organic,Home,HOM-038,1,93.74,EUR,10,9.84,False,Paid
OL-0001602,ORD-000956,2026-04-13,CUS-C-00620,Consumer,Germany,Social,Office,OFF-005,1,51.8,EUR,0,4.97,False,Paid
OL-0002797,ORD-001668,2026-02-14,CUS-C-00957,Consumer,France,Email,Office,OFF-012,7,85.57,EUR,0,4.57,False,Paid
OL-0005368,ORD-003205,2026-03-15,,Consumer,Germany,Marketplace,Electronics,ELE-002,2,390.51,EUR,25,15.75,False,Paid
OL-0005760,ORD-003452,2026-03-02,CUS-C-00941,Consumer,Spain,Paid Search,Office,OFF-037,2,13.0,EUR,0,5.04,False,Paid
OL-0000481,ORD-000296,14/04/2026,CUS-S-00149,Small Business,United Kingdom,Organic,Office,OFF-031,1,46.81,GBP,0,4.4,False,Paid
OL-0003726,ORD-002224,07/06/2026,CUS-C-00951,Consumer,Spain,Paid Search,Home,HOM-020,1,62.18,EUR,20,8.86,False,Paid
OL-0004935,ORD-002950,01/03/2026,CUS-C-01138,Consumer,Germany,Social,Electronics,ELE-029,1,1077.2,EUR,10,12.67,False,Paid
OL-0002786,ORD-001663,2026-06-30,,Consumer,United Kingdom,Paid Search,Home,HOM-028,1,286.05,GBP,15,5.65,False,Paid
OL-0001524,ORD-000912,10/05/2026,,Small Business,United Kingdom,Email,Electronics,ELE-008,1,978.43,GBP,10,11.87,False,Paid
OL-0003622,ORD-002161,2026-06-07,CUS-C-00405,Consumer,Spain,Organic,Electronics,ELE-005,1,548.16,EUR,0,15.43,False,Paid
OL-0004468,ORD-002669,2026-05-02,,Small Business,Germany,Social,Electronics,ELE-030,1,1115.74,EUR,5,12.84,False,Paid
OL-0005321,ORD-003177,21/01/2026,CUS-C-00712,Consumer,France,Email,Electronics,ELE-033,1,865.6,EUR,5,12.24,False,Paid
OL-0005561,ORD-003328,2026-04-05,,Corporate,France,Social,Electronics,ELE-011,1,1199.99,EUR,0,11.14,False,Paid
OL-0005645,ORD-003383,2026-05-14,CUS-C-00746,Consumer,Spain,Organic,Electronics,ELE-033,1,852.14,EUR,20,15.61,False,Paid
OL-0000800,ORD-000481,29/01/2026,,Consumer,Germany,Paid Search,Office,OFF-012,5,80.83,EUR,0,3.9,False,Pending
OL-0001767,ORD-001056,04/01/2026,CUS-S-00116,Small Business,France,Organic,Office,OFF-017,2,9.51,EUR,0,5.25,False,Paid
OL-0005364,ORD-003204,2026-02-08,CUS-S-00461,Small Business,Germany,Social,Office,OFF-038,1,60.05,EUR,0,4.12,False,Paid
OL-0003026,ORD-001799,2026-02-19,CUS-C-01178,Consumer,France,Social,Electronics,ELE-038,2,499.58,EUR,15,16.49,False,Paid
OL-0002454,ORD-001459,27/02/2026,CUS-C-01046,Consumer,Spain,Email,Electronics,ELE-021,3,473.49,EUR,0,11.35,False,Paid
OL-0004074,ORD-002436,2026-02-15,CUS-C-00810,Consumer,France,Organic,Home,HOM-005,1,265.12,EUR,0,6.77,False,Paid
OL-0004740,ORD-002828,2026-02-25,,Consumer,France,Social,Office,OFF-037,3,12.86,EUR,0,4.08,False,Paid
OL-0004856,ORD-002906,2026-05-29,CUS-B-00007,Corporate,Spain,Marketplace,Office,OFF-024,5,16.84,EUR,0,5.93,False,Paid
OL-0003705,ORD-002211,2026-06-22,CUS-C-00870,Consumer,France,Paid Search,Home,HOM-025,1,130.76,EUR,15,7.65,False,Paid
OL-0005611,ORD-003364,2026-05-20,,Corporate,United States,Marketplace,Office,OFF-031,-2,62.99,USD,0,6.1,True,Refunded
OL-0000364,ORD-000223,2026-02-03,CUS-S-00015,Small Business,Germany,Paid Search,Electronics,ELE-035,1,491.26,EUR,0,13.54,False,Paid
OL-0001272,ORD-000765,23/01/2026,CUS-S-00266,Small Business,Germany,Organic,Office,OFF-026,4,21.49,EUR,0,3.9,False,Paid
OL-0002004,ORD-001194,2026-05-24,CUS-S-00007,Small Business,United Kingdom,Paid Search,Office,OFF-037,1,11.3,GBP,0,5.14,False,Paid
OL-0005395,ORD-003225,2026-04-23,CUS-C-00187,Consumer,France,Organic,Office,OFF-030,2,67.6,EUR,0,4.8,False,Paid
OL-0004246,ORD-002537,30/05/2026,CUS-S-00378,Small Business,France,Email,Home,HOM-022,2,66.41,EUR,0,10.12,False,Paid
OL-0005624,ORD-003373,2026-04-16,CUS-C-00937,Consumer,France,Organic,Office,OFF-008,7,8.4,EUR,0,4.24,False,Paid
OL-0004958,ORD-002964,2026-03-13,CUS-C-00766,Consumer,United Kingdom,Email,Office,OFF-030,5,55.38,GBP,0,3.33,False,Paid
OL-0000348,ORD-000213,2026-05-24,CUS-C-00213,Consumer,France,Organic,Electronics,ELE-007,1,504.6,EUR,20,13.18,False,Paid
OL-0003351,ORD-001989,2026-05-17,CUS-C-00733,Consumer,Spain,Social,Electronics,ELE-007,1,518.21,EUR,20,12.94,False,Paid
OL-0001626,ORD-000970,2026-03-14,CUS-C-00229,Consumer,Germany,Organic,Electronics,ELE-008,1,1099.29,EUR,10,14.17,False,Paid
OL-0003614,ORD-002155,2026-01-19,CUS-C-01255,Consumer,Germany,Organic,Office,OFF-005,1,52.68,EUR,0,4.25,False,Paid
OL-0005719,ORD-003428,2026-05-22,CUS-S-00289,Small Business,Spain,Social,Office,OFF-020,5,48.27,EUR,0,4.28,False,Paid
OL-0002563,ORD-001525,26/05/2026,,Consumer,France,Paid Search,Home,HOM-002,2,203.36,EUR,0,6.68,False,Paid
OL-0003028,ORD-001800,2026-04-22,CUS-B-00087,Corporate,France,Organic,Office,OFF-004,3,16.67,EUR,0,6.05,False,Paid
OL-0004181,ORD-002501,2026-04-05,,Consumer,France,Marketplace,Electronics,ELE-015,1,181.78,EUR,0,14.87,False,Paid
OL-0005499,ORD-003292,2026-05-25,CUS-C-01013,Consumer,Spain,Social,Home,HOM-012,2,134.07,EUR,0,8.65,False,Paid
OL-0001424,ORD-000853,2026-06-05,CUS-B-00052,Corporate,Germany,Paid Search,Electronics,ELE-009,1,214.05,EUR,15,16.58,False,Paid
OL-0000657,ORD-000399,2026-04-04,CUS-C-00673,Consumer,United States,Social,Electronics,ELE-017,1,872.69,USD,25,12.51,False,Paid
OL-0003084,ORD-001837,2026-02-01,CUS-B-00124,Corporate,United Kingdom,Social,Office,OFF-032,5,46.29,GBP,0,4.08,False,Paid
OL-0005525,ORD-003306,2026-01-07,CUS-C-00413,Consumer,Germany,Paid Search,Electronics,ELE-031,1,219.54,EUR,15,11.37,False,Paid
OL-0002103,ORD-001257,20/06/2026,CUS-B-00105,Corporate,United Kingdom,Email,Office,OFF-011,1,15.18,GBP,0,3.38,False,Paid
OL-0000633,ORD-000386,2026-04-19,CUS-C-01300,Consumer,France,Email,Electronics,ELE-026,1,233.75,EUR,10,16.81,False,Paid
OL-0004861,ORD-002907,2026-02-25,CUS-C-01472,Consumer,Germany,Paid Search,Office,OFF-032,1,54.25,EUR,0,5.48,False,Paid
OL-0002494,ORD-001486,2026-02-10,CUS-B-00205,Corporate,France,Organic,Office,OFF-036,1,20.8,EUR,0,5.01,False,Paid
OL-0002666,ORD-001588,2026-04-02,CUS-B-00168,Corporate,Germany,Social,Office,OFF-019,8,15.11,EUR,25,6.03,False,Paid
OL-0004339,ORD-002596,25/05/2026,CUS-S-00442,Small Business,France,Paid Search,Home,HOM-011,1,91.36,EUR,0,7.33,False,Paid
OL-0005669,ORD-003396,16/03/2026,CUS-C-00505,Consumer,Spain,Paid Search,Electronics,ELE-027,1,666.38,EUR,15,10.73,False,Paid
OL-0004404,ORD-002633,2026-02-20,CUS-C-01382,Consumer,United Kingdom,Paid Search,Office,OFF-021,1,26.35,GBP,0,3.55,False,Paid
OL-0005541,ORD-003316,09/02/2026,CUS-B-00093,Corporate,Spain,Paid Search,Office,OFF-002,7,10.77,EUR,0,5.54,False,Paid
OL-0002335,ORD-001392,09/06/2026,CUS-C-01382,Consumer,Spain,Organic,Office,OFF-020,1,45.45,EUR,15,5.04,False,Paid
OL-0003549,ORD-002116,2026-01-19,CUS-S-00070,Small Business,France,Organic,Home,HOM-003,2,162.15,EUR,0,7.97,False,Pending
OL-0004594,ORD-002746,2026-05-13,CUS-C-00743,Consumer,Germany,Organic,Home,HOM-006,1,84.68,EUR,0,7.49,False,Paid
OL-0002501,ORD-001489,2026-01-19,CUS-B-00076,Corporate,Spain,Organic,Electronics,ELE-005,2,539.42,EUR,20,15.31,False,Paid
OL-0003620,ORD-002159,2026-02-19,,Consumer,Spain,Social,Home,HOM-004,1,56.61,EUR,0,6.68,False,Paid
OL-0001466,ORD-000875,2026-05-27,CUS-C-01349,Consumer,France,Paid Search,Office,OFF-015,2,67.35,EUR,0,5.22,False,Paid
OL-0003941,ORD-002358,27/01/2026,CUS-S-00295,Small Business,Spain,Paid Search,Home,HOM-023,1,45.08,EUR,25,9.31,False,Paid
OL-0004014,ORD-002402,2026-03-07,CUS-B-00115,Corporate,France,Social,Electronics,ELE-034,1,421.66,EUR,10,14.1,False,Paid
OL-0005406,ORD-003233,2026-04-22,CUS-S-00356,Small Business,Spain,Organic,Home,HOM-027,1,108.65,EUR,10,9.41,False,Paid
OL-0000116,ORD-000069,2026-05-23,CUS-S-00194,Small Business,Germany,Marketplace,Office,OFF-029,2,88.3,EUR,0,4.77,False,Pending
OL-0001822,ORD-001085,15/03/2026,CUS-S-00383,Small Business,Germany,Paid Search,Electronics,ELE-029,1,1103.12,EUR,0,14.57,False,Paid
OL-0001495,ORD-000893,2026-04-30,CUS-S-00583,Small Business,United Kingdom,Organic,Home,HOM-019,1,57.54,GBP,0,9.2,False,Paid
OL-0002402,ORD-001429,17/02/2026,,Consumer,Germany,Marketplace,Office,OFF-018,2,11.55,EUR,0,4.45,False,Paid
OL-0003875,ORD-002314,2026-04-25,CUS-C-01213,Consumer,Germany,Organic,Office,OFF-015,8,69.53,EUR,0,5.79,False,Paid
OL-0001233,ORD-000736,2026-02-02,CUS-C-00052,Consumer,France,Social,Office,OFF-027,1,52.0,EUR,0,4.89,False,Paid
OL-0002662,ORD-001586,2026-05-16,CUS-S-00389,Small Business,Germany,Organic,Office,OFF-029,2,86.51,EUR,25,5.75,False,Paid
OL-0002818,ORD-001679,2026-05-13,CUS-C-01050,Consumer,Spain,Paid Search,Home,HOM-034,2,338.77,EUR,15,9.22,False,Paid
OL-0005701,ORD-003417,2026-04-23,CUS-C-01322,Consumer,Spain,Paid Search,Home,HOM-021,1,129.59,EUR,0,9.95,False,Paid
OL-0005479,ORD-003276,08/02/2026,CUS-C-01016,Consumer,Spain,Email,Home,HOM-021,1,138.08,EUR,0,10.67,False,Paid
OL-0001154,ORD-000688,2026-01-19,CUS-C-00012,Consumer,Germany,Social,Home,HOM-027,1,109.9,EUR,0,6.5,False,Paid
OL-0003910,ORD-002337,2026-06-14,,Consumer,Spain,Organic,Office,OFF-002,1,11.14,EUR,0,4.15,False,Paid
OL-0004761,ORD-002842,2026-05-04,,Consumer,Spain,Social,Office,OFF-002,5,11.04,EUR,0,4.82,False,Paid
OL-0005327,ORD-003181,2026-06-12,CUS-C-01082,Consumer,United Kingdom,Email,Home,HOM-033,2,58.23,GBP,0,7.02,False,Paid
OL-0000058,ORD-000032,2026-01-29,CUS-C-00966,Consumer,France,Social,Office,OFF-013,1,48.87,EUR,0,5.38,False,Paid
OL-0005583,ORD-003345,02/06/2026,CUS-C-00489,Consumer,Germany,Organic,Home,HOM-001,2,255.23,EUR,0,10.47,False,Paid
OL-0003884,ORD-002320,05/01/2026,CUS-B-00104,Corporate,Spain,Organic,Home,HOM-007,-3,137.54,EUR,0,7.77,True,Refunded
OL-0003062,ORD-001822,04/06/2026,,Small Business,Germany,Social,Office,OFF-039,3,20.45,EUR,0,4.06,False,Pending
OL-0005180,ORD-003095,15/05/2026,CUS-C-00861,Consumer,United Kingdom,Organic,Home,HOM-008,1,64.76,GBP,0,7.02,False,Paid
OL-0001171,ORD-000698,2026-04-19,CUS-C-01449,Consumer,Germany,Organic,Electronics,ELE-024,1,1075.32,EUR,20,15.24,False,Paid
OL-0001736,ORD-001034,2026-05-01,CUS-S-00267,Small Business,France,Organic,Electronics,ELE-025,1,415.13,EUR,5,10.22,False,Paid
OL-0005402,ORD-003229,2026-02-06,CUS-S-00288,Small Business,Spain,Paid Search,Office,OFF-032,2,53.3,EUR,0,4.07,False,Paid
OL-0002824,ORD-001683,2026-01-17,CUS-C-00336,Consumer,France,Paid Search,Electronics,ELE-028,1,184.85,EUR,10,15.79,False,Paid
OL-0002197,ORD-001313,2026-06-17,,Consumer,United Kingdom,Paid Search,Office,OFF-019,1,13.16,GBP,0,3.55,False,Paid
OL-0000160,ORD-000100,07/03/2026,CUS-C-00520,Consumer,United Kingdom,Organic,Electronics,ELE-035,-1,389.99,GBP,10,9.01,True,Paid
OL-0004101,ORD-002452,2026-05-01,CUS-C-00184,Consumer,Germany,Organic,Office,OFF-023,2,56.22,EUR,0,4.41,False,Paid
OL-0002476,ORD-001473,2026-04-16,CUS-B-00118,Corporate,Germany,Email,Electronics,ELE-013,1,355.74,EUR,10,11.44,False,Paid
OL-0002565,ORD-001526,2026-03-02,CUS-B-00246,Corporate,Spain,Organic,Home,HOM-035,1,196.33,EUR,10,10.34,False,Paid
OL-0004295,ORD-002570,2026-01-24,CUS-B-00191,Corporate,France,Paid Search,Home,HOM-014,1,199.68,EUR,15,10.31,False,Paid
OL-0005050,ORD-003022,07/02/2026,,Consumer,France,Marketplace,Office,OFF-020,6,47.21,EUR,0,4.96,False,Paid
OL-0004140,ORD-002475,28/01/2026,CUS-C-01394,Consumer,France,Paid Search,Electronics,ELE-012,1,526.74,EUR,0,10.44,False,Paid
OL-0002609,ORD-001559,2026-06-08,CUS-S-00070,Small Business,France,Marketplace,Office,OFF-003,6,10.79,EUR,0,4.04,False,Paid
OL-0001883,ORD-001120,2026-06-11,CUS-C-00472,Consumer,Germany,Organic,Electronics,ELE-011,1,1268.73,EUR,10,14.11,False,Paid
OL-0000708,ORD-000427,04/05/2026,CUS-B-00185,Corporate,United Kingdom,Marketplace,Home,HOM-022,3,56.62,GBP,0,7.3,False,Paid
OL-0003047,ORD-001813,2026-06-03,CUS-S-00427,Small Business,France,Email,Electronics,ELE-023,1,510.05,EUR,20,14.05,False,Paid
OL-0005555,ORD-003326,2026-02-13,CUS-C-01078,Consumer,Germany,Organic,Home,HOM-002,2,199.18,EUR,0,10.74,False,Paid
OL-0001094,ORD-000652,2026-04-08,CUS-C-00341,Consumer,United Kingdom,Paid Search,Electronics,ELE-001,1,485.94,GBP,5,13.64,False,Paid
OL-0004575,ORD-002733,2026-02-24,CUS-C-00445,Consumer,France,Paid Search,Office,OFF-030,1,65.5,EUR,0,4.86,False,Paid
OL-0001377,ORD-000826,2026-01-27,CUS-B-00150,Corporate,United Kingdom,Organic,Office,OFF-031,4,50.94,GBP,0,3.9,False,Paid
OL-0003481,ORD-002072,2026-04-20,CUS-S-00147,Small Business,Germany,Organic,Electronics,ELE-029,1,1096.98,EUR,10,16.77,False,Paid
OL-0000073,ORD-000042,02/06/2026,CUS-S-00501,Small Business,France,Email,Office,OFF-019,4,14.79,EUR,0,4.82,False,Paid
OL-0001923,ORD-001142,10/04/2026,CUS-S-00125,Small Business,Germany,Organic,Office,OFF-022,3,22.94,EUR,0,5.28,False,Paid
OL-0004439,ORD-002651,14/04/2026,,Corporate,United States,Email,Office,OFF-031,3,60.59,USD,0,5.6,False,Paid
OL-0004306,ORD-002576,2026-06-10,CUS-S-00466,Small Business,Germany,Organic,Home,HOM-035,3,193.06,EUR,0,7.14,False,Paid
OL-0001765,ORD-001055,2026-06-16,CUS-C-01283,Consumer,France,Social,Office,OFF-030,8,66.92,EUR,0,5.15,False,Paid
OL-0000744,ORD-000447,2026-04-20,CUS-C-00868,Consumer,Germany,Organic,Home,HOM-005,1,260.16,EUR,15,7.57,False,Paid
OL-0004075,ORD-002436,2026-02-15,CUS-C-00810,Consumer,France,Organic,Office,OFF-002,1,11.59,EUR,0,5.69,False,Paid
OL-0001006,ORD-000605,2026-05-03,CUS-B-00076,Corporate,France,Organic,Office,OFF-027,3,50.63,EUR,0,4.58,False,Paid
OL-0002669,ORD-001590,05/03/2026,CUS-C-00007,Consumer,France,Paid Search,Home,HOM-017,2,48.79,EUR,10,8.63,False,Paid
OL-0001191,ORD-000711,2026-01-22,CUS-C-01211,Consumer,France,Email,Home,HOM-021,3,135.35,EUR,0,9.49,False,Paid
OL-0004317,ORD-002582,2026-01-08,,Consumer,France,Marketplace,Office,OFF-019,7,15.12,EUR,0,4.59,False,Paid
OL-0002602,ORD-001556,2026-02-10,CUS-S-00497,Small Business,France,Organic,Home,HOM-033,1,65.88,EUR,15,7.96,False,Paid
OL-0001126,ORD-000671,2026-05-01,CUS-C-01354,Consumer,United Kingdom,Organic,Home,HOM-015,2,122.24,GBP,0,8.42,False,Paid
OL-0001242,ORD-000743,2026-03-22,CUS-C-00188,Consumer,Spain,Email,Home,HOM-003,1,160.25,EUR,10,8.12,False,Paid
OL-0004038,ORD-002415,2026-02-19,CUS-B-00140,Corporate,United Kingdom,Organic,Home,HOM-007,-2,117.41,GBP,10,9.18,True,Refunded
OL-0005373,ORD-003210,16/05/2026,,Small Business,France,Marketplace,Electronics,ELE-014,1,181.38,EUR,10,11.95,False,Paid
OL-0004945,ORD-002957,2026-04-17,CUS-S-00217,Small Business,United Kingdom,Organic,Home,HOM-038,1,80.09,GBP,20,6.01,False,Paid
OL-0005652,ORD-003388,2026-02-14,CUS-S-00122,Small Business,Germany,Organic,Office,OFF-010,3,12.07,EUR,0,5.78,False,Paid
OL-0003352,ORD-001989,2026-05-17,CUS-C-00733,Consumer,Spain,Social,Electronics,ELE-038,3,520.42,EUR,0,10.5,False,Paid
OL-0000999,ORD-000603,2026-02-27,CUS-C-00991,Consumer,France,Paid Search,Home,HOM-040,4,301.38,EUR,0,9.5,False,Paid
OL-0004462,ORD-002666,2026-02-03,,Small Business,Spain,Marketplace,Office,OFF-002,-7,11.07,EUR,0,4.68,True,Refunded
OL-0003825,ORD-002284,30/05/2026,CUS-C-01404,Consumer,Spain,Organic,Office,OFF-014,5,28.59,EUR,0,3.98,False,Paid
OL-0004032,ORD-002412,21/06/2026,CUS-B-00138,Corporate,United Kingdom,Organic,Office,OFF-023,5,50.6,GBP,10,5.11,False,Paid
OL-0002685,ORD-001600,2026-04-09,,Corporate,Germany,Marketplace,Office,OFF-001,4,57.58,EUR,0,4.0,False,Paid
OL-0005195,ORD-003104,2026-05-02,CUS-S-00324,Small Business,Germany,Organic,Office,OFF-002,2,11.09,EUR,0,4.96,False,Paid
OL-0001578,ORD-000941,2026-06-29,CUS-C-00232,Consumer,France,Organic,Office,OFF-012,7,84.56,EUR,0,4.21,False,Paid
OL-0003907,ORD-002336,2026-03-08,CUS-B-00096,Corporate,United Kingdom,Organic,Electronics,ELE-016,1,336.7,GBP,25,10.23,False,Paid
OL-0003730,ORD-002226,2026-05-26,CUS-C-00502,Consumer,Spain,Organic,Electronics,ELE-034,-1,454.18,EUR,20,10.17,True,Refunded
OL-0003669,ORD-002190,2026-03-12,CUS-B-00194,Corporate,United Kingdom,Paid Search,Office,OFF-033,3,29.94,GBP,0,4.3,False,Paid
OL-0005743,ORD-003441,2026-01-29,CUS-C-01473,Consumer,France,Paid Search,Office,OFF-008,4,8.28,EUR,0,5.2,False,Pending
OL-0001827,ORD-001086,31/01/2026,CUS-C-00388,Consumer,United Kingdom,Email,Electronics,ELE-020,1,415.89,GBP,15,9.56,False,Paid
OL-0001344,ORD-000809,2026-06-11,CUS-S-00237,Small Business,United Kingdom,Social,office,OFF-025,2,8.75,GBP,0,4.11,False,Paid
OL-0001942,ORD-001152,2026-04-23,CUS-C-00415,Consumer,Spain,Organic,Home,HOM-014,2,198.78,EUR,20,9.24,False,Paid
OL-0005147,ORD-003078,2026-05-24,CUS-S-00255,Small Business,United States,Paid Search,Electronics,ELE-015,2,198.26,USD,15,15.93,False,Paid
OL-0004952,ORD-002961,26/03/2026,CUS-C-01137,Consumer,Spain,Organic,Office,OFF-022,2,23.22,EUR,0,5.4,False,Paid
OL-0000441,ORD-000270,19/03/2026,CUS-C-00248,Consumer,Germany,Social,Home,HOM-021,1,133.89,EUR,0,7.98,False,Paid
OL-0001273,ORD-000765,23/01/2026,CUS-S-00266,Small Business,Germany,Organic,Electronics,ELE-038,2,493.82,EUR,15,14.26,False,Paid
OL-0001101,ORD-000656,2026-05-26,CUS-B-00230,Corporate,Germany,Paid Search,Home,HOM-005,2,260.36,EUR,0,8.17,False,Paid
OL-0002638,ORD-001574,2026-05-15,CUS-C-01302,Consumer,France,Social,Home,HOM-014,1,193.34,EUR,10,9.35,False,Paid
OL-0004218,ORD-002524,2026-05-01,CUS-C-00577,Consumer,United Kingdom,Organic,Electronics,ELE-022,1,313.62,GBP,0,10.89,False,Paid
OL-0000650,ORD-000394,2026-04-02,CUS-C-00942,Consumer,Germany,Paid Search,Office,OFF-009,1,78.5,EUR,0,3.61,False,Paid
OL-0001547,ORD-000922,2026-06-18,CUS-C-00250,Consumer,Germany,Paid Search,Electronics,ELE-017,1,881.73,EUR,15,14.04,False,Paid
OL-0003232,ORD-001923,2026-05-17,,Consumer,France,Email,Office,OFF-017,1,9.08,EUR,0,5.17,False,Paid
OL-0004491,ORD-002684,2026-01-30,CUS-S-00519,Small Business,Spain,Organic,Electronics,ELE-037,1,289.74,EUR,10,11.14,False,Paid
OL-0004557,ORD-002720,2026-02-14,CUS-C-00584,Consumer,Spain,Paid Search,Electronics,ELE-019,3,231.06,EUR,25,14.91,False,Paid
OL-0004574,ORD-002732,22/02/2026,CUS-C-00775,Consumer,Spain,Email,Office,OFF-027,1,53.75,EUR,0,4.4,False,Paid
OL-0004146,ORD-002480,19/04/2026,CUS-C-00689,Consumer,France,Paid Search,Home,HOM-037,2,138.53,EUR,0,10.43,False,Paid
OL-0002853,ORD-001700,02/06/2026,CUS-C-00362,Consumer,United Kingdom,Email,Electronics,ELE-019,1,209.02,GBP,10,13.05,False,Paid
OL-0003504,ORD-002088,04/03/2026,CUS-S-00593,Small Business,United Kingdom,Email,Electronics,ELE-006,1,179.28,GBP,20,10.87,False,Paid
OL-0005385,ORD-003218,2026-04-19,,Consumer,France,Marketplace,Office,OFF-025,1,10.06,EUR,0,4.75,False,Paid
OL-0004691,ORD-002800,30/01/2026,,Small Business,Spain,Social,Electronics,ELE-028,1,189.83,EUR,0,13.41,False,Paid
OL-0000631,ORD-000386,2026-04-19,CUS-C-01300,Consumer,France,Email,Office,OFF-003,1,11.17,EUR,0,5.1,False,Paid
OL-0000673,ORD-000407,2026-02-19,CUS-C-00089,Consumer,Germany,Social,Home,HOM-020,1,57.44,EUR,0,7.56,False,Paid
OL-0001250,ORD-000750,2026-04-23,CUS-B-00129,Corporate,France,Social,Office,OFF-027,2,53.04,EUR,0,5.64,False,Paid
OL-0004088,ORD-002443,2026-03-27,CUS-B-00026,Corporate,United Kingdom,Organic,Office,OFF-016,2,8.32,GBP,20,3.16,False,Paid
OL-0000483,ORD-000297,2026-05-05,CUS-B-00191,Corporate,United States,Social,Office,OFF-010,6,13.32,USD,0,4.94,False,Paid
OL-0001585,ORD-000946,2026-06-05,CUS-C-01008,Consumer,United Kingdom,Organic,Home,HOM-032,1,207.22,GBP,0,5.99,False,Paid
OL-0004234,ORD-002531,2026-05-05,CUS-S-00050,Small Business,France,Social,Office,OFF-017,2,9.34,EUR,0,4.81,False,Paid
OL-0005544,ORD-003318,2026-05-04,CUS-C-00162,Consumer,Germany,Paid Search,Office,OFF-006,1,27.27,EUR,0,4.3,False,Paid
OL-0004205,ORD-002515,2026-06-24,CUS-S-00436,Small Business,Germany,Email,Home,HOM-021,1,140.37,EUR,0,7.37,False,Paid
OL-0001463,ORD-000873,2026-06-21,CUS-C-00979,Consumer,Germany,Social,Home,HOM-015,3,143.63,EUR,0,7.14,False,Paid
OL-0003041,ORD-001807,2026-06-29,CUS-B-00075,Corporate,United Kingdom,Email,Electronics,ELE-010,2,981.55,GBP,25,13.23,False,Paid
OL-0004471,ORD-002671,2026-04-02,CUS-B-00093,Corporate,Germany,Social,Office,OFF-007,2,39.47,EUR,0,3.89,False,Paid
OL-0004811,ORD-002880,2026-05-31,CUS-S-00175,Small Business,Germany,Email,Home,HOM-031,1,78.61,EUR,0,10.49,False,Paid
OL-0004611,ORD-002756,2026-04-21,CUS-C-00145,Consumer,France,Paid Search,Office,OFF-002,1,11.16,EUR,0,4.44,False,Paid
OL-0002371,ORD-001412,28/04/2026,CUS-C-00214,Consumer,Germany,Organic,Electronics,ELE-027,1,668.05,EUR,15,16.59,False,Paid
OL-0003274,ORD-001951,2026-04-26,CUS-C-01000,Consumer,United Kingdom,Social,Home,HOM-030,1,113.88,GBP,0,6.22,False,Paid
OL-0003239,ORD-001929,2026-01-02,CUS-C-00992,Consumer,Spain,Organic,Home,HOM-019,1,68.84,EUR,10,10.53,False,Paid
OL-0003132,ORD-001863,2026-01-09,CUS-C-00431,Consumer,Spain,Paid Search,Electronics,ELE-030,1,1111.03,EUR,20,13.37,False,Paid
OL-0003684,ORD-002200,03/04/2026,CUS-S-00002,Small Business,France,Email,Home,HOM-009,2,132.34,EUR,0,8.73,False,Paid
OL-0002579,ORD-001537,2026-02-26,,Corporate,United Kingdom,Organic,Electronics,ELE-003,1,366.32,GBP,10,11.75,False,Paid
OL-0005411,ORD-003237,2026-01-10,CUS-C-00163,Consumer,Germany,Organic,Office,OFF-003,2,10.85,EUR,0,4.89,False,Pending
OL-0000050,ORD-000027,21/04/2026,CUS-B-00091,Corporate,United States,Organic,Office,OFF-004,3,17.76,USD,0,4.05,False,Paid
OL-0005126,ORD-003067,2026-06-20,CUS-C-00545,Consumer,United Kingdom,Organic,Home,HOM-040,2,252.32,GBP,20,7.73,False,Paid
OL-0004217,ORD-002524,2026-05-01,CUS-C-00577,Consumer,United Kingdom,Organic,Office,OFF-025,250,8.63,GBP,0,4.99,False,Paid
OL-0000859,ORD-000520,12/05/2026,CUS-B-00149,Corporate,France,Organic,Electronics,ELE-035,-1,479.66,EUR,0,10.07,True,Refunded
OL-0003226,ORD-001920,09/03/2026,CUS-S-00500,Small Business,Spain,Email,Office,OFF-022,2,23.03,EUR,0,4.1,False,Paid
OL-0001073,ORD-000640,2026-01-14,CUS-S-00180,Small Business,France,Social,Office,OFF-032,3,54.4,EUR,0,4.24,False,Paid
OL-0000720,ORD-000433,27/01/2026,CUS-C-00126,Consumer,Spain,Paid Search,Office,OFF-017,2,9.27,EUR,0,4.13,False,Paid
OL-0002200,ORD-001315,2026-06-14,CUS-C-01105,Consumer,Germany,Paid Search,Office,OFF-026,2,21.11,EUR,0,5.2,False,Paid
OL-0002632,ORD-001571,2026-01-09,CUS-C-00104,Consumer,Spain,Paid Search,Office,OFF-002,3,11.16,EUR,0,4.96,False,Paid
OL-0001679,ORD-001003,06/06/2026,CUS-S-00516,Small Business,Germany,Paid Search,Electronics,ELE-003,3,422.65,EUR,0,10.57,False,Paid
OL-0001661,ORD-000992,09/05/2026,CUS-S-00439,Small Business,France,Social,Home,HOM-010,2,141.74,EUR,0,9.52,False,Paid
OL-0001657,ORD-000990,09/03/2026,CUS-C-00455,Consumer,Spain,Organic,Office,OFF-040,5,57.79,EUR,0,3.77,False,Paid
OL-0002426,ORD-001441,28/01/2026,CUS-S-00215,Small Business,France,Paid Search,Office,OFF-005,3,52.48,EUR,0,4.1,False,Paid
OL-0005527,ORD-003308,2026-03-05,CUS-B-00197,Corporate,Spain,Social,Home,HOM-007,1,140.22,EUR,5,6.5,False,Paid
OL-0005055,ORD-003025,2026-05-06,CUS-C-01289,Consumer,United Kingdom,Organic,Home,HOM-030,2,114.26,GBP,0,8.45,False,Paid
OL-0002018,ORD-001201,28/01/2026,CUS-S-00164,Small Business,Germany,Organic,Electronics,ELE-016,2,394.22,EUR,15,14.03,False,Paid
OL-0004405,ORD-002633,2026-02-20,CUS-C-01382,Consumer,United Kingdom,Paid Search,Electronics,ELE-038,1,418.95,GBP,0,13.71,False,Paid
OL-0003098,ORD-001846,2026-03-21,CUS-S-00031,Small Business,Spain,Paid Search,Home,HOM-002,2,204.41,EUR,5,9.17,False,Paid
OL-0003977,ORD-002381,2026-04-22,CUS-C-01354,Consumer,United Kingdom,Paid Search,Home,HOM-020,1,51.58,GBP,0,5.65,False,Paid
OL-0005367,ORD-003205,2026-03-15,,Consumer,Germany,Marketplace,Electronics,ELE-018,1,1143.44,EUR,25,11.52,False,Paid
OL-0003460,ORD-002060,02/06/2026,CUS-B-00228,Corporate,Germany,Paid Search,Electronics,ELE-030,1,1095.17,EUR,5,15.91,False,Paid
OL-0005698,ORD-003415,2026-02-07,,Small Business,Germany,Marketplace,Office,OFF-025,5,9.69,EUR,0,4.24,False,Paid
OL-0003190,ORD-001897,2026-04-27,CUS-C-00723,Consumer,United Kingdom,Organic,Home,HOM-030,2,108.38,GBP,0,7.81,False,Paid
OL-0003990,ORD-002388,2026-02-15,,Consumer,France,Social,Home,HOM-006,2,82.51,EUR,5,8.47,False,Paid
OL-0002935,ORD-001745,2026-04-07,CUS-C-01255,Consumer,United Kingdom,Social,Home,HOM-021,1,115.43,GBP,10,5.78,False,Paid
OL-0004941,ORD-002954,2026-04-30,CUS-B-00006,Corporate,Spain,Organic,Home,HOM-038,1,91.52,EUR,0,9.36,False,Paid
OL-0004258,ORD-002547,23/02/2026,CUS-C-01307,Consumer,France,Paid Search,Office,OFF-034,1,73.18,EUR,0,5.03,False,Paid
OL-0002607,ORD-001558,11/05/2026,CUS-C-00862,Consumer,Germany,Organic,Home,HOM-012,1,125.71,EUR,0,7.75,False,Paid
OL-0001386,ORD-000831,2026-05-02,CUS-C-01350,Consumer,United States,Paid Search,Electronics,ELE-003,1,474.31,USD,10,15.87,False,Paid
OL-0005572,ORD-003337,2026-01-28,CUS-S-00422,Small Business,Germany,Organic,Office,OFF-009,4,79.76,EUR,0,4.13,False,Paid
OL-0001400,ORD-000838,2026-06-25,,Consumer,France,Email,Home,HOM-001,-4,255.34,EUR,20,9.88,True,Refunded
OL-0001196,ORD-000712,2026-04-12,CUS-B-00156,Corporate,United Kingdom,Email,Office,OFF-020,1,37.83,GBP,0,4.45,False,Paid
OL-0001409,ORD-000845,2026-01-03,,Consumer,France,Marketplace,Electronics,ELE-018,1,1157.89,EUR,15,11.59,False,Paid
OL-0001846,ORD-001099,2026-02-13,CUS-C-00673,Consumer,Spain,Organic,Home,HOM-018,-1,47.33,EUR,20,7.87,True,Refunded
OL-0001799,ORD-001073,22/05/2026,CUS-B-00131,Corporate,France,Social,Office,OFF-021,3,30.47,EUR,0,5.72,False,Paid
OL-0003958,ORD-002366,02/06/2026,CUS-C-00137,Consumer,United Kingdom,Social,Office,OFF-039,2,16.7,GBP,10,3.31,False,Paid
OL-0001476,ORD-000881,2026-06-25,CUS-S-00304,Small Business,Germany,Paid Search,Electronics,ELE-017,1,813.23,EUR,25,14.86,False,Paid
OL-0005219,ORD-003118,2026-03-17,CUS-C-00431,Consumer,France,Email,Electronics,ELE-024,1,1055.0,EUR,0,12.53,False,Paid
OL-0000036,ORD-000020,2026-05-31,CUS-C-00306,Consumer,Spain,Paid Search,Electronics,ELE-031,1,205.63,EUR,0,11.41,False,Paid
OL-0004865,ORD-002909,2026-05-27,CUS-C-01465,Consumer,Spain,Paid Search,Electronics,ELE-033,1,842.89,EUR,10,15.15,False,Paid
OL-0002346,ORD-001399,2026-03-20,CUS-C-00263,Consumer,United Kingdom,Organic,Office,OFF-024,-3,14.73,GBP,0,3.4,True,Refunded
OL-0000445,ORD-000274,01/04/2026,CUS-B-00171,Corporate,France,Organic,Office,OFF-005,1,54.14,EUR,15,5.57,False,Paid
OL-0005357,ORD-003201,2026-06-17,,Corporate,United States,Social,Office,OFF-012,3,92.71,USD,0,6.12,False,Paid
OL-0003313,ORD-001968,2026-05-27,CUS-B-00032,Corporate,France,Organic,Electronics,ELE-030,2,1146.37,EUR,0,15.47,False,Paid
OL-0002360,ORD-001407,2026-03-03,CUS-C-01283,Consumer,Germany,Paid Search,Office,OFF-015,3,68.19,EUR,0,5.56,False,Paid
OL-0003007,ORD-001788,2026-03-01,CUS-C-00723,Consumer,United Kingdom,Social,Home,HOM-023,1,40.58,GBP,20,6.12,False,Paid
OL-0003655,ORD-002182,2026-06-03,CUS-B-00213,Corporate,United Kingdom,Paid Search,Electronics,ELE-038,1,425.75,GBP,0,10.73,False,Paid
OL-0002207,ORD-001319,2026-02-05,CUS-S-00600,Small Business,United Kingdom,Organic,Home,HOM-016,2,237.7,GBP,0,6.05,False,Paid
OL-0004328,ORD-002591,17/01/2026,CUS-C-01388,Consumer,Spain,Marketplace,Home,HOM-032,4,235.44,EUR,0,7.47,False,Pending
OL-0005133,ORD-003072,2026-02-24,CUS-S-00566,Small Business,France,Social,Office,OFF-008,6,8.0,EUR,0,3.79,False,Paid
OL-0003658,ORD-002183,02/02/2026,CUS-C-01357,Consumer,Spain,Social,Electronics,ELE-031,1,214.49,EUR,15,15.95,False,Paid
OL-0003180,ORD-001889,2026-03-30,CUS-C-00674,Consumer,Spain,Organic,Home,HOM-028,-3,338.59,EUR,10,10.68,True,Paid
OL-0003423,ORD-002039,08/04/2026,CUS-C-01057,Consumer,Germany,Paid Search,Office,OFF-017,4,9.71,EUR,10,5.67,False,Paid
OL-0001287,ORD-000774,2026-02-12,CUS-S-00019,Small Business,France,Marketplace,Home,HOM-027,2,111.57,EUR,20,7.09,False,Paid
OL-0004446,ORD-002655,20/03/2026,CUS-C-01131,Consumer,France,Organic,Office,OFF-027,1,54.09,EUR,0,3.75,False,Paid
OL-0000350,ORD-000214,2026-02-24,,Consumer,Germany,Email,Electronics,ELE-033,1,832.98,EUR,20,14.47,False,Paid
OL-0003417,ORD-002036,25/01/2026,CUS-C-00510,Consumer,France,Email,Home,HOM-020,1,57.35,EUR,0,6.51,False,Paid
OL-0002138,ORD-001277,29/04/2026,,Consumer,United States,Email,Electronics,ELE-001,2,628.18,USD,10,14.33,False,Paid
OL-0002692,ORD-001604,2026-05-29,CUS-C-00248,Consumer,Germany,Email,Electronics,ELE-022,2,385.66,EUR,10,16.37,False,Paid
OL-0002637,ORD-001574,2026-05-15,CUS-C-01302,Consumer,France,Social,Electronics,ELE-019,1,243.19,EUR,0,14.83,False,Paid
OL-0004017,ORD-002404,20/01/2026,,Consumer,France,Marketplace,Home,HOM-009,3,137.85,EUR,0,8.57,False,Paid
OL-0001682,ORD-001005,01/05/2026,CUS-S-00369,Small Business,Germany,Social,Electronics,ELE-022,1,365.15,EUR,20,14.34,False,Paid
OL-0005433,ORD-003249,2026-05-10,CUS-S-00239,Small Business,France,Organic,Office,OFF-001,4,58.54,EUR,0,4.23,False,Paid
OL-0001693,ORD-001012,13/05/2026,CUS-B-00156,Corporate,Germany,Email,Office,OFF-036,2,21.11,EUR,0,5.35,False,Paid
OL-0004425,ORD-002646,2026-03-08,CUS-C-01253,Consumer,Spain,Email,Home,HOM-002,1,204.74,EUR,20,9.47,False,Paid
OL-0004777,ORD-002855,31/03/2026,CUS-B-00045,Corporate,United Kingdom,Organic,Office,OFF-019,4,12.83,GBP,15,3.72,False,Paid
OL-0003636,ORD-002171,2026-02-28,CUS-C-00675,Consumer,United Kingdom,Paid Search,Home,HOM-026,1,167.45,GBP,0,7.83,False,Paid
OL-0000373,ORD-000227,2026-05-03,CUS-S-00275,Small Business,United States,Social,Office,OFF-002,3,12.1,USD,0,5.46,False,Paid
OL-0004605,ORD-002753,2026-06-17,CUS-S-00301,Small Business,United Kingdom,Email,Office,OFF-004,1,13.93,GBP,0,3.92,False,Paid
OL-0000141,ORD-000087,2026-01-25,CUS-S-00229,Small Business,Germany,Organic,Home,HOM-020,2,58.16,EUR,0,9.26,False,Pending
OL-0005591,ORD-003349,2026-01-30,CUS-S-00473,Small Business,Germany,Organic,Home,HOM-005,2,285.63,EUR,0,7.47,False,Paid
OL-0000715,ORD-000431,27/06/2026,CUS-C-01027,Consumer,Germany,Paid Search,Home,HOM-018,2,47.73,EUR,0,8.69,False,Paid
OL-0003189,ORD-001896,2026-03-06,CUS-C-01284,Consumer,Spain,Social,Office,OFF-029,1,88.9,EUR,0,6.04,False,Paid
OL-0005400,ORD-003228,15/02/2026,CUS-S-00157,Small Business,Spain,Organic,Electronics,ELE-001,1,599.66,EUR,25,13.46,False,Paid
OL-0004190,ORD-002505,2026-06-07,CUS-C-00371,Consumer,France,Email,Home,HOM-031,2,77.3,EUR,0,7.01,False,Paid
OL-0000407,ORD-000246,2026-06-23,CUS-S-00168,Small Business,United Kingdom,Social,Electronics,ELE-015,3,156.07,GBP,20,10.94,False,Paid
OL-0000021,ORD-000012,2026-03-22,CUS-S-00454,Small Business,United Kingdom,Organic,Home,HOM-026,1,164.82,GBP,20,7.84,False,Paid
OL-0001005,ORD-000605,2026-05-03,CUS-B-00076,Corporate,France,Organic,Office,OFF-006,1,27.67,EUR,0,4.43,False,Paid
OL-0002412,ORD-001435,2026-03-07,,Consumer,Germany,Social,Electronics,ELE-037,1,283.82,EUR,0,11.4,False,Pending
OL-0002546,ORD-001515,2026-01-21,CUS-B-00155,Corporate,France,Marketplace,Home,HOM-029,1,66.03,EUR,0,9.13,False,Paid
OL-0002391,ORD-001420,21/04/2026,CUS-C-00048,Consumer,Spain,Organic,Home,HOM-007,1,134.14,EUR,0,8.08,False,Paid
OL-0004819,ORD-002888,2026-02-08,CUS-C-00747,Consumer,Spain,Email,Electronics,ELE-010,1,1174.66,EUR,15,10.56,False,Paid
OL-0000043,ORD-000023,2026-03-07,CUS-S-00210,Small Business,Spain,Marketplace,Office,OFF-034,8,76.13,EUR,0,3.97,False,Paid
OL-0002831,ORD-001689,10/01/2026,CUS-C-00678,Consumer,France,Paid Search,Office,OFF-017,3,9.7,EUR,0,5.63,False,Paid
OL-0003372,ORD-002003,2026-01-17,CUS-C-01112,Consumer,Germany,Email,Electronics,ELE-015,1,182.75,EUR,20,14.97,False,Paid
OL-0003023,ORD-001797,2026-06-20,CUS-C-00652,Consumer,United States,Organic,Electronics,ELE-034,2,480.87,USD,5,11.61,False,Paid
OL-0003365,ORD-001999,2026-05-23,CUS-B-00021,Corporate,United Kingdom,Organic,Electronics,ELE-009,1,194.01,GBP,5,12.77,False,Paid
OL-0000012,ORD-000006,2026-05-27,,Consumer,France,Social,Home,HOM-027,1,112.3,EUR,0,9.54,False,Paid
OL-0001178,ORD-000703,2026-01-12,CUS-C-01218,Consumer,France,Organic,Office,OFF-023,1,56.28,EUR,0,4.74,False,Paid
OL-0001948,ORD-001157,2026-04-15,CUS-S-00591,Small Business,Germany,Email,Electronics,ELE-026,1,234.98,EUR,5,11.41,False,Paid
OL-0002502,ORD-001489,2026-01-19,CUS-B-00076,Corporate,Spain,Organic,Electronics,ELE-033,1,876.61,EUR,0,15.76,False,Paid
OL-0002864,ORD-001705,2026-05-24,CUS-S-00458,Small Business,Spain,Organic,Home,HOM-032,1,242.39,EUR,15,10.09,False,Pending
OL-0003866,ORD-002310,2026-05-31,CUS-B-00152,Corporate,Spain,Paid Search,Electronics,ELE-034,1,442.6,EUR,15,16.44,False,Paid
OL-0001027,ORD-000614,2026-05-14,CUS-C-00712,Consumer,United Kingdom,Organic,Electronics,ELE-007,1,427.47,GBP,20,14.14,False,Paid
OL-0003849,ORD-002298,2026-02-08,CUS-B-00217,Corporate,United Kingdom,Email,Electronics,ELE-029,1,917.16,GBP,10,12.67,False,Paid
OL-0002990,ORD-001775,2026-05-20,CUS-S-00313,Small Business,Spain,Organic,Home,HOM-004,2,58.5,EUR,25,8.53,False,Paid
OL-0000962,ORD-000579,2026-04-19,CUS-B-00026,Corporate,France,Paid Search,Home,HOM-035,2,210.32,EUR,0,6.43,False,Paid
OL-0002890,ORD-001718,2026-02-21,CUS-S-00303,Small Business,Germany,Paid Search,Home,HOM-016,1,286.21,EUR,15,7.17,False,Paid
OL-0003016,ORD-001793,2026-03-12,CUS-C-00529,Consumer,France,Organic,Home,HOM-001,1,267.33,EUR,0,8.46,False,Paid
OL-0003339,ORD-001983,2026-04-06,CUS-C-00637,Consumer,Germany,Email,Home,HOM-028,2,339.66,EUR,15,7.49,False,Paid
OL-0004231,ORD-002530,2026-02-26,CUS-S-00458,Small Business,France,Organic,Home,HOM-021,1,130.12,EUR,10,10.64,False,Paid
OL-0000736,ORD-000442,2026-01-19,CUS-S-00273,Small Business,United Kingdom,Organic,Office,OFF-003,3,8.9,GBP,0,3.68,False,Paid
OL-0001441,ORD-000862,2026-01-31,CUS-S-00338,Small Business,United Kingdom,Organic,Office,OFF-029,1,77.88,GBP,0,3.49,False,Paid
OL-0002876,ORD-001711,29/06/2026,CUS-S-00596,Small Business,Germany,Organic,Electronics,ELE-035,1,463.05,EUR,0,12.21,False,Paid
OL-0003987,ORD-002387,2026-05-06,CUS-S-00191,Small Business,France,Organic,Office,OFF-040,1,58.31,EUR,0,3.7,False,Paid
OL-0000917,ORD-000553,07/03/2026,CUS-C-00226,Consumer,Germany,Social,Office,OFF-018,5,11.95,EUR,0,4.48,False,Paid
OL-0005003,ORD-002993,2026-06-03,CUS-C-00688,Consumer,France,Paid Search,Office,OFF-033,6,32.76,EUR,0,5.02,False,Paid
OL-0004090,ORD-002445,2026-04-22,CUS-C-00901,Consumer,United States,Email,Home,HOM-023,2,51.69,USD,0,9.98,False,Paid
OL-0005542,ORD-003317,2026-05-27,CUS-C-00746,Consumer,Germany,Marketplace,Electronics,ELE-026,1,242.17,EUR,20,13.76,False,Paid
OL-0004686,ORD-002797,2026-05-20,CUS-S-00504,Small Business,Germany,Social,Electronics,ELE-028,1,181.09,EUR,20,13.96,False,Paid
OL-0002773,ORD-001655,2026-06-18,CUS-C-01351,Consumer,Spain,Email,Electronics,ELE-008,1,1183.17,EUR,25,11.42,False,Paid
OL-0001625,ORD-000969,28/05/2026,CUS-C-00986,Consumer,Germany,Email,Home,HOM-022,2,68.45,EUR,0,6.63,False,Paid
OL-0005670,ORD-003397,2026-03-17,CUS-C-00469,Consumer,Germany,Organic,Electronics,ELE-007,1,498.38,EUR,10,10.29,False,Pending
OL-0000822,ORD-000496,2026-05-24,CUS-C-01300,Consumer,Germany,Email,Electronics,ELE-015,1,183.1,EUR,20,12.61,False,Paid
OL-0001368,ORD-000821,2026-01-15,,Consumer,Spain,Paid Search,Electronics,ELE-035,2,431.62,EUR,10,10.5,False,Paid
OL-0003713,ORD-002215,2026-02-07,CUS-S-00011,Small Business,United Kingdom,Organic,Electronics,ELE-034,1,386.37,GBP,15,12.57,False,Paid
OL-0002774,ORD-001655,2026-06-18,CUS-C-01351,Consumer,Spain,Email,Home,HOM-025,2,128.25,EUR,0,9.26,False,Paid
OL-0000851,ORD-000514,2026-04-08,,Small Business,France,Marketplace,Office,OFF-002,2,11.78,EUR,0,4.1,False,Pending
OL-0001001,ORD-000603,2026-02-27,CUS-C-00991,Consumer,France,Paid Search,Home,HOM-020,1,59.81,EUR,0,7.12,False,Paid
OL-0004653,ORD-002778,01/01/2026,CUS-C-01244,Consumer,Spain,Organic,Office,OFF-036,2,20.3,EUR,10,3.83,False,Paid
OL-0004115,ORD-002461,07/06/2026,CUS-S-00035,Small Business,France,Paid Search,Office,OFF-038,1,61.02,EUR,0,5.94,False,Paid
OL-0001638,ORD-000979,2026-01-24,CUS-S-00565,Small Business,France,Paid Search,Office,OFF-033,4,33.83,EUR,0,5.82,False,Paid
OL-0001668,ORD-000996,2026-04-27,CUS-S-00077,Small Business,Spain,Organic,Office,OFF-023,1,54.79,EUR,0,4.92,False,Paid
OL-0003174,ORD-001885,2026-01-04,CUS-B-00013,Corporate,France,Organic,Office,OFF-028,2,24.77,EUR,0,3.68,False,Paid
OL-0004561,ORD-002723,2026-04-25,CUS-C-01083,Consumer,France,Paid Search,Office,OFF-040,1,59.04,EUR,0,6.04,False,Pending
OL-0001348,ORD-000810,26/06/2026,,Consumer,Germany,Social,Home,HOM-023,1,44.99,EUR,0,10.52,False,Paid
OL-0005721,ORD-003429,2026-06-08,,Corporate,Spain,Marketplace,Office,OFF-019,1,15.55,EUR,0,5.62,False,Paid
OL-0003231,ORD-001922,04/03/2026,CUS-C-00385,Consumer,France,Organic,Home,HOM-023,4,48.83,EUR,0,9.53,False,Paid
OL-0004211,ORD-002519,2026-04-30,CUS-C-00886,Consumer,France,Social,Home,HOM-038,1,91.73,EUR,15,7.59,False,Paid
OL-0004607,ORD-002755,2026-02-19,CUS-C-01486,Consumer,Spain,Paid Search,Home,HOM-009,1,135.14,EUR,25,7.32,False,Paid
OL-0003233,ORD-001924,2026-04-27,CUS-C-01124,Consumer,United Kingdom,Paid Search,Home,HOM-002,2,173.06,GBP,0,8.59,False,Paid
OL-0004902,ORD-002931,2026-03-01,CUS-S-00494,Small Business,Germany,Paid Search,Electronics,ELE-022,1,375.01,EUR,0,16.2,False,Paid
OL-0000704,ORD-000425,2026-04-19,CUS-C-01477,Consumer,Germany,Email,Office,OFF-014,3,27.52,EUR,0,5.16,False,Paid
OL-0004782,ORD-002857,2026-05-30,CUS-C-00646,Consumer,United Kingdom,Organic,Home,HOM-015,1,119.56,GBP,15,7.96,False,Paid
OL-0003292,ORD-001957,01/02/2026,CUS-C-00359,Consumer,United Kingdom,Social,Office,OFF-028,4,22.01,GBP,0,3.09,False,Paid
OL-0003674,ORD-002193,2026-05-25,CUS-C-00909,Consumer,United Kingdom,Organic,Home,HOM-015,3,122.13,GBP,20,5.94,False,Paid
OL-0002409,ORD-001432,15/02/2026,CUS-S-00174,Small Business,Spain,Organic,Office,OFF-020,3,46.63,EUR,0,5.75,False,Paid
OL-0001328,ORD-000799,27/01/2026,CUS-C-01277,Consumer,United Kingdom,Organic,Office,OFF-039,3,17.31,GBP,0,3.64,False,Paid
OL-0005587,ORD-003347,24/05/2026,CUS-B-00155,Corporate,France,Social,Office,OFF-029,2,92.54,EUR,0,4.91,False,Paid
OL-0005697,ORD-003414,2026-05-27,CUS-C-00324,Consumer,United States,Paid Search,Electronics,ELE-030,1,1203.57,USD,10,14.34,False,Paid
OL-0005009,ORD-002997,2026-01-23,CUS-C-00363,Consumer,United Kingdom,Organic,Electronics,ELE-004,1,844.21,GBP,10,9.29,False,Paid
OL-0000987,ORD-000597,2026-04-18,CUS-B-00045,Corporate,Spain,Paid Search,Office,OFF-009,2,77.06,EUR,0,3.92,False,Paid
OL-0005441,ORD-003252,2026-01-01,CUS-S-00303,Small Business,Spain,Organic,Office,OFF-034,2,73.93,EUR,0,4.99,False,Pending
OL-0005157,ORD-003084,2026-05-30,CUS-C-01165,Consumer,United Kingdom,Marketplace,Home,HOM-012,1,108.91,GBP,0,7.46,False,Paid
OL-0005308,ORD-003172,2026-04-27,CUS-C-00370,Consumer,United States,Paid Search,Office,OFF-002,-5,11.8,USD,0,6.08,True,Refunded
OL-0004050,ORD-002424,25/05/2026,CUS-S-00294,Small Business,France,Social,Electronics,ELE-015,1,189.35,EUR,10,11.11,False,Paid
OL-0003486,ORD-002075,2026-05-12,CUS-C-01470,Consumer,United States,Paid Search,Electronics,ELE-006,1,241.36,USD,5,17.15,False,Paid
OL-0002475,ORD-001472,26/04/2026,CUS-C-01441,Consumer,France,Email,Office,OFF-011,1,17.15,EUR,0,4.33,False,Paid
OL-0003874,ORD-002313,2026-02-06,CUS-C-00587,Consumer,Spain,Social,Home,HOM-016,1,280.08,EUR,0,10.52,False,Paid
OL-0001199,ORD-000714,23/06/2026,,Small Business,France,Social,Office,OFF-008,5,8.36,EUR,0,5.14,False,Paid
OL-0004182,ORD-002502,2026-04-18,CUS-C-00359,Consumer,Germany,Email,Home,HOM-040,3,295.55,EUR,10,6.48,False,Paid
OL-0001519,ORD-000910,2026-02-05,CUS-C-01402,Consumer,Germany,Email,Home,HOM-010,2,148.64,EUR,15,10.25,False,Paid
OL-0001800,ORD-001074,23/05/2026,CUS-C-01256,Consumer,Spain,Organic,Electronics,ELE-023,1,522.69,EUR,20,11.95,False,Paid
OL-0001015,ORD-000609,2026-02-21,CUS-C-00398,Consumer,France,Marketplace,Home,HOM-022,2,67.19,EUR,15,7.92,False,Paid
OL-0000129,ORD-000079,2026-04-29,CUS-B-00027,Corporate,United States,Social,Home,HOM-032,1,255.16,USD,15,7.56,False,Paid
OL-0001365,ORD-000819,09/06/2026,CUS-S-00539,Small Business,France,Organic,Office,OFF-025,3,10.0,EUR,0,5.33,False,Paid
OL-0005508,ORD-003296,2026-01-01,CUS-C-00761,Consumer,Germany,Organic,Home,HOM-009,1,128.66,EUR,15,9.08,False,Paid
OL-0000892,ORD-000540,25/04/2026,CUS-C-00505,Consumer,United States,Email,Home,HOM-028,1,352.51,USD,0,10.4,False,Paid
OL-0002794,ORD-001667,2026-03-07,CUS-C-00720,Consumer,Germany,Marketplace,Office,OFF-028,1,25.85,EUR,0,3.7,False,Paid
OL-0005034,ORD-003012,2026-02-18,CUS-S-00359,Small Business,Germany,Organic,Office,OFF-011,1,18.33,EUR,0,5.02,False,Paid
OL-0005716,ORD-003426,2026-02-10,,Consumer,Spain,Paid Search,Electronics,ELE-005,1,542.37,EUR,25,12.04,False,Pending
OL-0005142,ORD-003075,2026-02-22,CUS-S-00337,Small Business,Germany,Organic,Office,OFF-008,3,8.0,EUR,0,3.61,False,Paid
OL-0003250,ORD-001935,2026-03-29,CUS-C-01456,Consumer,Germany,Email,Office,OFF-032,8,56.78,EUR,15,4.7,False,Paid
OL-0001209,ORD-000719,2026-04-16,CUS-C-00267,Consumer,Spain,Paid Search,Office,OFF-009,1,76.97,EUR,0,5.62,False,Paid
OL-0003869,ORD-002311,2026-01-07,CUS-C-00876,Consumer,Germany,Social,Home,HOM-038,3,99.22,EUR,0,9.74,False,Paid
OL-0004066,ORD-002432,2026-01-27,CUS-C-00577,Consumer,United Kingdom,Paid Search,Office,OFF-004,4,14.72,GBP,0,5.12,False,Paid
OL-0005130,ORD-003070,2026-01-20,CUS-C-00172,Consumer,Germany,Organic,Electronics,ELE-023,1,508.63,EUR,15,16.35,False,Paid
OL-0001240,ORD-000743,2026-03-22,CUS-C-00188,Consumer,Spain,Email,Home,HOM-009,1,136.04,EUR,5,10.12,False,Paid
OL-0002290,ORD-001370,04/06/2026,CUS-C-01126,Consumer,United States,Organic,Electronics,ELE-035,1,485.47,USD,20,13.61,False,Paid
OL-0002741,ORD-001635,10/06/2026,CUS-C-00268,Consumer,Spain,Paid Search,Office,OFF-033,7,35.07,EUR,0,4.29,False,Paid
OL-0000276,ORD-000170,13/05/2026,CUS-S-00310,Small Business,France,Organic,Office,OFF-012,3,83.83,EUR,0,3.71,False,Paid
OL-0001036,ORD-000620,2026-01-03,CUS-B-00249,Corporate,France,Paid Search,Electronics,ELE-011,1,1247.1,EUR,15,13.74,False,Paid
OL-0001230,ORD-000734,07/01/2026,CUS-C-00862,Consumer,Spain,Organic,Office,OFF-007,5,39.85,EUR,15,5.73,False,Paid
OL-0001009,ORD-000606,2026-04-16,CUS-C-01291,Consumer,United Kingdom,Paid Search,Home,HOM-007,1,117.05,GBP,10,8.57,False,Paid
OL-0003829,ORD-002287,14/03/2026,CUS-C-01412,Consumer,France,Email,Home,HOM-029,2,68.8,EUR,0,8.85,False,Paid
OL-0002533,ORD-001507,2026-05-01,CUS-C-00604,Consumer,Spain,Organic,Electronics,ELE-039,1,231.01,EUR,20,10.84,False,Paid
OL-0001059,ORD-000631,2026-05-11,CUS-C-00821,Consumer,Spain,Email,Electronics,ELE-027,2,640.71,EUR,0,13.71,False,Pending
OL-0005518,ORD-003303,2026-05-21,,Consumer,United Kingdom,Paid Search,Home,HOM-031,4,64.33,GBP,10,6.15,False,Paid
OL-0000282,ORD-000174,2026-03-12,CUS-S-00137,Small Business,France,Paid Search,Office,OFF-040,1,55.32,EUR,0,4.63,False,Paid
OL-0001044,ORD-000624,21/06/2026,,Corporate,Germany,Social,Office,OFF-009,4,74.42,EUR,0,4.57,False,Paid
OL-0001317,ORD-000790,03/03/2026,CUS-B-00044,Corporate,France,Paid Search,Electronics,ELE-025,1,424.0,EUR,15,15.9,False,Paid
OL-0000969,ORD-000585,09/04/2026,CUS-C-01105,Consumer,Germany,Email,Office,OFF-029,2,94.16,EUR,0,5.2,False,Pending
OL-0002382,ORD-001416,20/01/2026,CUS-S-00070,Small Business,Germany,Organic,Office,OFF-015,4,68.16,EUR,0,4.12,False,Paid
OL-0004788,ORD-002861,18/06/2026,CUS-S-00600,Small Business,United States,Email,Office,OFF-004,4,18.59,USD,0,6.51,False,Paid
OL-0001940,ORD-001151,2026-03-01,CUS-S-00010,Small Business,Germany,Organic,Office,OFF-033,1,34.25,EUR,0,4.82,False,Paid
OL-0005202,ORD-003108,2026-02-24,CUS-S-00250,Small Business,United Kingdom,Email,Home,HOM-030,3,110.05,GBP,0,6.81,False,Paid
OL-0001275,ORD-000767,2026-03-01,CUS-C-00685,Consumer,France,Organic,Office,OFF-029,1,91.21,EUR,0,4.47,False,Paid
OL-0000620,ORD-000380,2026-04-14,CUS-C-00916,Consumer,Germany,Email,Home,HOM-034,3,339.44,EUR,15,10.71,False,Paid
OL-0004355,ORD-002605,2026-01-12,CUS-C-01476,Consumer,France,Social,Office,OFF-036,1,19.99,EUR,0,5.47,False,Paid
OL-0001743,ORD-001040,15/02/2026,CUS-S-00422,Small Business,Spain,Marketplace,Electronics,ELE-035,1,453.54,EUR,10,15.8,False,Paid
OL-0001391,ORD-000834,29/01/2026,CUS-S-00270,Small Business,Germany,Paid Search,Home,HOM-009,1,130.52,EUR,20,9.58,False,Paid
OL-0004881,ORD-002920,05/05/2026,CUS-C-00483,Consumer,Spain,Email,Home,HOM-028,1,327.82,EUR,0,6.79,False,Paid
OL-0001580,ORD-000942,2026-01-16,,Corporate,France,Marketplace,Home,HOM-001,3,259.87,EUR,10,9.78,False,Paid
OL-0001656,ORD-000990,09/03/2026,CUS-C-00455,Consumer,Spain,Organic,Electronics,ELE-031,1,223.54,EUR,15,13.2,False,Pending
OL-0003569,ORD-002133,2026-05-24,CUS-S-00027,Small Business,Spain,Social,Electronics,ELE-027,1,636.24,EUR,25,14.21,False,Paid
OL-0002353,ORD-001403,2026-02-09,,Small Business,Germany,Marketplace,Electronics,ELE-040,1,322.52,EUR,20,12.88,False,Paid
OL-0002213,ORD-001323,2026-05-15,CUS-S-00269,Small Business,Germany,Organic,Home,HOM-016,1,285.51,EUR,0,8.76,False,Pending
OL-0004377,ORD-002619,07/06/2026,CUS-S-00450,Small Business,Germany,Paid Search,Electronics,ELE-034,2,420.69,EUR,20,15.42,False,Paid
OL-0003179,ORD-001889,2026-03-30,CUS-C-00674,Consumer,Spain,Organic,Office,OFF-025,2,9.51,EUR,0,5.93,False,Paid
OL-0003193,ORD-001899,11/03/2026,CUS-C-00702,Consumer,France,Marketplace,Office,OFF-031,3,56.47,EUR,0,4.64,False,Paid
OL-0001308,ORD-000785,08/05/2026,CUS-C-00457,Consumer,United States,Paid Search,Office,OFF-035,4,36.46,USD,0,6.32,False,Paid
OL-0000576,ORD-000351,2026-02-24,CUS-C-00758,Consumer,Spain,Organic,Electronics,ELE-018,1,1078.37,EUR,15,11.35,False,Paid
OL-0002361,ORD-001407,2026-03-03,CUS-C-01283,Consumer,Germany,Paid Search,Office,OFF-020,1,45.33,EUR,0,5.33,False,Paid
OL-0001281,ORD-000772,05/02/2026,CUS-B-00202,Corporate,Germany,Email,Home,HOM-004,-1,56.9,EUR,0,9.22,True,Paid
OL-0004878,ORD-002918,2026-01-30,,Corporate,Germany,Marketplace,Home,HOM-029,-1,67.66,EUR,20,7.73,True,Refunded
OL-0004962,ORD-002967,2026-03-16,CUS-S-00587,Small Business,Germany,Paid Search,Office,OFF-028,2,26.1,EUR,0,5.49,False,Paid
OL-0001994,ORD-001188,2026-06-28,CUS-C-00559,Consumer,Germany,Organic,Home,HOM-010,1,142.61,EUR,10,10.09,False,Paid
OL-0002640,ORD-001575,2026-05-19,CUS-S-00397,Small Business,France,Email,Home,HOM-012,2,131.71,EUR,15,10.49,False,Paid
OL-0000270,ORD-000168,13/05/2026,CUS-C-00483,Consumer,France,Social,Office,OFF-011,2,17.42,EUR,0,6.01,False,Paid
OL-0000630,ORD-000385,2026-03-24,CUS-S-00592,Small Business,Germany,Organic,Electronics,ELE-010,1,1206.54,EUR,20,16.55,False,Paid
OL-0004445,ORD-002654,2026-02-27,CUS-S-00157,Small Business,Germany,Organic,Home,HOM-007,1,138.26,EUR,0,8.94,False,Paid
OL-0003082,ORD-001835,2026-02-26,CUS-C-00347,Consumer,France,Organic,Electronics,ELE-021,1,476.97,EUR,15,15.75,False,Paid
OL-0003467,ORD-002065,2026-06-06,CUS-B-00240,Corporate,Germany,Marketplace,Office,OFF-020,1,46.61,EUR,0,4.05,False,Paid
OL-0005234,ORD-003130,20/01/2026,CUS-S-00266,Small Business,France,Email,Home,HOM-035,1,208.75,EUR,0,10.13,False,Paid
OL-0004024,ORD-002407,2026-03-13,,Consumer,Germany,Social,Electronics,ELE-008,1,1123.67,EUR,20,16.25,False,Paid
OL-0002047,ORD-001221,09/04/2026,CUS-C-01140,Consumer,France,Paid Search,Home,HOM-003,1,161.78,EUR,0,8.0,False,Paid
OL-0004711,ORD-002812,20/02/2026,CUS-C-00130,Consumer,Spain,Email,Office,OFF-026,1,21.16,EUR,0,3.9,False,Paid
OL-0002114,ORD-001264,10/02/2026,CUS-C-00104,Consumer,France,Social,Electronics,ELE-007,1,495.17,EUR,15,16.36,False,Paid
OL-0000028,ORD-000015,03/02/2026,CUS-S-00392,Small Business,Germany,Email,Office,OFF-012,4,81.11,EUR,0,5.92,False,Paid
OL-0002041,ORD-001217,07/01/2026,CUS-S-00256,Small Business,Germany,Organic,Office,OFF-024,5,16.62,EUR,0,4.51,False,Paid
OL-0003929,ORD-002349,2026-05-07,,Small Business,Spain,Marketplace,Electronics,ELE-007,1,500.31,EUR,10,14.88,False,Paid
OL-0005422,ORD-003243,2026-05-11,CUS-S-00088,Small Business,United Kingdom,Marketplace,Office,OFF-022,1,18.54,GBP,0,4.97,False,Paid
OL-0003217,ORD-001914,2026-05-31,,Consumer,France,Organic,Electronics ,ELE-016,1,390.51,EUR,0,10.38,False,Paid
OL-0003815,ORD-002277,26/06/2026,CUS-S-00434,Small Business,Spain,Email,Office,OFF-035,1,33.66,EUR,0,5.05,False,Paid
OL-0000130,ORD-000079,2026-04-29,CUS-B-00027,Corporate,United States,Social,Home,HOM-014,1,204.94,USD,0,7.92,False,Paid
OL-0004448,ORD-002656,2026-05-16,CUS-C-01457,Consumer,France,Organic,Home,HOM-016,1,285.72,EUR,10,6.43,False,Paid
OL-0004921,ORD-002943,17/02/2026,CUS-C-01260,Consumer,Germany,Organic,Electronics,ELE-024,1,1070.19,EUR,5,14.37,False,Paid
OL-0000014,ORD-000007,09/05/2026,CUS-S-00050,Small Business,United Kingdom,Organic,Home,HOM-013,1,91.09,GBP,0,6.28,False,Paid
OL-0005143,ORD-003076,08/02/2026,CUS-C-01305,Consumer,Germany,Marketplace,Office,OFF-017,7,9.32,EUR,15,5.66,False,Paid
OL-0001526,ORD-000913,17/02/2026,CUS-C-00736,Consumer,France,Organic,Electronics,ELE-003,1,423.87,EUR,10,13.27,False,Paid
OL-0002366,ORD-001410,2026-06-11,CUS-C-00956,Consumer,Germany,Email,Home,HOM-039,2,48.28,EUR,10,6.87,False,Paid
OL-0003053,ORD-001817,2026-06-10,CUS-C-01331,Consumer,Spain,Email,Office,OFF-034,4,76.95,EUR,0,5.52,False,Paid
OL-0004006,ORD-002397,2026-04-28,,Small Business,United Kingdom,Marketplace,Office,OFF-016,1,7.83,GBP,0,3.66,False,Paid
OL-0002341,ORD-001396,2026-05-11,CUS-S-00234,Small Business,Spain,Marketplace,Electronics ,ELE-011,2,1234.4,EUR,15,12.35,False,Paid
OL-0000375,ORD-000228,10/03/2026,CUS-S-00414,Small Business,United Kingdom,Social,Electronics,ELE-022,1,309.36,GBP,0,13.59,False,Paid
OL-0004373,ORD-002617,2026-06-11,CUS-S-00419,Small Business,United Kingdom,Organic,Home,HOM-028,3,295.03,GBP,5,7.33,False,Paid
OL-0005153,ORD-003082,2026-01-19,CUS-C-01034,Consumer,Germany,Marketplace,Office,OFF-001,1,55.92,EUR,0,4.27,False,Paid
OL-0000940,ORD-000567,2026-05-16,CUS-C-00635,Consumer,Spain,Organic,Electronics,ELE-031,1,212.16,EUR,20,13.87,False,Paid
OL-0005745,ORD-003443,17/03/2026,CUS-C-00264,Consumer,Germany,Paid Search,Office,OFF-021,4,29.61,EUR,0,4.81,False,Paid
OL-0002148,ORD-001284,25/02/2026,CUS-C-01052,Consumer,Spain,Paid Search,Office,OFF-011,3,17.13,EUR,0,4.04,False,Paid
OL-0003592,ORD-002144,2026-06-11,CUS-S-00437,Small Business,Germany,Marketplace,Office,OFF-003,1,11.19,EUR,0,5.11,False,Paid
OL-0005444,ORD-003255,2026-05-28,CUS-S-00145,Small Business,Spain,Marketplace,Office,OFF-029,1,89.75,EUR,15,4.78,False,Paid
OL-0005042,ORD-003016,30/04/2026,CUS-S-00355,Small Business,Germany,Organic,Electronics,ELE-002,2,401.88,EUR,10,16.76,False,Paid
OL-0003624,ORD-002163,2026-03-20,CUS-C-00972,Consumer,Germany,Email,Home,HOM-039,1,46.89,EUR,0,6.66,False,Paid
OL-0000530,ORD-000326,20/05/2026,CUS-C-00233,Consumer,France,Organic,Home,HOM-030,1,126.6,EUR,0,9.19,False,Paid
OL-0003715,ORD-002217,2026-06-20,CUS-S-00042,Small Business,France,Paid Search,Electronics,ELE-040,1,321.34,EUR,15,10.87,False,Paid
OL-0001270,ORD-000764,26/04/2026,CUS-C-00312,Consumer,United Kingdom,Social,Office,OFF-029,2,77.03,GBP,0,3.99,False,Paid
OL-0004282,ORD-002562,09/04/2026,CUS-C-00543,Consumer,France,Organic,Electronics,ELE-039,1,224.66,EUR,0,14.4,False,Paid
OL-0001395,ORD-000836,28/01/2026,CUS-C-00058,Consumer,Spain,Social,Home,HOM-024,1,80.34,EUR,0,9.68,False,Paid
OL-0004010,ORD-002400,2026-03-23,CUS-C-00331,Consumer,France,Organic,Home,HOM-018,1,47.14,EUR,5,6.77,False,Paid
OL-0001798,ORD-001072,2026-03-27,,Consumer,Spain,Social,Home,HOM-040,2,300.87,EUR,15,6.5,False,Pending
OL-0002980,ORD-001771,2026-01-12,CUS-C-00172,Consumer,Spain,Marketplace,Office,OFF-013,5,48.56,EUR,0,4.5,False,Paid
OL-0001442,ORD-000863,2026-04-07,CUS-S-00464,Small Business,Germany,Paid Search,Home,HOM-037,1,135.81,EUR,0,9.81,False,Paid
OL-0005297,ORD-003166,2026-05-11,CUS-S-00193,Small Business,United States,Marketplace,Home,HOM-027,1,122.48,USD,0,10.11,False,Paid
OL-0000756,ORD-000453,11/02/2026,CUS-S-00186,Small Business,Germany,Email,Electronics,ELE-027,2,666.01,EUR,5,12.35,False,Paid
OL-0003812,ORD-002275,10/04/2026,CUS-C-01290,Consumer,France,Organic,Electronics,ELE-010,1,1192.97,EUR,0,16.67,False,Paid
OL-0001274,ORD-000766,2026-02-26,CUS-C-00350,Consumer,France,Paid Search,Home,HOM-003,-1,159.54,EUR,0,6.9,True,Refunded
OL-0001713,ORD-001022,2026-05-16,CUS-B-00054,Corporate,France,Email,Electronics,ELE-006,1,219.74,EUR,10,12.16,False,Paid
OL-0000956,ORD-000577,2026-03-12,CUS-C-01248,Consumer,France,Email,Home,HOM-004,1,56.68,EUR,25,7.96,False,Paid
OL-0004443,ORD-002653,2026-06-26,CUS-S-00315,Small Business,France,Paid Search,Electronics,ELE-038,2,510.88,EUR,0,14.97,False,Paid
OL-0004795,ORD-002868,07/01/2026,CUS-B-00113,Corporate,Germany,Social,Home,HOM-004,2,56.81,EUR,20,7.86,False,Pending
OL-0005377,ORD-003213,2026-05-24,,Consumer,Spain,Marketplace,Home,HOM-012,2,130.32,EUR,0,7.26,False,Paid
OL-0000404,ORD-000245,2026-05-04,CUS-S-00509,Small Business,United States,Organic,Office,OFF-033,1,37.91,USD,0,5.25,False,Paid
OL-0002072,ORD-001237,06/05/2026,CUS-S-00229,Small Business,France,Paid Search,Home,HOM-009,2,131.33,EUR,10,6.47,False,Paid
OL-0005702,ORD-003418,2026-06-04,CUS-C-00459,Consumer,Germany,Organic,Office,OFF-036,5,19.27,EUR,0,5.58,False,Paid
OL-0001978,ORD-001177,2026-05-12,CUS-S-00458,Small Business,Germany,Paid Search,Office,OFF-019,2,15.73,EUR,0,4.19,False,Paid
OL-0000159,ORD-000100,07/03/2026,CUS-C-00520,Consumer,United Kingdom,Organic,Home,HOM-011,1,77.91,GBP,0,6.3,False,Paid
OL-0003889,ORD-002325,18/02/2026,CUS-C-00157,Consumer,Germany,Social,Electronics,ELE-031,1,217.92,EUR,0,14.96,False,Paid
OL-0000903,ORD-000543,23/02/2026,CUS-S-00294,Small Business,Germany,Email,Electronics,ELE-037,1,277.21,EUR,0,13.52,False,Paid
OL-0000353,ORD-000216,01/06/2026,CUS-C-00687,Consumer,France,Email,Electronics,ELE-035,-2,449.04,EUR,20,14.19,True,Refunded
OL-0004131,ORD-002469,2026-01-20,CUS-C-00367,Consumer,Germany,Social,Home,HOM-020,2,56.0,EUR,0,7.2,False,Paid
OL-0000755,ORD-000452,2026-05-21,,Consumer,Spain,Marketplace,Electronics,ELE-012,1,517.96,EUR,20,11.07,False,Paid
OL-0002972,ORD-001767,2026-01-16,CUS-S-00363,Small Business,France,Organic,Office,OFF-023,2,54.44,EUR,0,4.23,False,Paid
OL-0002699,ORD-001607,2026-03-10,CUS-S-00096,Small Business,Germany,Paid Search,Electronics,ELE-022,2,374.37,EUR,20,11.38,False,Paid
OL-0002921,ORD-001737,2026-04-23,CUS-C-00511,Consumer,France,Organic,Office,OFF-005,2,54.7,EUR,0,5.1,False,Paid
OL-0000312,ORD-000191,09/03/2026,CUS-S-00189,Small Business,Germany,Organic,Office,OFF-028,3,25.82,EUR,0,4.82,False,Paid
OL-0000662,ORD-000402,2026-04-13,CUS-S-00410,Small Business,United Kingdom,Paid Search,Electronics,ELE-038,1,411.81,GBP,10,13.92,False,Paid
OL-0001990,ORD-001187,19/04/2026,CUS-C-00639,Consumer,France,Social,Office,OFF-023,1,53.75,EUR,0,3.91,False,Paid
OL-0003666,ORD-002188,2026-01-11,CUS-C-00115,Consumer,Spain,Marketplace,Office,OFF-039,1,20.69,EUR,0,4.61,False,Paid
OL-0000307,ORD-000187,2026-05-23,CUS-C-00019,Consumer,Germany,Social,Home,HOM-003,1,156.74,EUR,0,7.82,False,Paid
OL-0002336,ORD-001393,2026-06-05,CUS-C-00664,Consumer,Germany,Organic,Office,OFF-014,2,28.49,EUR,0,4.71,False,Paid
OL-0002357,ORD-001406,21/02/2026,CUS-S-00440,Small Business,Germany,Email,Office,OFF-015,2,67.75,EUR,0,4.85,False,Paid
OL-0003703,ORD-002211,2026-06-22,CUS-C-00870,Consumer,France,Paid Search,Electronics,ELE-028,1,190.06,EUR,0,11.97,False,Paid
OL-0003805,ORD-002273,2026-05-25,CUS-C-00904,Consumer,France,Marketplace,Office,OFF-028,2,26.32,EUR,0,5.15,False,Paid
OL-0001928,ORD-001144,2026-04-20,CUS-B-00058,Corporate,France,Organic,Home,HOM-026,1,202.26,EUR,5,9.33,False,Paid
OL-0003428,ORD-002042,08/04/2026,CUS-C-00875,Consumer,France,Organic,Office,OFF-024,1,17.32,EUR,0,5.9,False,Paid
OL-0000750,ORD-000450,09/04/2026,CUS-C-00134,Consumer,France,Organic,Electronics,ELE-003,1,421.72,EUR,10,15.96,False,Paid
OL-0003639,ORD-002174,10/06/2026,CUS-S-00560,Small Business,Spain,Email,Electronics,ELE-034,1,461.17,EUR,10,10.16,False,Paid
OL-0005244,ORD-003136,19/04/2026,CUS-B-00122,Corporate,France,Organic,Office,OFF-007,2,38.31,EUR,0,5.7,False,Paid
OL-0001267,ORD-000761,2026-06-25,CUS-C-00876,Consumer,United Kingdom,Paid Search,Office,OFF-039,3,17.38,GBP,0,4.13,False,Paid
OL-0001956,ORD-001163,2026-04-07,CUS-C-01432,Consumer,Germany,Email,Electronics,ELE-011,1,1234.71,EUR,25,16.69,False,Paid
OL-0005300,ORD-003168,25/05/2026,,Consumer,Germany,Social,Home,HOM-019,3,66.96,EUR,10,8.32,False,Paid
OL-0003596,ORD-002146,2026-03-10,CUS-C-00080,Consumer,France,Organic,Electronics,ELE-031,1,215.47,EUR,15,13.21,False,Paid
OL-0002135,ORD-001274,10/06/2026,CUS-C-00720,Consumer,United States,Paid Search,Office,OFF-002,5,11.67,USD,0,5.44,False,Paid
OL-0004110,ORD-002457,2026-05-07,CUS-S-00117,Small Business,France,Organic,Electronics,ELE-021,1,486.1,EUR,15,10.6,False,Paid
OL-0000515,ORD-000318,2026-06-14,CUS-C-00967,Consumer,France,Paid Search,Home,HOM-017,2,52.47,EUR,0,9.72,False,Paid
OL-0005362,ORD-003203,17/05/2026,CUS-C-01393,Consumer,Spain,Social,Electronics,ELE-031,1,203.63,EUR,20,13.61,False,Paid
OL-0000410,ORD-000248,2026-05-17,,Consumer,Spain,Social,Electronics,ELE-023,2,510.05,EUR,0,14.4,False,Paid
OL-0004476,ORD-002675,2026-05-26,CUS-C-00794,Consumer,Spain,Paid Search,Home,HOM-007,4,138.01,EUR,10,9.5,False,Paid
OL-0005757,ORD-003450,14/02/2026,CUS-C-00929,Consumer,Spain,Paid Search,Home,HOM-001,1,260.87,EUR,5,7.23,False,Paid
OL-0004772,ORD-002851,06/04/2026,CUS-C-00850,Consumer,Germany,Organic,Electronics,ELE-020,2,480.08,EUR,10,14.58,False,Paid
OL-0005194,ORD-003103,21/06/2026,CUS-C-00477,Consumer,United Kingdom,Organic,Home,HOM-017,1,43.53,GBP,0,5.9,False,Paid
OL-0000208,ORD-000130,2026-06-23,CUS-C-00356,Consumer,Spain,Marketplace,Electronics,ELE-009,2,224.85,EUR,10,14.68,False,Paid
OL-0000459,ORD-000282,2026-05-08,CUS-S-00378,Small Business,Germany,Paid Search,Office,OFF-007,2,38.65,EUR,0,5.32,False,Paid
OL-0002055,ORD-001226,2026-01-06,CUS-C-00524,Consumer,France,Marketplace,Office,OFF-040,3,58.1,EUR,0,4.77,False,Paid
OL-0002431,ORD-001446,10/01/2026,CUS-B-00209,Corporate,Spain,Paid Search,Electronics,ELE-017,2,795.86,EUR,10,11.14,False,Paid
OL-0000251,ORD-000156,2026-02-15,CUS-C-00644,Consumer,France,Organic,Electronics,ELE-005,3,530.38,EUR,10,13.29,False,Paid
OL-0005120,ORD-003063,2026-03-13,CUS-B-00151,Corporate,Spain,Social,Office,OFF-010,1,11.93,EUR,0,3.69,False,Paid
OL-0001108,ORD-000660,2026-06-30,CUS-S-00350,Small Business,France,Paid Search,Home,HOM-018,2,47.27,EUR,0,10.05,False,Paid
OL-0004863,ORD-002909,2026-05-27,CUS-C-01465,Consumer,Spain,Paid Search,Home,HOM-012,2,125.14,EUR,5,9.76,False,Paid
OL-0001714,ORD-001023,2026-04-09,,Consumer,United Kingdom,Social,Home,HOM-031,3,64.95,GBP,15,7.31,False,Paid
OL-0003912,ORD-002339,21/04/2026,,Consumer,Germany,Marketplace,Office,OFF-005,2,51.48,EUR,0,3.7,False,Pending
OL-0000716,ORD-000431,27/06/2026,CUS-C-01027,Consumer,Germany,Paid Search,Home,HOM-004,1,55.96,EUR,10,10.17,False,Paid
OL-0000553,ORD-000340,09/02/2026,CUS-C-00593,Consumer,Spain,Paid Search,Home,HOM-030,1,134.03,EUR,0,10.49,False,Paid
OL-0001440,ORD-000862,2026-01-31,CUS-S-00338,Small Business,United Kingdom,Organic,Office,OFF-036,2,17.36,GBP,0,3.72,False,Paid
OL-0002271,ORD-001355,06/06/2026,,Small Business,United Kingdom,Marketplace,Office,OFF-028,4,22.51,GBP,0,4.82,False,Paid
OL-0003145,ORD-001870,10/04/2026,CUS-C-01032,Consumer,United States,Organic,Home,HOM-011,1,96.54,USD,0,6.98,False,Paid
OL-0005744,ORD-003442,2026-02-02,CUS-C-01285,Consumer,United Kingdom,Social,Office,OFF-026,1,18.27,GBP,0,3.84,False,Paid
OL-0001926,ORD-001143,2026-01-24,CUS-C-00829,Consumer,France,Email,Home,HOM-036,2,147.79,EUR,0,9.67,False,Paid
OL-0000635,ORD-000387,2026-03-27,CUS-C-00182,Consumer,France,Organic,Home,HOM-021,1,134.88,EUR,15,8.65,False,Paid
OL-0000317,ORD-000194,2026-04-10,CUS-C-00044,Consumer,France,Paid Search,Home,HOM-013,1,103.8,EUR,0,7.27,False,Paid
OL-0005637,ORD-003380,2026-06-09,CUS-C-00173,Consumer,Germany,Paid Search,Home,HOM-020,3,59.19,EUR,5,6.51,False,Pending
OL-0000428,ORD-000260,2026-04-13,CUS-C-01295,Consumer,Spain,Email,Office,OFF-010,2,12.18,EUR,0,5.19,False,Paid
OL-0004454,ORD-002660,2026-05-03,CUS-B-00030,Corporate,Spain,Marketplace,Electronics,ELE-039,1,229.96,EUR,15,10.69,False,Paid
OL-0000106,ORD-000063,2026-06-05,CUS-C-01128,Consumer,France,Marketplace,Electronics,ELE-024,1,1058.64,EUR,10,10.0,False,Paid
OL-0003042,ORD-001808,2026-03-21,CUS-C-00346,Consumer,Spain,Organic,Office,OFF-029,3,88.17,EUR,0,3.72,False,Paid
OL-0004239,ORD-002534,2026-06-08,CUS-S-00014,Small Business,United States,Paid Search,Office,OFF-027,2,57.28,USD,0,5.91,False,Paid
OL-0002170,ORD-001298,2026-05-21,CUS-C-00257,Consumer,Spain,Social,Electronics,ELE-023,2,522.37,EUR,10,13.89,False,Paid
OL-0001710,ORD-001021,2026-03-14,,Consumer,Germany,Email,Office,OFF-005,3,52.99,EUR,0,3.73,False,Paid
OL-0000090,ORD-000053,2026-05-29,CUS-C-01318,Consumer,France,Social,Electronics,ELE-027,-1,645.11,EUR,15,11.68,True,Refunded
OL-0002242,ORD-001338,2026-03-03,CUS-B-00250,Corporate,Spain,Email,Home,HOM-038,3,98.76,EUR,15,8.09,False,Paid
OL-0003175,ORD-001886,2026-05-22,CUS-B-00095,Corporate,United States,Marketplace,Home,HOM-001,2,281.33,USD,25,11.45,False,Paid
OL-0004479,ORD-002677,2026-05-15,,Consumer,Germany,Organic,Home,HOM-022,1,67.8,EUR,0,8.69,False,Paid
OL-0001950,ORD-001159,2026-04-06,CUS-S-00014,Small Business,France,Paid Search,Home,HOM-032,1,237.63,EUR,0,6.71,False,Paid
OL-0004045,ORD-002420,2026-02-08,CUS-S-00081,Small Business,United Kingdom,Organic,Electronics,ELE-031,1,183.1,GBP,25,8.83,False,Paid
OL-0002849,ORD-001699,2026-06-27,CUS-C-00357,Consumer,France,Email,Home,HOM-023,2,47.3,EUR,10,8.16,False,Paid
OL-0000002,ORD-000001,2026-01-03,CUS-C-01030,Consumer,Spain,Paid Search,Office,OFF-040,5,56.78,EUR,15,5.86,False,Paid
OL-0004338,ORD-002596,25/05/2026,CUS-S-00442,Small Business,France,Paid Search,Electronics,ELE-017,1,859.04,EUR,0,16.79,False,Paid
OL-0000936,ORD-000565,09/06/2026,CUS-C-00664,Consumer,United States,Marketplace,Office,OFF-039,1,21.47,USD,0,5.17,False,Paid
OL-0005134,ORD-003072,2026-02-24,CUS-S-00566,Small Business,France,Social,Electronics,ELE-040,3,315.46,EUR,0,11.27,False,Paid
OL-0002721,ORD-001621,02/03/2026,CUS-B-00128,Corporate,France,Organic,Office,OFF-012,3,85.31,EUR,0,5.71,False,Paid
OL-0000592,ORD-000361,2026-02-28,CUS-C-00756,Consumer,Spain,Organic,Electronics,ELE-040,1,326.03,EUR,0,14.37,False,Paid
OL-0004909,ORD-002935,03/05/2026,,Consumer,Germany,Email,Office,OFF-016,1,9.22,EUR,20,5.19,False,Pending
OL-0002937,ORD-001746,2026-05-18,CUS-C-00910,Consumer,United Kingdom,Marketplace,Home,HOM-026,1,170.69,GBP,0,9.06,False,Paid
OL-0002449,ORD-001454,25/03/2026,CUS-C-00436,Consumer,France,Email,Home,HOM-008,1,75.21,EUR,0,10.22,False,Paid
OL-0001577,ORD-000940,2026-05-20,CUS-C-00364,Consumer,Germany,Email,Office,OFF-028,2,25.35,EUR,0,4.58,False,Paid
OL-0005005,ORD-002995,2026-06-25,CUS-C-00765,Consumer,United Kingdom,Paid Search,Office,OFF-023,4,48.99,GBP,0,4.87,False,Paid
OL-0000214,ORD-000133,31/01/2026,CUS-C-01113,Consumer,Germany,Organic,Home,HOM-020,1,57.97,EUR,15,10.38,False,Paid
OL-0000779,ORD-000466,2026-05-20,CUS-C-01275,Consumer,United States,Paid Search,Home,HOM-029,3,75.45,USD,20,7.82,False,Paid
OL-0003497,ORD-002083,2026-05-11,CUS-S-00073,Small Business,France,Paid Search,Office,OFF-020,3,46.53,EUR,0,4.07,False,Paid
OL-0004706,ORD-002809,18/02/2026,CUS-C-00702,Consumer,France,Social,Home,HOM-012,1,130.55,EUR,0,6.53,False,Paid
OL-0002044,ORD-001219,2026-05-23,CUS-S-00042,Small Business,France,Paid Search,Electronics,ELE-018,2,1092.55,EUR,15,16.83,False,Paid
OL-0005439,ORD-003251,06/03/2026,CUS-S-00195,Small Business,France,Marketplace,Electronics,ELE-031,1,212.62,EUR,0,12.34,False,Paid
OL-0001568,ORD-000935,2026-01-26,CUS-S-00180,Small Business,Germany,Social,Office,OFF-005,1,50.83,EUR,0,5.11,False,Paid
OL-0000166,ORD-000103,13/05/2026,CUS-S-00166,Small Business,United Kingdom,Paid Search,Office,OFF-015,4,57.27,GBP,0,3.16,False,Paid
OL-0003567,ORD-002132,2026-03-21,CUS-S-00518,Small Business,United Kingdom,Email,Home,HOM-001,3,224.84,GBP,0,6.89,False,Paid
OL-0004591,ORD-002744,2026-04-09,CUS-C-00166,Consumer,Germany,Organic,Home,HOM-028,2,340.78,EUR,0,9.94,False,Paid
OL-0002014,ORD-001199,2026-06-04,CUS-B-00148,Corporate,United States,Paid Search,Office,OFF-030,4,73.22,USD,0,6.36,False,Paid
OL-0000274,ORD-000170,13/05/2026,CUS-S-00310,Small Business,France,Organic,Electronics,ELE-027,2,682.7,EUR,10,15.74,False,Paid
OL-0003861,ORD-002306,2026-05-09,CUS-C-01229,Consumer,Spain,Email,Electronics,ELE-007,2,522.45,EUR,0,10.06,False,Paid
OL-0004168,ORD-002494,2026-01-13,CUS-C-01397,Consumer,Spain,Organic,Office,OFF-028,7,26.33,EUR,0,3.88,False,Paid
OL-0004789,ORD-002862,2026-05-14,CUS-S-00541,Small Business,Spain,Organic,Home,HOM-021,1,138.01,EUR,0,8.03,False,Paid
OL-0003789,ORD-002264,27/05/2026,CUS-C-01071,Consumer,United States,Organic,Office,OFF-037,2,14.33,USD,0,5.66,False,Paid
OL-0000395,ORD-000239,14/04/2026,CUS-C-00633,Consumer,United Kingdom,Paid Search,Electronics,ELE-026,1,203.66,GBP,10,12.0,False,Pending
OL-0000584,ORD-000357,2026-02-17,CUS-C-00990,Consumer,Spain,Organic,Home,HOM-010,3,142.79,EUR,10,6.57,False,Paid
OL-0004354,ORD-002604,2026-06-24,CUS-C-01240,Consumer,Spain,Marketplace,Home,HOM-016,2,274.7,EUR,0,7.42,False,Paid
OL-0005565,ORD-003331,2026-02-17,CUS-S-00290,Small Business,Spain,Organic,Home,HOM-040,1,300.5,EUR,10,10.77,False,Paid
OL-0005741,ORD-003440,2026-04-27,CUS-C-00066,Consumer,France,Paid Search,Home,HOM-027,1,113.11,EUR,10,8.03,False,Paid
OL-0000521,ORD-000321,2026-04-02,CUS-S-00198,Small Business,Spain,Email,Office,OFF-007,2,40.44,EUR,0,5.15,False,Paid
OL-0001764,ORD-001054,01/03/2026,,Consumer,Germany,Marketplace,Office,OFF-005,7,52.85,EUR,0,5.31,False,Paid
OL-0001876,ORD-001115,2026-04-04,CUS-B-00137,Corporate,Spain,Paid Search,Home,HOM-037,2,140.8,EUR,0,8.44,False,Pending
OL-0003966,ORD-002374,23/05/2026,CUS-S-00491,Small Business,France,Paid Search,Office,OFF-009,4,78.09,EUR,0,4.42,False,Paid
OL-0003345,ORD-001986,2026-04-05,CUS-S-00459,Small Business,France,Organic,Home,HOM-038,3,95.67,EUR,10,8.16,False,Paid
OL-0002254,ORD-001345,2026-03-02,CUS-B-00191,Corporate,Spain,Social,Home,HOM-034,1,341.75,EUR,20,10.25,False,Paid
OL-0003225,ORD-001919,2026-06-11,CUS-S-00375,Small Business,Spain,Organic,Electronics,ELE-019,2,246.96,EUR,10,13.52,False,Paid
OL-0000527,ORD-000325,2026-02-19,CUS-S-00348,Small Business,Spain,Organic,Electronics,ELE-028,1,198.13,EUR,5,10.08,False,Paid
OL-0002947,ORD-001753,31/05/2026,CUS-C-01416,Consumer,Germany,Email,Office,OFF-001,6,57.48,EUR,0,5.6,False,Paid
OL-0003900,ORD-002331,2026-06-18,CUS-C-01460,Consumer,Germany,Email,Electronics,ELE-022,2,382.26,EUR,5,16.33,False,Paid
OL-0000693,ORD-000418,2026-06-14,CUS-C-01279,Consumer,Spain,Social,Office,OFF-035,2,35.21,EUR,0,5.53,False,Paid
OL-0005675,ORD-003400,2026-04-01,CUS-C-00744,Consumer,United States,Paid Search,Electronics,ELE-027,1,698.23,USD,0,11.16,False,Paid
OL-0003634,ORD-002169,2026-02-10,,Consumer,Germany,Paid Search,Electronics,ELE-023,1,535.43,EUR,0,10.25,False,Paid
OL-0001051,ORD-000627,26/05/2026,,Consumer,United Kingdom,Paid Search,Home,HOM-033,1,57.65,GBP,10,7.01,False,Paid
OL-0000591,ORD-000361,2026-02-28,CUS-C-00756,Consumer,Spain,Organic,Home,HOM-015,1,143.35,EUR,0,6.82,False,Pending
OL-0000520,ORD-000321,2026-04-02,CUS-S-00198,Small Business,Spain,Email,Electronics,ELE-022,1,362.38,EUR,5,13.16,False,Pending
OL-0003381,ORD-002006,03/01/2026,CUS-B-00229,Corporate,Spain,Organic,Electronics,ELE-021,1,483.21,EUR,5,12.2,False,Paid
OL-0003677,ORD-002195,2026-02-28,CUS-S-00265,Small Business,United Kingdom,Organic,Office,OFF-017,6,8.28,GBP,0,3.97,False,Pending
OL-0004938,ORD-002952,2026-01-02,CUS-C-00795,Consumer,Germany,Organic,Electronics,ELE-023,1,528.86,EUR,0,10.53,False,Paid
OL-0001608,ORD-000959,2026-02-15,CUS-C-01122,Consumer,France,Email,Office,OFF-010,1,12.0,EUR,0,5.26,False,Paid
OL-0003611,ORD-002154,2026-06-04,CUS-B-00107,Corporate,Spain,Organic,Office,OFF-037,1,13.07,EUR,0,5.8,False,Paid
OL-0005813,ORD-003480,26/05/2026,CUS-B-00117,Corporate,Spain,Paid Search,Office,OFF-009,24,74.81,EUR,0,4.79,False,Paid
OL-0001810,ORD-001079,07/05/2026,CUS-C-00251,Consumer,France,Paid Search,Electronics,ELE-016,1,388.83,EUR,15,13.82,False,Paid
OL-0000792,ORD-000475,2026-05-16,CUS-S-00383,Small Business,Germany,Email,Office,OFF-031,2,54.55,EUR,0,4.38,False,Paid
OL-0000793,ORD-000476,2026-06-01,CUS-C-01205,Consumer,France,Paid Search,Office,OFF-019,3,15.28,EUR,20,3.62,False,Paid
OL-0004928,ORD-002948,31/05/2026,CUS-B-00203,Corporate,United Kingdom,Paid Search,Electronics,ELE-011,1,1044.97,GBP,0,12.28,False,Paid
OL-0001856,ORD-001105,2026-02-13,,Consumer,France,Paid Search,Electronics,ELE-016,1,365.91,EUR,0,11.39,False,Paid
OL-0001981,ORD-001180,2026-02-21,CUS-C-00854,Consumer,Germany,Social,Home,HOM-018,1,47.49,EUR,0,10.68,False,Paid
OL-0003234,ORD-001925,2026-05-10,CUS-C-00033,Consumer,France,Email,Office,OFF-028,1,26.06,EUR,0,5.21,False,Paid
OL-0003599,ORD-002148,2026-06-06,CUS-B-00051,Corporate,France,Email,Office,OFF-024,6,16.41,EUR,0,5.94,False,Paid
OL-0000934,ORD-000564,2026-06-26,,Corporate,Spain,Marketplace,Office,OFF-020,2,44.4,EUR,0,5.03,False,Paid
OL-0003964,ORD-002372,18/03/2026,CUS-C-00423,Consumer,Germany,Organic,Home,HOM-027,-3,110.14,EUR,0,6.96,True,Refunded
OL-0005573,ORD-003338,03/04/2026,CUS-C-00134,Consumer,France,Social,Electronics,ELE-028,1,189.17,EUR,15,12.63,False,Paid
OL-0004180,ORD-002500,2026-02-24,CUS-C-01168,Consumer,Germany,Paid Search,Home,HOM-003,1,158.55,EUR,0,10.58,False,Paid
OL-0004027,ORD-002410,2026-02-26,CUS-C-01172,Consumer,United Kingdom,Social,Office,OFF-009,2,65.93,GBP,0,3.77,False,Paid
OL-0004117,ORD-002461,07/06/2026,CUS-S-00035,Small Business,France,Paid Search,Office,OFF-008,5,8.14,EUR,0,3.78,False,Paid
OL-0000989,ORD-000598,29/05/2026,CUS-B-00195,Corporate,Germany,Email,Office,OFF-009,2,77.14,EUR,0,4.23,False,Paid
OL-0004627,ORD-002765,30/06/2026,CUS-C-00669,Consumer,United Kingdom,Social,Home,HOM-029,1,58.98,GBP,0,6.79,False,Paid
OL-0003454,ORD-002057,18/04/2026,CUS-C-00253,Consumer,Spain,Paid Search,Home,HOM-005,3,264.3,EUR,0,9.51,False,Paid
OL-0005478,ORD-003275,2026-02-01,CUS-C-00453,Consumer,France,Paid Search,Electronics,ELE-034,1,438.64,EUR,25,12.47,False,Paid
OL-0003779,ORD-002258,01/02/2026,CUS-C-01060,Consumer,United Kingdom,Organic,Home,HOM-032,2,200.57,GBP,0,6.11,False,Paid
OL-0005350,ORD-003197,2026-04-23,CUS-B-00027,Corporate,Spain,Paid Search,Electronics,ELE-003,1,427.27,EUR,25,14.79,False,Paid
OL-0003094,ORD-001844,2026-01-24,CUS-C-00263,Consumer,Germany,Paid Search,Home,HOM-016,1,289.12,EUR,10,6.86,False,Paid
OL-0003156,ORD-001874,2026-01-02,CUS-S-00007,Small Business,United Kingdom,Social,Home,HOM-026,2,165.36,GBP,10,6.56,False,Paid
OL-0003202,ORD-001905,2026-02-06,CUS-B-00218,Corporate,Spain,Organic,Electronics,ELE-020,3,472.23,EUR,20,15.83,False,Paid
OL-0004840,ORD-002897,08/01/2026,,Consumer,Spain,Email,Office,OFF-011,1,18.47,EUR,0,4.51,False,Paid
OL-0001099,ORD-000655,2026-06-20,CUS-B-00162,Corporate,Germany,Organic,Office,OFF-002,3,11.22,EUR,10,4.56,False,Paid
OL-0004980,ORD-002978,2026-06-18,CUS-C-00489,Consumer,France,Paid Search,Office,OFF-011,-4,17.89,EUR,0,3.95,True,Refunded
OL-0002845,ORD-001697,13/04/2026,CUS-S-00222,Small Business,France,Social,Electronics,ELE-027,1,626.42,EUR,10,14.43,False,Paid
OL-0000887,ORD-000535,2026-04-20,,Corporate,France,Social,Electronics,ELE-027,1,649.34,EUR,20,15.55,False,Paid
OL-0003679,ORD-002196,2026-05-29,CUS-C-01127,Consumer,Germany,Social,Electronics,ELE-023,2,539.21,EUR,15,13.68,False,Paid
OL-0004652,ORD-002777,2026-03-17,CUS-S-00123,Small Business,France,Email,Office,OFF-004,4,16.77,EUR,0,5.16,False,Paid
OL-0000516,ORD-000319,18/04/2026,CUS-C-00199,Consumer,France,Marketplace,Electronics,ELE-037,2,272.01,EUR,20,16.0,False,Paid
OL-0005785,ORD-003465,16/04/2026,CUS-C-00610,Consumer,Spain,Paid Search,Electronics,ELE-029,1,1039.33,EUR,0,12.84,False,Paid
OL-0001454,ORD-000868,22/04/2026,CUS-C-01429,Consumer,France,Paid Search,Electronics,ELE-016,1,387.8,EUR,10,13.68,False,Paid
OL-0003554,ORD-002119,20/04/2026,CUS-S-00403,Small Business,Spain,Paid Search,Office,OFF-040,3,56.79,EUR,0,6.04,False,Paid
OL-0003610,ORD-002153,19/06/2026,,Corporate,France,Social,Office,OFF-024,1,17.23,EUR,0,3.61,False,Paid
OL-0002507,ORD-001493,2026-03-24,CUS-S-00551,Small Business,United Kingdom,Email,Office,OFF-003,3,9.24,GBP,0,5.08,False,Paid
OL-0002995,ORD-001779,2026-01-17,CUS-S-00430,Small Business,Germany,Social,Office,OFF-030,3,65.82,EUR,5,4.18,False,Paid
OL-0004000,ORD-002395,2026-04-23,CUS-S-00405,Small Business,Germany,Organic,Electronics,ELE-007,1,508.0,EUR,15,12.97,False,Paid
OL-0005689,ORD-003407,16/02/2026,CUS-C-01068,Consumer,France,Organic,Home,HOM-019,2,64.2,EUR,25,9.83,False,Paid
OL-0000907,ORD-000544,2026-02-28,CUS-C-00197,Consumer,United Kingdom,Organic,Office,OFF-036,1,17.0,GBP,15,3.19,False,Paid
OL-0000029,ORD-000016,2026-05-23,CUS-C-00892,Consumer,Spain,Email,Home,HOM-003,1,164.15,EUR,20,6.99,False,Paid
OL-0002508,ORD-001493,2026-03-24,CUS-S-00551,Small Business,United Kingdom,Email,Office,OFF-012,1,70.73,GBP,0,4.95,False,Paid
OL-0002429,ORD-001444,29/03/2026,CUS-S-00427,Small Business,Germany,Paid Search,Office,OFF-038,-2,57.11,EUR,0,4.39,True,Refunded
OL-0000763,ORD-000457,05/06/2026,CUS-S-00039,Small Business,France,Marketplace,Office,OFF-027,1,51.88,EUR,0,5.03,False,Paid
OL-0003748,ORD-002236,26/06/2026,CUS-C-01234,Consumer,France,Paid Search,Home,HOM-034,1,326.14,EUR,15,8.23,False,Paid
OL-0000285,ORD-000177,13/02/2026,CUS-S-00519,Small Business,United Kingdom,Social,Office,OFF-017,2,8.11,GBP,0,5.12,False,Paid
OL-0000687,ORD-000414,19/02/2026,CUS-S-00469,Small Business,France,Organic,Electronics,ELE-007,2,502.21,EUR,0,12.63,False,Paid
OL-0002354,ORD-001403,2026-02-09,,Small Business,Germany,Marketplace,Office,OFF-021,3,29.62,EUR,0,4.09,False,Paid
OL-0004826,ORD-002892,23/01/2026,CUS-B-00220,Corporate,United Kingdom,Email,Home,HOM-035,1,170.33,GBP,20,8.75,False,Paid
OL-0000022,ORD-000012,2026-03-22,CUS-S-00454,Small Business,United Kingdom,Organic,Office,OFF-001,3,48.89,GBP,0,3.51,False,Paid
OL-0002753,ORD-001641,2026-05-03,CUS-S-00069,Small Business,Germany,Email,Home,HOM-007,1,135.07,EUR,0,10.13,False,Paid
OL-0000886,ORD-000534,2026-05-24,CUS-S-00129,Small Business,Spain,Email,Office,OFF-026,5,21.11,EUR,0,5.4,False,Paid
OL-0000918,ORD-000554,2026-03-19,CUS-C-01489,Consumer,United Kingdom,Email,Electronics,ELE-032,2,458.83,GBP,20,10.88,False,Paid
OL-0001041,ORD-000623,25/05/2026,,Small Business,United Kingdom,Social,Home,HOM-039,2,39.83,GBP,20,8.76,False,Paid
OL-0001266,ORD-000761,2026-06-25,CUS-C-00876,Consumer,United Kingdom,Paid Search,Office,OFF-017,2,8.4,GBP,0,3.37,False,Paid
OL-0005188,ORD-003101,2026-01-29,CUS-C-00513,Consumer,France,Email,Electronics,ELE-037,1,279.76,EUR,10,13.51,False,Paid
OL-0000278,ORD-000172,17/05/2026,CUS-C-01394,Consumer,Germany,Social,Office,OFF-013,1,48.94,EUR,0,5.67,False,Paid
OL-0002085,ORD-001247,2026-02-09,CUS-C-00281,Consumer,Germany,Organic,Office,OFF-016,6,9.13,EUR,0,5.42,False,Paid
OL-0001246,ORD-000747,02/03/2026,CUS-S-00272,Small Business,Spain,Organic,Home,HOM-015,1,138.4,EUR,10,8.42,False,Paid
OL-0002383,ORD-001416,20/01/2026,CUS-S-00070,Small Business,Germany,Organic,Home,HOM-025,1,131.48,EUR,15,7.61,False,Paid
OL-0000572,ORD-000349,02/06/2026,CUS-C-00279,Consumer,Germany,Paid Search,Home,HOM-024,-1,85.03,EUR,0,10.78,True,Refunded
OL-0001436,ORD-000859,2026-04-25,CUS-B-00084,Corporate,Spain,Paid Search,Home,HOM-010,1,141.7,EUR,0,8.3,False,Paid
OL-0003903,ORD-002333,2026-05-31,CUS-C-01116,Consumer,Germany,Social,Home,HOM-012,1,131.98,EUR,10,7.65,False,Paid
OL-0001248,ORD-000749,29/06/2026,CUS-C-00813,Consumer,France,Paid Search,Home,HOM-031,1,74.49,EUR,0,10.25,False,Paid
OL-0003527,ORD-002103,2026-01-08,CUS-S-00494,Small Business,Germany,Organic,Home,HOM-039,1,47.51,EUR,0,8.4,False,Paid
OL-0002515,ORD-001497,2026-05-19,CUS-C-00022,Consumer,Germany,Email,Electronics,ELE-010,1,1145.5,EUR,5,14.7,False,Paid
OL-0001008,ORD-000606,2026-04-16,CUS-C-01291,Consumer,United Kingdom,Paid Search,Office,OFF-030,5,56.78,GBP,0,4.89,False,Paid
OL-0005193,ORD-003103,21/06/2026,CUS-C-00477,Consumer,United Kingdom,Organic,Electronics,ELE-013,-1,291.27,GBP,0,9.26,True,Refunded
OL-0002065,ORD-001232,2026-02-24,,Small Business,Spain,Social,Office,OFF-008,1,8.41,EUR,0,3.93,False,Paid
OL-0005749,ORD-003445,20/02/2026,CUS-C-00296,Consumer,France,Social,Electronics,ELE-022,2,365.26,EUR,0,14.91,False,Paid
OL-0001691,ORD-001011,2026-01-01,CUS-B-00053,Corporate,Germany,Email,Office,OFF-040,6,54.54,EUR,0,4.12,False,Paid
OL-0005590,ORD-003349,2026-01-30,CUS-S-00473,Small Business,Germany,Organic,Office,OFF-029,8,88.74,EUR,0,4.43,False,Pending
OL-0001986,ORD-001184,22/04/2026,CUS-B-00107,Corporate,France,Organic,Office,OFF-027,4,51.61,EUR,0,4.48,False,Paid
OL-0000295,ORD-000181,2026-05-15,CUS-B-00143,Corporate,France,Social,Office,OFF-036,2,20.77,EUR,0,5.2,False,Paid
OL-0001548,ORD-000922,2026-06-18,CUS-C-00250,Consumer,Germany,Paid Search,Electronics,ELE-005,1,529.71,EUR,10,12.48,False,Paid
OL-0002013,ORD-001198,2026-04-19,CUS-C-00108,Consumer,Spain,Social,Home,HOM-040,3,299.81,EUR,10,8.26,False,Paid
OL-0000589,ORD-000360,2026-04-09,CUS-B-00179,Corporate,Germany,Email,Office,OFF-034,1,71.2,EUR,0,5.95,False,Paid
OL-0003330,ORD-001979,2026-03-18,CUS-C-00057,Consumer,France,Organic,Office,OFF-017,5,9.49,EUR,0,4.22,False,Paid
OL-0002404,ORD-001430,2026-03-05,CUS-C-00972,Consumer,United Kingdom,Organic,Electronics,ELE-005,1,457.23,GBP,15,10.26,False,Paid
OL-0002130,ORD-001271,2026-06-29,CUS-B-00156,Corporate,Germany,Social,Electronics,ELE-007,1,488.12,EUR,10,15.52,False,Paid
OL-0003999,ORD-002394,12/04/2026,CUS-C-00608,Consumer,Germany,Marketplace,Office,OFF-019,6,15.3,EUR,0,3.94,False,Paid
OL-0005251,ORD-003140,2026-03-09,CUS-C-00269,Consumer,United Kingdom,Email,Office,OFF-020,2,41.28,GBP,0,5.06,False,Paid
OL-0003742,ORD-002234,2026-02-22,CUS-S-00240,Small Business,France,Social,Electronics,ELE-020,1,448.19,EUR,0,16.69,False,Paid
OL-0003509,ORD-002092,2026-06-03,CUS-S-00496,Small Business,Spain,Paid Search,Home,HOM-009,2,134.65,EUR,0,6.66,False,Paid
OL-0002720,ORD-001620,2026-06-09,CUS-C-01030,Consumer,Germany,Marketplace,Office,OFF-021,1,30.51,EUR,0,3.74,False,Paid
OL-0005462,ORD-003269,11/01/2026,,Consumer,Germany,Paid Search,Home,HOM-035,1,200.97,EUR,0,9.09,False,Paid
OL-0005468,ORD-003271,2026-02-18,CUS-C-00477,Consumer,United Kingdom,Organic,Office,OFF-027,1,46.09,GBP,0,4.66,False,Paid
OL-0000557,ORD-000342,2026-03-14,CUS-S-00520,Small Business,Germany,Email,Office,OFF-033,1,32.93,EUR,10,4.81,False,Paid
OL-0002470,ORD-001469,2026-06-27,CUS-S-00589,Small Business,France,Paid Search,HOME,HOM-018,2,46.81,EUR,10,6.81,False,Paid
OL-0003739,ORD-002232,2026-04-11,CUS-C-01191,Consumer,United States,Social,Electronics,ELE-011,2,1324.01,USD,20,18.34,False,Paid
OL-0004287,ORD-002565,2026-05-05,,Corporate,Germany,Social,Electronics,ELE-031,2,208.67,EUR,20,12.49,False,Paid
OL-0004933,ORD-002950,01/03/2026,CUS-C-01138,Consumer,Germany,Social,Home,HOM-021,1,131.33,EUR,0,8.81,False,Paid
OL-0001717,ORD-001023,2026-04-09,,Consumer,United Kingdom,Social,Office,OFF-002,5,9.33,GBP,10,4.62,False,Paid
OL-0002605,ORD-001557,2026-02-13,CUS-S-00175,Small Business,Germany,Paid Search,Electronics,ELE-015,2,179.56,EUR,15,13.91,False,Pending
OL-0004944,ORD-002956,06/02/2026,CUS-C-00304,Consumer,United Kingdom,Organic,Office,OFF-010,8,10.28,GBP,0,4.99,False,Paid
OL-0001705,ORD-001018,2026-01-15,CUS-B-00222,Corporate,Germany,Organic,Home,HOM-025,1,129.37,EUR,15,8.8,False,Paid
OL-0002140,ORD-001279,22/03/2026,,Consumer,Germany,Email,Office,OFF-040,4,53.45,EUR,0,5.71,False,Paid
OL-0003240,ORD-001930,18/03/2026,CUS-B-00014,Corporate,Germany,Social,Office,OFF-029,1,90.27,EUR,0,5.04,False,Paid
OL-0002384,ORD-001417,31/05/2026,CUS-C-01121,Consumer,France,Paid Search,Office,OFF-007,2,39.86,EUR,0,4.69,False,Paid
OL-0004312,ORD-002579,27/03/2026,,Corporate,Germany,Marketplace,Home,HOM-035,3,200.19,EUR,10,9.59,False,Paid
OL-0001286,ORD-000774,2026-02-12,CUS-S-00019,Small Business,France,Marketplace,Office,OFF-030,1,67.57,EUR,0,4.19,False,Paid
OL-0005106,ORD-003053,2026-04-26,CUS-C-00925,Consumer,Germany,Paid Search,Electronics,ELE-006,2,226.16,EUR,0,15.37,False,Pending
OL-0005358,ORD-003202,2026-05-26,CUS-C-01362,Consumer,United Kingdom,Organic,Office,OFF-015,7,56.85,GBP,0,4.36,False,Paid
OL-0003931,ORD-002351,2026-02-25,CUS-C-00365,Consumer,United Kingdom,Marketplace,Office,OFF-005,4,44.65,GBP,0,5.15,False,Paid
OL-0004538,ORD-002710,2026-01-15,CUS-C-00007,Consumer,Germany,Paid Search,Home,HOM-010,2,143.3,EUR,0,6.82,False,Paid
OL-0001592,ORD-000949,2026-04-28,CUS-S-00357,Small Business,Spain,Social,Office,OFF-007,2,39.85,EUR,0,5.96,False,Paid
OL-0005311,ORD-003173,31/01/2026,CUS-C-00608,Consumer,United Kingdom,Organic,Office,OFF-025,1,8.05,GBP,0,3.62,False,Paid
OL-0002163,ORD-001292,23/03/2026,CUS-B-00195,Corporate,France,Email,Office,OFF-040,1,54.61,EUR,0,5.98,False,Paid
OL-0002397,ORD-001424,2026-01-21,CUS-C-00483,Consumer,France,Email,Electronics,ELE-019,1,244.81,EUR,20,16.76,False,Paid
OL-0000318,ORD-000194,2026-04-10,CUS-C-00044,Consumer,France,Paid Search,Electronics,ELE-003,2,436.99,EUR,10,14.24,False,Paid
OL-0005384,ORD-003217,09/05/2026,CUS-C-00260,Consumer,United States,Social,Office,OFF-014,1,31.71,USD,0,4.02,False,Paid
OL-0003112,ORD-001854,10/04/2026,CUS-B-00089,Corporate,France,Paid Search,Office,OFF-032,1,54.49,EUR,0,5.23,False,Paid
OL-0004037,ORD-002414,2026-01-07,CUS-C-00689,Consumer,France,Organic,Office,OFF-002,5,11.31,EUR,0,3.71,False,Paid
OL-0000796,ORD-000478,2026-04-14,CUS-C-00188,Consumer,France,Organic,Office,OFF-007,1,39.28,EUR,0,4.47,False,Paid
OL-0003021,ORD-001795,2026-05-10,CUS-S-00468,Small Business,United States,Email,Home,HOM-003,1,168.29,USD,0,10.4,False,Paid
OL-0001712,ORD-001022,2026-05-16,CUS-B-00054,Corporate,France,Email,Office,OFF-037,-1,12.71,EUR,0,5.02,True,Refunded
OL-0003388,ORD-002012,19/03/2026,CUS-S-00181,Small Business,Germany,Organic,Home,HOM-004,1,58.17,EUR,10,8.91,False,Paid
OL-0000037,ORD-000021,31/05/2026,CUS-B-00096,Corporate,Germany,Organic,Office,OFF-010,5,12.17,EUR,0,5.49,False,Paid
OL-0000914,ORD-000550,14/05/2026,CUS-C-00381,Consumer,Germany,Social,Home,HOM-020,-1,55.74,EUR,10,7.38,True,Refunded
OL-0003973,ORD-002378,24/05/2026,CUS-C-00483,Consumer,Spain,Organic,Home,HOM-021,2,135.55,EUR,15,9.76,False,Paid
OL-0004134,ORD-002472,10/02/2026,CUS-C-01015,Consumer,France,Social,Home,HOM-025,1,124.94,EUR,0,7.1,False,Pending
OL-0000975,ORD-000589,2026-03-08,CUS-B-00125,Corporate,France,Marketplace,Electronics,ELE-036,1,1223.32,EUR,10,14.86,False,Paid
OL-0000984,ORD-000595,06/02/2026,CUS-C-00660,Consumer,Germany,Marketplace,Home,HOM-035,1,202.5,EUR,20,10.64,False,Paid
OL-0005210,ORD-003113,2026-06-08,CUS-S-00083,Small Business,France,Paid Search,Electronics,ELE-017,1,853.51,EUR,15,14.82,False,Paid
OL-0001419,ORD-000850,2026-06-18,CUS-S-00150,Small Business,France,Marketplace,Office,OFF-038,8,57.6,EUR,0,4.44,False,Paid
OL-0001561,ORD-000930,2026-03-10,CUS-S-00518,Small Business,United Kingdom,Social,Office,OFF-008,1,7.13,GBP,0,4.54,False,Paid
OL-0004136,ORD-002472,10/02/2026,CUS-C-01015,Consumer,France,Social,Office,OFF-039,1,19.56,EUR,0,4.41,False,Paid
OL-0004266,ORD-002553,2026-04-15,CUS-C-00391,Consumer,France,Paid Search,Home,HOM-016,3,279.59,EUR,0,10.5,False,Paid
OL-0001356,ORD-000814,02/01/2026,CUS-B-00073,Corporate,Spain,Paid Search,Office,OFF-011,3,18.64,EUR,0,4.53,False,Paid
OL-0005692,ORD-003410,2026-04-20,CUS-S-00557,Small Business,France,Email,Home,HOM-008,2,72.16,EUR,0,10.28,False,Paid
OL-0000988,ORD-000598,29/05/2026,CUS-B-00195,Corporate,Germany,Email,Office,OFF-032,1,54.59,EUR,0,5.62,False,Paid
OL-0002683,ORD-001599,2026-04-28,CUS-S-00265,Small Business,United States,Paid Search,Home,HOM-007,-2,144.41,USD,0,10.35,True,Refunded
OL-0001641,ORD-000981,2026-03-15,CUS-B-00225,Corporate,France,Email,Office,OFF-029,4,88.1,EUR,0,4.64,False,Paid
OL-0001291,ORD-000776,2026-04-22,CUS-S-00035,Small Business,United Kingdom,Email,Home,HOM-014,2,162.2,GBP,10,8.44,False,Paid
OL-0003682,ORD-002198,2026-01-19,CUS-C-01067,Consumer,Spain,Paid Search,Home,HOM-027,-2,111.23,EUR,0,10.28,True,Refunded
OL-0001381,ORD-000829,2026-01-22,CUS-C-00236,Consumer,France,Marketplace,Electronics,ELE-006,1,219.18,EUR,5,13.6,False,Pending
OL-0001934,ORD-001148,08/01/2026,CUS-S-00385,Small Business,France,Organic,Home,HOM-024,2,81.55,EUR,20,7.3,False,Paid
OL-0005046,ORD-003018,2026-06-10,CUS-C-01125,Consumer,United Kingdom,Social,Office,OFF-029,1,78.93,GBP,0,4.37,False,Paid
OL-0003161,ORD-001876,19/05/2026,CUS-S-00545,Small Business,France,Paid Search,Office,OFF-011,3,17.47,EUR,0,4.78,False,Paid
OL-0002031,ORD-001210,16/01/2026,,Small Business,Spain,Marketplace,Home,HOM-022,2,66.77,EUR,10,9.62,False,Paid
OL-0000893,ORD-000540,25/04/2026,CUS-C-00505,Consumer,United States,Email,Office,OFF-024,5,19.44,USD,0,4.48,False,Paid
OL-0004070,ORD-002435,2026-06-11,CUS-C-00865,Consumer,Germany,Organic,Home,HOM-015,3,135.07,EUR,25,10.53,False,Paid
OL-0004256,ORD-002546,20/03/2026,CUS-C-00619,Consumer,Germany,Paid Search,Home,HOM-032,2,238.49,EUR,0,10.47,False,Paid
OL-0000003,ORD-000002,2026-01-11,,Corporate,Spain,Social,Electronics,ELE-012,1,523.73,EUR,10,16.62,False,Paid
OL-0002110,ORD-001260,11/02/2026,CUS-C-00928,Consumer,France,Email,Home,HOM-004,1,57.01,EUR,0,9.34,False,Paid
OL-0000850,ORD-000513,2026-04-14,CUS-C-01026,Consumer,Germany,Social,Office,OFF-037,4,13.34,EUR,0,4.37,False,Paid
OL-0002738,ORD-001633,12/06/2026,CUS-S-00343,Small Business,France,Paid Search,Home,HOM-001,2,284.85,EUR,0,9.46,False,Paid
OL-0002467,ORD-001467,2026-03-27,CUS-B-00124,Corporate,France,Organic,Home,HOM-034,3,327.71,EUR,15,7.65,False,Paid
OL-0001915,ORD-001135,02/01/2026,CUS-C-01156,Consumer,France,Marketplace,Office,OFF-007,4,39.88,EUR,0,5.49,False,Paid
OL-0001597,ORD-000953,2026-02-03,CUS-S-00577,Small Business,Germany,Organic,Home,HOM-005,1,265.63,EUR,0,6.69,False,Paid
OL-0001914,ORD-001135,02/01/2026,CUS-C-01156,Consumer,France,Marketplace,Office,OFF-014,2,29.0,EUR,0,5.15,False,Paid
OL-0005653,ORD-003388,2026-02-14,CUS-S-00122,Small Business,Germany,Organic,Office,OFF-031,1,54.08,EUR,0,5.81,False,Paid
OL-0002737,ORD-001633,12/06/2026,CUS-S-00343,Small Business,France,Paid Search,Electronics,ELE-002,2,370.98,EUR,15,10.42,False,Paid
OL-0000727,ORD-000437,2026-04-28,CUS-S-00283,Small Business,Germany,Social,Home,HOM-011,2,93.36,EUR,10,8.9,False,Paid
OL-0000054,ORD-000030,2026-05-17,CUS-B-00197,Corporate,United Kingdom,Organic,Office,OFF-036,2,16.88,GBP,0,3.2,False,Paid
OL-0001797,ORD-001072,2026-03-27,,Consumer,Spain,Social,Office,OFF-029,1,91.44,EUR,0,5.28,False,Paid
OL-0003846,ORD-002296,28/05/2026,CUS-B-00068,Corporate,United States,Organic,Electronics,ELE-002,1,415.41,USD,15,16.84,False,Paid
OL-0002554,ORD-001519,17/01/2026,CUS-C-00112,Consumer,France,Organic,Home,HOM-018,1,48.89,EUR,0,8.06,False,Paid
OL-0002801,ORD-001670,2026-06-16,CUS-B-00147,Corporate,France,Social,Electronics,ELE-003,1,432.41,EUR,20,15.81,False,Paid
OL-0000937,ORD-000566,2026-01-03,CUS-S-00537,Small Business,Spain,Email,Office,OFF-036,4,21.17,EUR,0,3.7,False,Paid
OL-0004942,ORD-002954,2026-04-30,CUS-B-00006,Corporate,Spain,Organic,Electronics,ELE-004,2,1057.03,EUR,10,13.87,False,Pending
OL-0000825,ORD-000498,2026-05-11,CUS-S-00488,Small Business,France,Marketplace,Home,HOM-026,3,194.29,EUR,0,7.92,False,Pending
OL-0004322,ORD-002585,22/04/2026,CUS-C-01087,Consumer,United Kingdom,Organic,Office,OFF-026,8,18.99,GBP,0,5.17,False,Paid
OL-0003402,ORD-002024,08/03/2026,,Corporate,Spain,Social,Home,HOM-003,1,159.42,EUR,15,10.01,False,Paid
OL-0001390,ORD-000834,29/01/2026,CUS-S-00270,Small Business,Germany,Paid Search,Office,OFF-032,3,54.85,EUR,0,3.89,False,Paid
OL-0003565,ORD-002130,2026-03-20,CUS-C-01493,Consumer,France,Paid Search,Electronics,ELE-031,1,210.03,EUR,15,13.44,False,Paid
OL-0000885,ORD-000534,2026-05-24,CUS-S-00129,Small Business,Spain,Email,Office,OFF-022,5,23.43,EUR,0,5.02,False,Paid
OL-0001869,ORD-001113,2026-02-13,CUS-C-00443,Consumer,Germany,Email,Home,HOM-005,1,256.89,EUR,0,8.08,False,Paid
OL-0000011,ORD-000006,2026-05-27,,Consumer,France,Social,Office,OFF-031,4,56.85,EUR,0,3.94,False,Paid
OL-0003416,ORD-002036,25/01/2026,CUS-C-00510,Consumer,France,Email,Electronics,ELE-001,1,561.88,EUR,10,15.97,False,Paid
OL-0001464,ORD-000874,11/04/2026,CUS-C-00286,Consumer,Spain,Marketplace,Office,OFF-028,2,26.06,EUR,15,3.73,False,Paid
OL-0000807,ORD-000487,2026-02-06,CUS-C-00060,Consumer,Germany,Marketplace,Office,OFF-019,5,15.28,EUR,0,5.31,False,Paid
OL-0004716,ORD-002816,15/04/2026,CUS-C-00200,Consumer,Germany,Organic,Electronics,ELE-023,1,508.08,EUR,15,14.05,False,Paid
OL-0004069,ORD-002434,22/01/2026,CUS-S-00316,Small Business,Germany,Email,Electronics,ELE-027,1,645.47,EUR,15,15.89,False,Paid
OL-0002109,ORD-001260,11/02/2026,CUS-C-00928,Consumer,France,Email,Office,OFF-031,6,55.9,EUR,0,5.96,False,Paid
OL-0005063,ORD-003030,2026-03-06,CUS-S-00195,Small Business,Germany,Organic,Home,HOM-029,1,69.37,EUR,15,7.55,False,Paid
OL-0003069,ORD-001827,2026-01-23,CUS-C-01186,Consumer,Germany,Social,Electronics,ELE-038,2,486.58,EUR,20,14.76,False,Paid
OL-0002235,ORD-001335,2026-03-03,CUS-S-00140,Small Business,Spain,Social,Office,OFF-025,2,10.22,EUR,0,5.65,False,Paid
OL-0000964,ORD-000581,2026-02-21,CUS-C-00419,Consumer,Germany,Social,Home,HOM-001,2,268.01,EUR,0,10.72,False,Paid
OL-0004495,ORD-002686,19/06/2026,CUS-C-00426,Consumer,Germany,Email,Home,HOM-031,4,75.17,EUR,15,8.48,False,Paid
OL-0002633,ORD-001572,2026-03-31,CUS-B-00008,Corporate,Spain,Paid Search,Home,HOM-004,3,57.05,EUR,15,7.46,False,Paid
OL-0000705,ORD-000425,2026-04-19,CUS-C-01477,Consumer,Germany,Email,Office,OFF-031,3,55.74,EUR,0,4.3,False,Paid
OL-0000432,ORD-000263,18/01/2026,,Small Business,Germany,Organic,Electronics,ELE-026,1,225.18,EUR,15,10.01,False,Paid
OL-0004389,ORD-002623,2026-02-05,CUS-C-00758,Consumer,Germany,Paid Search,Office,OFF-007,3,39.88,EUR,0,3.92,False,Paid
OL-0000146,ORD-000091,27/04/2026,CUS-C-01055,Consumer,United Kingdom,Social,Electronics,ELE-010,1,1022.13,GBP,20,12.75,False,Paid
OL-0002034,ORD-001212,04/01/2026,CUS-C-00146,Consumer,Germany,Social,Home,HOM-028,2,337.19,EUR,0,10.63,False,Paid
OL-0005031,ORD-003010,2026-06-17,CUS-C-00967,Consumer,France,Email,Office,OFF-006,1,27.41,EUR,10,5.57,False,Paid
OL-0001166,ORD-000695,2026-03-30,CUS-S-00494,Small Business,Spain,Organic,Home,HOM-030,1,129.61,EUR,5,7.28,False,Paid
OL-0003501,ORD-002085,2026-05-10,CUS-S-00037,Small Business,France,Organic,Home,HOM-037,1,140.05,EUR,10,10.42,False,Paid
OL-0002051,ORD-001223,05/05/2026,CUS-B-00104,Corporate,France,Paid Search,Electronics,ELE-022,1,371.08,EUR,5,14.91,False,Paid
OL-0003761,ORD-002248,2026-05-28,CUS-C-00450,Consumer,United Kingdom,Email,Office,OFF-004,4,14.9,GBP,0,4.13,False,Paid
OL-0002625,ORD-001565,12/06/2026,CUS-C-00157,Consumer,France,Paid Search,Office,OFF-036,1,20.07,EUR,0,6.07,False,Paid
OL-0004485,ORD-002681,2026-03-05,CUS-C-01332,Consumer,Spain,Paid Search,Home,HOM-038,1,93.22,EUR,20,8.66,False,Paid
OL-0004436,ORD-002650,2026-01-05,,Small Business,France,Paid Search,Electronics,ELE-038,2,490.56,EUR,0,11.46,False,Paid
OL-0004779,ORD-002856,10/01/2026,CUS-C-00956,Consumer,United Kingdom,Email,Electronics,ELE-014,1,155.22,GBP,15,12.27,False,Paid
OL-0004649,ORD-002775,2026-03-27,CUS-S-00010,Small Business,United Kingdom,Social,Electronics,ELE-014,1,157.63,GBP,10,12.35,False,Paid
OL-0004362,ORD-002610,2026-04-16,CUS-C-00982,Consumer,Germany,Email,Office,OFF-010,2,11.79,EUR,0,4.54,False,Paid
OL-0002425,ORD-001440,2026-04-03,CUS-C-01246,Consumer,Germany,Organic,Office,OFF-006,5,29.23,EUR,0,4.4,False,Paid
OL-0001263,ORD-000758,2026-06-06,CUS-C-00092,Consumer,Germany,Organic,Office,OFF-016,3,9.18,EUR,0,5.43,False,Paid
OL-0001772,ORD-001059,2026-03-20,CUS-S-00400,Small Business,Germany,Marketplace,Office,OFF-023,5,55.36,EUR,0,5.94,False,Paid
OL-0003512,ORD-002093,2026-04-29,CUS-C-00989,Consumer,United Kingdom,Social,Office,OFF-022,8,19.64,GBP,0,5.0,False,Paid
OL-0000272,ORD-000169,04/04/2026,CUS-C-00677,Consumer,Germany,Organic,Office,OFF-011,2,17.27,EUR,0,4.11,False,Paid
OL-0000245,ORD-000152,29/05/2026,CUS-B-00179,Corporate,France,Email,Electronics,ELE-024,1,1068.35,EUR,0,14.22,False,Paid
OL-0005821,ORD-003484,20/02/2026,CUS-S-00236,Small Business,Spain,Paid Search,Office,OFF-004,1,17.07,EUR,0,5.94,False,Paid
OL-0004573,ORD-002731,2026-01-19,CUS-B-00227,Corporate,Spain,Organic,Electronics,ELE-008,1,1116.64,EUR,15,15.12,False,Paid
OL-0002033,ORD-001211,20/03/2026,,Consumer,Germany,Paid Search,Office,OFF-011,3,17.91,EUR,0,4.89,False,Paid
OL-0004741,ORD-002829,28/06/2026,CUS-C-01320,Consumer,Spain,Marketplace,Office,OFF-021,1,30.36,EUR,0,4.33,False,Paid
OL-0000814,ORD-000491,2026-06-15,CUS-C-01172,Consumer,France,Paid Search,Electronics,ELE-019,1,240.45,EUR,15,15.37,False,Paid
OL-0003811,ORD-002275,10/04/2026,CUS-C-01290,Consumer,France,Organic,Home,HOM-007,4,145.85,EUR,0,10.78,False,Paid
OL-0004869,ORD-002911,2026-06-29,CUS-S-00431,Small Business,United Kingdom,Social,Office,OFF-001,6,47.87,GBP,0,3.32,False,Paid
OL-0001805,ORD-001075,04/06/2026,CUS-S-00095,Small Business,United States,Organic,Home,HOM-001,1,273.79,USD,0,7.85,False,Paid
OL-0004347,ORD-002600,2026-06-23,,Small Business,United Kingdom,Social,Office,OFF-038,2,48.88,GBP,0,4.63,False,Paid
OL-0002462,ORD-001464,16/01/2026,CUS-S-00325,Small Business,Spain,Social,Home,HOM-001,3,264.37,EUR,0,10.36,False,Paid
OL-0000546,ORD-000336,21/03/2026,CUS-S-00391,Small Business,Spain,Marketplace,Home,HOM-008,2,74.57,EUR,0,10.34,False,Paid
OL-0003242,ORD-001931,2026-06-11,CUS-S-00505,Small Business,France,Email,Office,OFF-025,3,9.77,EUR,0,4.23,False,Paid
OL-0000739,ORD-000444,2026-03-08,CUS-S-00248,Small Business,United Kingdom,Paid Search,Home,HOM-028,2,280.68,GBP,15,7.44,False,Paid
OL-0000311,ORD-000190,02/06/2026,,Consumer,United Kingdom,Email,Home,HOM-021,2,119.74,GBP,0,7.34,False,Paid
OL-0003522,ORD-002100,2026-05-02,CUS-C-00580,Consumer,United States,Paid Search,Office,OFF-023,1,59.81,USD,0,5.01,False,Paid
OL-0001132,ORD-000673,22/06/2026,CUS-S-00563,Small Business,Germany,Organic,Office,OFF-030,3,66.89,EUR,0,4.24,False,Paid
OL-0002984,ORD-001773,2026-06-12,CUS-C-00975,Consumer,Germany,Paid Search,Electronics,ELE-018,1,1076.82,EUR,10,16.51,False,Paid
OL-0004112,ORD-002458,11/03/2026,CUS-S-00364,Small Business,United Kingdom,Marketplace,Home,HOM-039,3,40.23,GBP,5,5.58,False,Paid
OL-0002770,ORD-001653,2026-05-08,CUS-C-00060,Consumer,France,Paid Search,Electronics,ELE-037,1,279.78,EUR,0,14.87,False,Paid
OL-0000921,ORD-000555,07/04/2026,CUS-S-00068,Small Business,Germany,Social,Office,OFF-037,1,12.79,EUR,0,5.18,False,Paid
OL-0003588,ORD-002141,2026-06-14,CUS-C-01203,Consumer,Spain,Social,Office,OFF-018,3,11.46,EUR,0,5.1,False,Paid
OL-0003960,ORD-002368,2026-02-03,CUS-C-00276,Consumer,France,Email,Home,HOM-002,1,199.26,EUR,25,7.98,False,Paid
OL-0000039,ORD-000022,2026-06-26,CUS-C-00738,Consumer,United Kingdom,Marketplace,Home,HOM-016,3,244.09,GBP,0,5.77,False,Paid
OL-0004460,ORD-002664,2026-06-09,CUS-C-01166,Consumer,Spain,Social,Home,HOM-007,1,141.38,EUR,0,7.14,False,Paid
OL-0004279,ORD-002561,2026-03-19,CUS-B-00170,Corporate,Germany,Paid Search,Office,OFF-027,7,55.08,EUR,0,5.05,False,Paid
OL-0002984,ORD-001773,2026-06-12,CUS-C-00975,Consumer,Germany,Paid Search,Electronics,ELE-018,1,1076.82,EUR,10,16.51,False,Paid
OL-0004419,ORD-002643,2026-03-29,CUS-C-01256,Consumer,Spain,Organic,Home,HOM-002,1,201.51,EUR,5,9.23,False,Paid
OL-0002668,ORD-001589,2026-06-10,CUS-C-00680,Consumer,United States,Social,Electronics,ELE-040,1,356.3,USD,15,14.98,False,Paid
OL-0003224,ORD-001919,2026-06-11,CUS-S-00375,Small Business,Spain,Organic,Office,OFF-012,5,83.53,EUR,0,3.6,False,Paid
OL-0001183,ORD-000706,2026-01-25,,Corporate,Spain,Marketplace,Home,HOM-038,1,96.9,EUR,10,10.01,False,Pending
OL-0000615,ORD-000377,2026-02-12,,Consumer,Spain,Paid Search,Office,OFF-033,5,34.01,EUR,0,5.14,False,Paid
OL-0004507,ORD-002693,24/06/2026,CUS-C-01134,Consumer,Germany,Email,Electronics,ELE-010,1,1193.6,EUR,15,14.41,False,Paid
OL-0001467,ORD-000876,2026-03-18,CUS-C-00229,Consumer,Spain,Paid Search,Home,HOM-033,1,68.23,EUR,0,7.74,False,Paid
OL-0004498,ORD-002688,2026-01-29,CUS-C-00228,Consumer,Germany,Organic,Home,HOM-034,1,322.65,EUR,0,10.68,False,Paid
OL-0003043,ORD-001809,2026-06-18,CUS-S-00324,Small Business,United Kingdom,Paid Search,Electronics,ELE-025,1,351.45,GBP,10,9.21,False,Paid
OL-0000935,ORD-000565,09/06/2026,CUS-C-00664,Consumer,United States,Marketplace,Electronics,ELE-032,1,561.35,USD,20,13.49,False,Paid
OL-0002420,ORD-001439,04/02/2026,CUS-S-00579,Small Business,Germany,Paid Search,Office,OFF-029,1,88.62,EUR,0,5.89,False,Paid
OL-0005412,ORD-003237,2026-01-10,CUS-C-00163,Consumer,Germany,Organic,Home,HOM-012,1,127.33,EUR,15,7.21,False,Paid
OL-0004857,ORD-002906,2026-05-29,CUS-B-00007,Corporate,Spain,Marketplace,Office,OFF-012,5,83.41,EUR,0,4.76,False,Paid
OL-0000827,ORD-000500,2026-06-11,CUS-S-00549,Small Business,France,Social,Office,OFF-006,2,26.73,EUR,0,4.03,False,Paid
OL-0001522,ORD-000912,10/05/2026,,Small Business,United Kingdom,Email,Office,OFF-002,3,9.6,GBP,0,4.48,False,Paid
OL-0002931,ORD-001744,2026-03-23,CUS-C-00544,Consumer,France,Email,Home,HOM-024,2,82.15,EUR,0,7.01,False,Paid
OL-0004233,ORD-002531,2026-05-05,CUS-S-00050,Small Business,France,Social,Office,OFF-006,3,27.63,EUR,0,4.47,False,Paid
OL-0000629,ORD-000384,2026-03-29,CUS-C-00139,Consumer,Germany,Social,Office,OFF-003,6,10.91,EUR,0,3.75,False,Pending
OL-0004431,ORD-002648,2026-01-20,CUS-S-00539,Small Business,France,Email,Electronics,ELE-017,1,823.46,EUR,15,15.04,False,Paid
OL-0003854,ORD-002301,2026-04-11,CUS-B-00194,Corporate,United Kingdom,Paid Search,Office,OFF-039,1,17.7,GBP,0,3.37,False,Paid
OL-0000391,ORD-000236,2026-02-07,CUS-C-00057,Consumer,Germany,Organic,Office,OFF-038,-6,60.43,EUR,0,4.31,True,Refunded
OL-0004346,ORD-002600,2026-06-23,,Small Business,United Kingdom,Social,Home,HOM-039,3,39.96,GBP,10,8.74,False,Paid
OL-0003881,ORD-002319,04/04/2026,CUS-C-00985,Consumer,Germany,Paid Search,Electronics,ELE-010,1,1208.52,EUR,0,12.02,False,Paid
OL-0003991,ORD-002389,02/01/2026,CUS-C-00097,Consumer,France,Paid Search,Office,OFF-002,6,11.59,EUR,0,4.75,False,Paid
OL-0000401,ORD-000243,2026-02-22,CUS-S-00310,Small Business,Spain,Email,Office,OFF-006,1,26.73,EUR,0,4.21,False,Paid
OL-0003360,ORD-001996,2026-06-15,CUS-C-01021,Consumer,France,Social,Home,HOM-009,3,133.21,EUR,0,8.49,False,Paid
OL-0000047,ORD-000025,2026-06-14,CUS-S-00169,Small Business,United States,Email,Office,OFF-032,1,56.11,USD,0,5.72,False,Paid
OL-0005754,ORD-003448,2026-06-27,,Small Business,Spain,Marketplace,Home,HOM-033,1,65.69,EUR,0,10.15,False,Paid
OL-0001967,ORD-001169,2026-02-21,CUS-C-00389,Consumer,Germany,Organic,Electronics,ELE-030,1,1131.2,EUR,15,11.99,False,Paid
OL-0003643,ORD-002177,2026-05-09,CUS-C-00248,Consumer,Germany,Organic,Electronics,ELE-016,1,383.69,EUR,15,11.86,False,Paid
OL-0003727,ORD-002225,21/01/2026,CUS-C-01024,Consumer,United Kingdom,Organic,Electronics,ELE-015,1,166.23,GBP,5,10.35,False,Paid
OL-0005825,ORD-003486,2026-06-21,,Consumer,Germany,Organic,Home,HOM-037,1,142.5,EUR,5,9.94,False,Paid
OL-0002422,ORD-001440,2026-04-03,CUS-C-01246,Consumer,Germany,Organic,Office,OFF-015,1,69.07,EUR,10,5.42,False,Paid
OL-0001751,ORD-001045,2026-03-30,CUS-S-00240,Small Business,United Kingdom,Paid Search,Home,HOM-012,1,116.74,GBP,0,5.63,False,Paid
OL-0005799,ORD-003473,2026-03-08,,Consumer,Germany,Email,Office,OFF-030,6,64.57,EUR,0,4.5,False,Paid
OL-0004908,ORD-002934,2026-06-21,CUS-S-00318,Small Business,Spain,Email,Electronics,ELE-032,1,510.27,EUR,5,15.15,False,Paid
OL-0004063,ORD-002431,2026-02-05,,Consumer,United Kingdom,Marketplace,Home,HOM-007,1,117.59,GBP,15,5.82,False,Paid
OL-0000339,ORD-000207,2026-05-13,CUS-B-00204,Corporate,France,Organic,Home,HOM-033,2,64.35,EUR,0,7.76,False,Paid
OL-0000216,ORD-000134,21/06/2026,CUS-C-00935,Consumer,United States,Email,Home,HOM-039,1,49.92,USD,10,8.43,False,Paid
OL-0003664,ORD-002187,2026-05-10,CUS-C-01272,Consumer,Germany,Paid Search,Office,OFF-008,2,8.24,EUR,0,4.41,False,Paid
OL-0001342,ORD-000807,2026-02-26,CUS-C-00301,Consumer,France,Organic,Home,HOM-015,1,135.57,EUR,0,10.55,False,Paid
OL-0005485,ORD-003281,2026-01-16,CUS-B-00203,Corporate,United Kingdom,Marketplace,Electronics,ELE-020,1,398.2,GBP,10,13.35,False,Paid
OL-0003895,ORD-002328,2026-02-13,CUS-C-00762,Consumer,Spain,Paid Search,Electronics,ELE-036,1,1233.85,EUR,15,14.21,False,Paid
OL-0003641,ORD-002176,2026-03-27,CUS-C-01182,Consumer,France,Paid Search,Home,HOM-040,-2,318.3,EUR,10,9.83,True,Refunded
OL-0000330,ORD-000201,2026-06-27,CUS-S-00452,Small Business,Germany,Paid Search,Office,OFF-016,2,9.56,EUR,0,5.61,False,Paid
OL-0003005,ORD-001786,2026-04-18,CUS-C-00936,Consumer,United Kingdom,Email,Home,HOM-006,3,72.21,GBP,20,7.47,False,Paid
OL-0005732,ORD-003433,2026-02-13,,Consumer,Germany,Marketplace,Office,OFF-032,2,52.54,EUR,0,5.34,False,Paid
OL-0003116,ORD-001856,2026-06-19,CUS-B-00020,Corporate,France,Paid Search,Home,HOM-023,1,46.1,EUR,5,10.16,False,Paid
OL-0005802,ORD-003475,13/01/2026,CUS-S-00115,Small Business,Germany,Social,Electronics,ELE-038,1,493.43,EUR,0,15.9,False,Paid
OL-0002323,ORD-001387,2026-04-18,CUS-B-00219,Corporate,Spain,Paid Search,Home,HOM-001,1,264.86,EUR,10,7.84,False,Paid
OL-0004198,ORD-002509,2026-03-23,CUS-B-00050,Corporate,Spain,Social,Home,HOM-006,2,87.49,EUR,0,9.84,False,Paid
OL-0003550,ORD-002116,2026-01-19,CUS-S-00070,Small Business,France,Organic,Home,HOM-014,3,191.04,EUR,0,7.18,False,Paid
OL-0001459,ORD-000872,2026-03-30,CUS-S-00130,Small Business,Germany,Marketplace,Electronics,ELE-009,1,215.31,EUR,10,15.71,False,Paid
OL-0000172,ORD-000105,20/04/2026,CUS-C-00723,Consumer,United Kingdom,Email,Home,HOM-026,1,162.38,GBP,0,8.17,False,Paid
OL-0004204,ORD-002514,18/01/2026,CUS-C-00056,Consumer,United Kingdom,Paid Search,Home,HOM-023,1,38.53,GBP,10,7.72,False,Paid
OL-0005021,ORD-003004,2026-05-02,CUS-C-00798,Consumer,United States,Paid Search,Home,HOM-039,-2,48.19,USD,20,10.98,True,Refunded
OL-0003570,ORD-002133,2026-05-24,CUS-S-00027,Small Business,Spain,Social,Office,OFF-013,5,49.74,EUR,0,4.31,False,Paid
OL-0004227,ORD-002528,05/06/2026,CUS-C-01294,Consumer,Spain,Social,Electronics,ELE-017,1,848.65,EUR,15,16.11,False,Paid
OL-0004889,ORD-002924,2026-06-11,,Small Business,France,Paid Search,Home,HOM-021,2,134.94,EUR,10,6.43,False,Paid
OL-0004937,ORD-002952,2026-01-02,CUS-C-00795,Consumer,Germany,Organic,Electronics,ELE-008,1,1156.12,EUR,25,14.19,False,Paid
OL-0000939,ORD-000567,2026-05-16,CUS-C-00635,Consumer,Spain,Organic,Office,OFF-013,3,49.6,EUR,0,4.06,False,Paid
OL-0000061,ORD-000033,2026-02-28,CUS-B-00147,Corporate,Spain,Organic,Home,HOM-036,1,135.27,EUR,15,7.73,False,Paid
OL-0001241,ORD-000743,2026-03-22,CUS-C-00188,Consumer,Spain,Email,Electronics,ELE-029,1,1114.34,EUR,10,16.3,False,Paid
OL-0005010,ORD-002998,07/05/2026,CUS-C-00024,Consumer,Spain,Social,office,OFF-027,1,54.5,EUR,0,6.02,False,Paid
OL-0002121,ORD-001267,05/06/2026,CUS-S-00377,Small Business,Germany,Organic,Office,OFF-012,2,85.92,EUR,0,5.23,False,Paid
OL-0001525,ORD-000913,17/02/2026,CUS-C-00736,Consumer,France,Organic,Home,HOM-020,2,58.02,EUR,20,10.05,False,Paid
OL-0000154,ORD-000097,2026-01-05,CUS-C-01206,Consumer,Germany,Email,Office,OFF-007,2,40.64,EUR,20,5.81,False,Paid
OL-0000482,ORD-000296,14/04/2026,CUS-S-00149,Small Business,United Kingdom,Organic,Office,OFF-016,2,8.47,GBP,0,3.47,False,Paid
OL-0004461,ORD-002665,20/02/2026,,Small Business,United Kingdom,Paid Search,Home,HOM-040,1,250.31,GBP,0,9.12,False,Paid
OL-0003921,ORD-002345,08/01/2026,CUS-B-00151,Corporate,Spain,Organic,Electronics,ELE-010,2,1192.91,EUR,20,13.0,False,Paid
OL-0001763,ORD-001053,12/02/2026,CUS-C-00930,Consumer,France,Organic,Office,OFF-021,-5,27.88,EUR,0,5.72,True,Refunded
OL-0000751,ORD-000450,09/04/2026,CUS-C-00134,Consumer,France,Organic,Home,HOM-018,1,46.72,EUR,0,8.18,False,Paid
OL-0001786,ORD-001066,2026-03-23,CUS-C-00920,Consumer,Spain,Organic,Electronics,ELE-018,2,1114.1,EUR,10,14.51,False,Paid
OL-0004502,ORD-002691,2026-03-25,CUS-C-00849,Consumer,Spain,Paid Search,Home,HOM-022,1,67.87,EUR,15,7.09,False,Paid
OL-0002712,ORD-001616,2026-02-19,CUS-C-00267,Consumer,Germany,Organic,Office,OFF-012,4,87.64,EUR,0,6.01,False,Paid
OL-0004846,ORD-002901,2026-03-05,CUS-S-00271,Small Business,France,Paid Search,Home,HOM-009,1,129.42,EUR,0,9.52,False,Paid
OL-0004194,ORD-002507,2026-04-11,CUS-C-01382,Consumer,United States,Paid Search,Home,HOM-009,2,148.34,USD,15,7.2,False,Paid
OL-0001334,ORD-000803,2026-06-23,CUS-S-00592,Small Business,United States,Social,Office,OFF-008,4,8.84,USD,0,5.76,False,Paid
OL-0005336,ORD-003188,2026-01-07,CUS-S-00501,Small Business,Germany,Email,Electronics,ELE-004,1,1048.93,EUR,15,11.28,False,Paid
OL-0002855,ORD-001701,2026-03-23,CUS-B-00086,Corporate,France,Organic,Home,HOM-012,-1,127.75,EUR,0,7.03,True,Refunded
OL-0000187,ORD-000116,2026-05-09,CUS-C-01073,Consumer,France,Paid Search,Electronics,ELE-009,2,219.8,EUR,20,13.82,False,Paid
OL-0001137,ORD-000676,02/02/2026,CUS-C-00500,Consumer,Germany,Marketplace,Home,HOM-011,1,91.11,EUR,0,10.75,False,Paid
OL-0002059,ORD-001228,01/06/2026,CUS-C-00598,Consumer,United Kingdom,Email,Home,HOM-027,2,94.9,GBP,20,6.49,False,Paid
OL-0005023,ORD-003005,2026-03-25,,Small Business,France,Social,Office,OFF-007,2,39.56,EUR,10,5.81,False,Paid
OL-0000149,ORD-000093,2026-01-20,CUS-C-00456,Consumer,Spain,Marketplace,Electronics,ELE-018,1,1099.07,EUR,10,15.02,False,Paid
OL-0004125,ORD-002466,2026-02-18,CUS-S-00550,Small Business,Germany,Organic,Electronics,ELE-009,1,220.83,EUR,20,13.89,False,Paid
OL-0003364,ORD-001999,2026-05-23,CUS-B-00021,Corporate,United Kingdom,Organic,Home,HOM-011,1,79.4,GBP,10,5.8,False,Paid
OL-0002867,ORD-001706,2026-03-29,,Small Business,Spain,Email,Office,OFF-002,3,11.3,EUR,0,3.93,False,Paid
OL-0003777,ORD-002257,2026-06-18,CUS-S-00303,Small Business,United Kingdom,Organic,Electronics,ELE-014,1,156.66,GBP,10,13.15,False,Paid
OL-0001387,ORD-000832,2026-03-24,CUS-C-00476,Consumer,United Kingdom,Organic,Office,OFF-027,1,45.23,GBP,0,5.05,False,Paid
OL-0005672,ORD-003399,2026-05-08,CUS-C-00511,Consumer,United States,Marketplace,Electronics,ELE-006,1,230.77,USD,10,13.19,False,Paid
OL-0004960,ORD-002965,18/01/2026,CUS-C-00218,Consumer,Germany,Marketplace,Office,OFF-027,2,53.68,EUR,0,5.23,False,Paid
OL-0003630,ORD-002167,2026-05-02,,Consumer,Spain,Marketplace,Electronics,ELE-012,1,527.45,EUR,0,11.65,False,Paid
OL-0005397,ORD-003226,06/06/2026,CUS-S-00306,Small Business,United Kingdom,Email,Home,HOM-016,3,242.95,GBP,0,5.66,False,Paid
OL-0003029,ORD-001800,2026-04-22,CUS-B-00087,Corporate,France,Organic,Home,HOM-001,1,263.35,EUR,15,6.99,False,Paid
OL-0002970,ORD-001765,2026-05-26,CUS-C-00527,Consumer,Germany,Social,Electronics,ELE-037,1,276.34,EUR,20,12.01,False,Paid
OL-0005208,ORD-003111,2026-05-07,CUS-C-00845,Consumer,France,Paid Search,Electronics,ELE-008,1,1157.23,EUR,0,14.94,False,Pending
OL-0001709,ORD-001021,2026-03-14,,Consumer,Germany,Email,Electronics,ELE-034,1,449.35,EUR,15,15.86,False,Paid
OL-0002954,ORD-001756,2026-04-16,CUS-C-00440,Consumer,Germany,Email,Home,HOM-017,1,50.94,EUR,0,10.11,False,Paid
OL-0000455,ORD-000280,2026-03-10,CUS-C-01175,Consumer,United Kingdom,Paid Search,Office,OFF-021,3,25.56,GBP,0,4.02,False,Paid
OL-0000610,ORD-000372,22/02/2026,CUS-C-01174,Consumer,Germany,Paid Search,Electronics,ELE-030,2,1098.95,EUR,15,15.36,False,Paid
OL-0004264,ORD-002551,2026-04-25,CUS-C-00235,Consumer,United Kingdom,Email,Home,HOM-005,2,225.47,GBP,0,6.66,False,Paid
OL-0005082,ORD-003042,2026-05-29,CUS-C-01294,Consumer,France,Social,Office,OFF-019,1,15.82,EUR,0,5.64,False,Paid
OL-0002075,ORD-001240,22/05/2026,CUS-B-00235,Corporate,Germany,Social,Office,OFF-036,1,20.41,EUR,0,5.25,False,Paid
OL-0004053,ORD-002425,06/04/2026,CUS-C-01114,Consumer,United States,Paid Search,Electronics,ELE-026,1,251.96,USD,10,15.25,False,Paid
OL-0004874,ORD-002915,2026-02-05,CUS-S-00318,Small Business,France,Organic,Home,HOM-036,-1,142.15,EUR,0,10.27,True,Refunded
OL-0001623,ORD-000968,2026-01-23,CUS-S-00424,Small Business,Spain,Social,Electronics,ELE-019,2,237.24,EUR,15,13.02,False,Paid
OL-0004684,ORD-002796,2026-06-27,CUS-S-00296,Small Business,France,Organic,Office,OFF-030,1,66.64,EUR,0,5.26,False,Paid
OL-0005253,ORD-003142,2026-01-30,,Corporate,Spain,Social,Office,OFF-010,3,12.29,EUR,0,5.34,False,Pending
OL-0000041,ORD-000023,2026-03-07,CUS-S-00210,Small Business,Spain,Marketplace,Electronics,ELE-009,1,227.26,EUR,15,14.37,False,Paid
OL-0002090,ORD-001250,18/02/2026,CUS-S-00111,Small Business,Spain,Organic,Home,HOM-029,1,65.35,EUR,0,7.11,False,Paid
OL-0003925,ORD-002347,11/05/2026,CUS-S-00478,Small Business,Germany,Social,Office,OFF-036,2,20.75,EUR,0,4.94,False,Paid
OL-0002176,ORD-001302,2026-01-25,CUS-S-00498,Small Business,Spain,Social,Office,OFF-018,1,11.83,EUR,0,4.76,False,Paid
OL-0000075,ORD-000043,13/04/2026,CUS-C-00765,Consumer,United Kingdom,Paid Search,Home,HOM-002,2,168.99,GBP,15,6.56,False,Paid
OL-0000860,ORD-000521,2026-02-03,CUS-S-00160,Small Business,Germany,Social,Electronics,ELE-008,1,1170.05,EUR,25,15.23,False,Paid
OL-0003985,ORD-002386,2026-01-11,CUS-S-00496,Small Business,Germany,Organic,Electronics,ELE-023,2,515.48,EUR,10,16.61,False,Paid
OL-0002658,ORD-001583,18/02/2026,CUS-S-00544,Small Business,France,Organic,Office,OFF-026,4,21.87,EUR,0,5.6,False,Paid
OL-0003181,ORD-001890,04/06/2026,CUS-C-00096,Consumer,Spain,Organic,Home,HOM-037,1,131.58,EUR,0,9.9,False,Paid
OL-0002077,ORD-001241,2026-03-17,,Small Business,United Kingdom,Email,Office,OFF-019,5,13.11,GBP,0,3.82,False,Paid
OL-0000442,ORD-000271,2026-03-11,CUS-S-00143,Small Business,France,Email,Home,HOM-038,2,95.24,EUR,0,7.24,False,Paid
OL-0002052,ORD-001224,2026-05-02,CUS-C-00121,Consumer,Germany,Paid Search,Electronics,ELE-026,2,238.82,EUR,0,10.39,False,Paid
OL-0002542,ORD-001513,04/05/2026,CUS-S-00573,Small Business,Germany,Email,Home,HOM-024,2,82.21,EUR,0,6.72,False,Paid
OL-0001302,ORD-000782,2026-01-12,CUS-S-00282,Small Business,United Kingdom,Organic,Electronics,ELE-019,1,214.27,GBP,15,11.02,False,Paid
OL-0003431,ORD-002044,2026-05-13,CUS-S-00318,Small Business,United Kingdom,Organic,Office,OFF-027,3,45.02,GBP,0,4.76,False,Paid
OL-0001305,ORD-000784,2026-01-23,CUS-B-00027,Corporate,United Kingdom,Organic,Electronics ,ELE-016,1,324.91,GBP,0,13.58,False,Paid
OL-0000237,ORD-000147,2026-04-23,CUS-C-00863,Consumer,Spain,Paid Search,Office,OFF-020,1,48.16,EUR,0,4.42,False,Paid
OL-0004996,ORD-002989,2026-04-01,CUS-C-01378,Consumer,France,Marketplace,Office,OFF-007,-4,40.32,EUR,0,3.65,True,Refunded
OL-0002600,ORD-001554,2026-06-08,CUS-S-00542,Small Business,United Kingdom,Organic,Home,HOM-020,1,50.74,GBP,15,6.83,False,Paid
OL-0004617,ORD-002759,2026-02-26,CUS-C-01242,Consumer,France,Marketplace,Electronics,ELE-015,1,190.87,EUR,25,15.56,False,Paid
OL-0002574,ORD-001534,02/02/2026,CUS-C-00578,Consumer,Germany,Organic,Office,OFF-020,1,47.42,EUR,0,3.76,False,Paid
OL-0003281,ORD-001954,27/03/2026,CUS-C-01386,Consumer,France,Email,Office,OFF-023,3,55.95,EUR,0,5.78,False,Pending
OL-0003187,ORD-001894,2026-06-30,CUS-C-00225,Consumer,United Kingdom,Paid Search,Home,HOM-020,3,48.51,GBP,0,6.12,False,Paid
OL-0003954,ORD-002364,13/04/2026,CUS-S-00039,Small Business,United Kingdom,Organic,Home,HOM-006,1,73.39,GBP,0,7.88,False,Paid
OL-0002769,ORD-001652,2026-02-27,CUS-S-00403,Small Business,France,Organic,Office,OFF-013,2,47.89,EUR,0,5.23,False,Pending
OL-0004224,ORD-002527,2026-03-13,CUS-B-00226,Corporate,France,Paid Search,Electronics,ELE-022,1,373.84,EUR,15,11.03,False,Paid
OL-0002107,ORD-001260,11/02/2026,CUS-C-00928,Consumer,France,Email,Home,HOM-005,2,271.01,EUR,15,6.46,False,Paid
OL-0002680,ORD-001596,02/04/2026,CUS-C-01352,Consumer,Spain,Paid Search,Home,HOM-040,1,302.41,EUR,0,10.29,False,Paid
OL-0002762,ORD-001648,2026-03-31,,Small Business,Germany,Social,Office,OFF-032,4,54.52,EUR,0,4.37,False,Paid
OL-0004689,ORD-002799,2026-05-04,CUS-C-00606,Consumer,United Kingdom,Paid Search,Office,OFF-031,1,45.54,GBP,0,3.75,False,Paid
OL-0001388,ORD-000832,2026-03-24,CUS-C-00476,Consumer,United Kingdom,Organic,Home,HOM-019,1,56.82,GBP,25,8.03,False,Paid
OL-0005632,ORD-003378,2026-01-25,CUS-S-00473,Small Business,Germany,Email,Home,HOM-017,1,50.72,EUR,15,7.47,False,Paid
OL-0005427,ORD-003246,2026-05-11,CUS-C-00534,Consumer,Spain,Paid Search,Office,OFF-022,2,22.28,EUR,0,5.8,False,Pending
OL-0001280,ORD-000771,24/06/2026,CUS-S-00204,Small Business,France,Social,Electronics,ELE-021,1,481.58,EUR,5,11.2,False,Paid
OL-0001911,ORD-001134,2026-06-23,CUS-C-00422,Consumer,Germany,Organic,Electonic,ELE-004,1,1037.69,EUR,0,12.07,False,Paid
OL-0001556,ORD-000928,2026-04-25,CUS-C-01061,Consumer,France,Organic,Office,OFF-025,1,9.87,EUR,0,5.97,False,Paid
OL-0005423,ORD-003243,2026-05-11,CUS-S-00088,Small Business,United Kingdom,Marketplace,Office,OFF-004,3,14.6,GBP,0,3.21,False,Pending
OL-0003191,ORD-001897,2026-04-27,CUS-C-00723,Consumer,United Kingdom,Organic,Electronics,ELE-005,2,464.95,GBP,20,12.57,False,Paid
OL-0004567,ORD-002727,2026-01-12,CUS-C-00549,Consumer,Germany,Social,Office,OFF-004,1,16.96,EUR,0,5.52,False,Paid
OL-0004803,ORD-002872,2026-06-18,CUS-S-00040,Small Business,United States,Paid Search,Office,OFF-002,1,12.64,USD,0,5.73,False,Paid
OL-0005627,ORD-003374,2026-04-26,CUS-S-00039,Small Business,France,Organic,Home,HOM-040,2,303.77,EUR,0,9.19,False,Paid
OL-0003595,ORD-002146,2026-03-10,CUS-C-00080,Consumer,France,Organic,Electronics,ELE-010,3,1189.82,EUR,0,16.47,False,Paid
OL-0001921,ORD-001140,25/04/2026,CUS-C-00182,Consumer,Spain,Paid Search,Home,HOM-038,3,98.63,EUR,0,6.98,False,Paid
OL-0000514,ORD-000318,2026-06-14,CUS-C-00967,Consumer,France,Paid Search,Home,HOM-008,3,71.93,EUR,0,7.83,False,Paid
OL-0004178,ORD-002499,2026-06-22,CUS-S-00174,Small Business,Spain,Organic,Home,HOM-036,1,144.17,EUR,5,7.99,False,Paid
OL-0001309,ORD-000785,08/05/2026,CUS-C-00457,Consumer,United States,Paid Search,Office,OFF-040,3,61.98,USD,0,5.24,False,Paid
OL-0000915,ORD-000551,2026-06-27,CUS-C-00365,Consumer,Germany,Paid Search,Electronics,ELE-037,1,288.6,EUR,15,11.06,False,Paid
OL-0003453,ORD-002056,2026-05-09,CUS-S-00180,Small Business,Spain,Social,Office,OFF-007,2,41.08,EUR,10,5.81,False,Paid
OL-0003696,ORD-002206,17/01/2026,CUS-C-00190,Consumer,France,Social,Home,HOM-033,3,63.49,EUR,5,9.44,False,Paid
OL-0004243,ORD-002535,22/04/2026,CUS-S-00083,Small Business,United States,Paid Search,Electronics,ELE-019,1,266.66,USD,15,17.35,False,Paid
OL-0003157,ORD-001874,2026-01-02,CUS-S-00007,Small Business,United Kingdom,Social,Office,OFF-024,3,14.84,GBP,0,3.59,False,Paid
OL-0002199,ORD-001314,2026-05-11,CUS-C-01302,Consumer,United Kingdom,Paid Search,Home,HOM-016,1,238.5,GBP,0,7.48,False,Paid
OL-0000775,ORD-000463,2026-02-24,CUS-C-00244,Consumer,United Kingdom,Paid Search,Home,HOM-018,2,41.33,GBP,10,8.07,False,Paid
OL-0004426,ORD-002646,2026-03-08,CUS-C-01253,Consumer,Spain,Email,Office,OFF-025,1,9.78,EUR,0,5.58,False,Paid
OL-0000944,ORD-000571,2026-02-04,CUS-S-00521,Small Business,Germany,Paid Search,Electronics,ELE-020,1,465.62,EUR,0,12.79,False,Paid
OL-0000823,ORD-000497,2026-03-03,CUS-S-00393,Small Business,Spain,Marketplace,Office,OFF-034,-2,74.36,EUR,0,4.96,True,Refunded
OL-0004278,ORD-002560,01/04/2026,CUS-S-00043,Small Business,Germany,Paid Search,Home,HOM-027,2,114.78,EUR,20,7.65,False,Paid
OL-0000165,ORD-000102,2026-03-11,CUS-C-00904,Consumer,Germany,Email,Home,HOM-009,1,130.4,EUR,0,9.38,False,Paid
OL-0004548,ORD-002715,2026-05-07,CUS-B-00010,Corporate,Germany,Email,Office,OFF-018,37,11.29,EUR,0,3.83,False,Paid
OL-0003984,ORD-002386,2026-01-11,CUS-S-00496,Small Business,Germany,Organic,Home,HOM-033,1,68.63,EUR,0,8.17,False,Paid
OL-0002539,ORD-001511,2026-01-26,CUS-S-00571,Small Business,France,Paid Search,Electronics,ELE-010,1,1162.13,EUR,15,15.79,False,Paid
OL-0005725,ORD-003430,2026-05-04,CUS-C-00485,Consumer,United Kingdom,Marketplace,Electronics,ELE-037,2,236.48,GBP,15,13.21,False,Paid
OL-0001312,ORD-000787,08/04/2026,CUS-C-00133,Consumer,United Kingdom,Email,Office,OFF-036,3,17.14,GBP,0,5.1,False,Paid
OL-0000610,ORD-000372,22/02/2026,CUS-C-01174,Consumer,Germany,Paid Search,Electronics,ELE-030,2,1098.95,EUR,15,15.36,False,Paid
OL-0004998,ORD-002990,2026-06-22,CUS-C-01447,Consumer,France,Organic,Electronics,ELE-035,1,454.22,EUR,15,16.39,False,Paid
OL-0005569,ORD-003334,14/04/2026,CUS-S-00573,Small Business,United States,Email,Home,HOM-028,1,361.86,USD,5,7.29,False,Paid
OL-0003301,ORD-001961,2026-01-05,,Consumer,United Kingdom,Social,Home,HOM-040,1,250.55,GBP,0,9.13,False,Paid
OL-0003311,ORD-001968,2026-05-27,CUS-B-00032,Corporate,France,Organic,Office,OFF-022,6,23.19,EUR,0,5.82,False,Paid
OL-0000328,ORD-000200,06/06/2026,CUS-C-01109,Consumer,France,Email,Home,HOM-022,2,66.08,EUR,0,9.97,False,Paid
OL-0002491,ORD-001484,16/06/2026,CUS-C-00330,Consumer,Spain,Paid Search,Electronics,ELE-026,1,234.52,EUR,0,15.84,False,Paid
OL-0005621,ORD-003371,2026-03-31,CUS-C-01082,Consumer,France,Paid Search,Electronics,ELE-022,1,386.31,EUR,20,10.11,False,Paid
OL-0004409,ORD-002636,20/06/2026,CUS-C-00265,Consumer,Germany,Email,Electronics,ELE-039,2,229.3,EUR,20,14.51,False,Paid
OL-0000833,ORD-000503,2026-04-23,CUS-C-00090,Consumer,United States,Organic,Electronics,ELE-015,1,200.42,USD,15,12.86,False,Paid
OL-0003080,ORD-001833,23/04/2026,CUS-S-00478,Small Business,Germany,Social,Office,OFF-010,1,12.07,EUR,0,5.58,False,Paid
OL-0003463,ORD-002061,14/06/2026,CUS-C-00024,Consumer,United States,Organic,Electronics,ELE-007,1,552.6,USD,5,13.88,False,Paid
OL-0005254,ORD-003143,2026-03-29,CUS-C-01356,Consumer,France,Social,Office,OFF-021,-2,30.92,EUR,0,4.08,True,Refunded
OL-0000055,ORD-000031,19/06/2026,CUS-S-00459,Small Business,Spain,Marketplace,Office,OFF-004,2,17.99,EUR,0,3.87,False,Paid
OL-0004065,ORD-002432,2026-01-27,CUS-C-00577,Consumer,United Kingdom,Paid Search,Home,HOM-005,2,219.29,GBP,0,7.52,False,Paid
OL-0003452,ORD-002055,16/05/2026,CUS-S-00292,Small Business,United States,Organic,Electronics,ELE-040,1,347.58,USD,10,11.13,False,Paid
OL-0001902,ORD-001130,24/04/2026,CUS-C-01432,Consumer,Germany,Organic,Home,HOM-030,1,135.48,EUR,0,7.77,False,Paid
OL-0001482,ORD-000884,2026-04-27,CUS-S-00195,Small Business,Germany,Organic,Office,OFF-028,2,26.85,EUR,0,4.69,False,Paid
OL-0004151,ORD-002484,25/03/2026,CUS-C-00374,Consumer,United Kingdom,Paid Search,Office,OFF-018,1,10.15,GBP,0,5.09,False,Paid
OL-0003336,ORD-001982,2026-06-13,CUS-B-00190,Corporate,France,Paid Search,Home & Living,HOM-007,1,135.63,EUR,0,6.93,False,Pending
OL-0000947,ORD-000572,03/05/2026,CUS-B-00178,Corporate,United States,Marketplace,Home,HOM-036,4,150.8,USD,0,10.49,False,Paid
OL-0003294,ORD-001958,2026-03-11,CUS-C-00600,Consumer,Spain,Marketplace,Office,OFF-022,1,24.22,EUR,0,4.07,False,Paid
OL-0002162,ORD-001292,23/03/2026,CUS-B-00195,Corporate,France,Email,Electronics,ELE-019,1,242.32,EUR,15,10.21,False,Paid
OL-0005077,ORD-003038,2026-05-21,CUS-C-00245,Consumer,France,Paid Search,Electronics,ELE-001,-1,576.85,EUR,10,12.09,True,Refunded
OL-0003058,ORD-001820,2026-02-19,CUS-B-00171,Corporate,Spain,Social,Home,HOM-009,1,137.02,EUR,10,7.1,False,Paid
OL-0000769,ORD-000460,2026-04-11,CUS-S-00461,Small Business,United Kingdom,Social,Electronics,ELE-010,1,1007.66,GBP,0,13.41,False,Paid
OL-0005641,ORD-003382,17/05/2026,CUS-S-00067,Small Business,France,Paid Search,Electronics,ELE-035,1,461.84,EUR,15,14.87,False,Paid
OL-0003496,ORD-002082,2026-06-05,CUS-S-00551,Small Business,France,Social,Electronics,ELE-018,1,1124.18,EUR,15,11.22,False,Paid
OL-0000286,ORD-000178,2026-02-13,CUS-S-00340,Small Business,Spain,Organic,Electronics,ELE-016,1,381.82,EUR,25,16.39,False,Paid
OL-0004953,ORD-002962,2026-04-03,CUS-C-00958,Consumer,Germany,Social,Electronics,ELE-030,1,1091.93,EUR,20,15.18,False,Paid
OL-0004525,ORD-002702,12/06/2026,CUS-C-00307,Consumer,France,Organic,Home,HOM-026,1,203.89,EUR,0,7.61,False,Paid
OL-0005333,ORD-003187,2026-05-14,CUS-C-00759,Consumer,Germany,Organic,Electronics,ELE-006,1,210.07,EUR,10,12.58,False,Paid
OL-0002333,ORD-001392,09/06/2026,CUS-C-01382,Consumer,Spain,Organic,Office,OFF-015,3,65.14,EUR,0,5.94,False,Paid
OL-0002718,ORD-001619,29/04/2026,CUS-C-01013,Consumer,United Kingdom,Paid Search,Office,OFF-010,1,10.28,GBP,0,4.18,False,Paid
OL-0002080,ORD-001243,2026-01-16,CUS-C-00145,Consumer,Spain,Paid Search,Home,HOM-031,1,80.81,EUR,0,7.61,False,Paid
OL-0003390,ORD-002014,18/05/2026,CUS-S-00447,Small Business,France,Organic,Home,HOM-033,1,67.49,EUR,10,6.85,False,Paid
OL-0000723,ORD-000434,2026-04-01,CUS-C-00467,Consumer,Germany,Organic,Office,OFF-005,7,52.42,EUR,0,3.69,False,Paid
OL-0000952,ORD-000575,25/05/2026,,Consumer,United States,Marketplace,Home,HOM-030,1,141.83,USD,0,8.63,False,Paid
OL-0005584,ORD-003346,23/06/2026,CUS-C-01028,Consumer,Spain,Social,Electronics,ELE-021,1,477.99,EUR,5,16.61,False,Paid
OL-0002263,ORD-001351,2026-04-02,CUS-C-00450,Consumer,France,Organic,Home,HOM-007,1,133.93,EUR,0,7.4,False,Pending
OL-0000990,ORD-000599,2026-06-20,CUS-S-00404,Small Business,Spain,Organic,Office,OFF-002,4,10.64,EUR,0,4.61,False,Paid
OL-0003213,ORD-001912,2026-04-19,CUS-C-00062,Consumer,Germany,Organic,Office,OFF-033,1,33.78,EUR,10,4.77,False,Paid
OL-0001760,ORD-001051,06/06/2026,CUS-B-00143,Corporate,Spain,Email,Home,HOM-011,2,93.52,EUR,0,8.51,False,Paid
OL-0004920,ORD-002942,2026-02-13,CUS-C-00801,Consumer,Germany,Organic,Office,OFF-037,7,12.97,EUR,0,4.16,False,Paid
OL-0004423,ORD-002644,2026-01-04,CUS-C-00383,Consumer,France,Organic,Office,OFF-026,2,21.19,EUR,0,5.77,False,Paid
OL-0001725,ORD-001028,2026-02-18,CUS-B-00119,Corporate,France,Paid Search,Home,HOM-026,1,199.25,EUR,20,8.68,False,Paid
OL-0000342,ORD-000209,23/05/2026,CUS-C-00913,Consumer,United Kingdom,Paid Search,Home,HOM-029,1,59.63,GBP,0,7.05,False,Paid
OL-0003702,ORD-002211,2026-06-22,CUS-C-00870,Consumer,France,Paid Search,Electronics,ELE-028,1,199.83,EUR,15,15.92,False,Paid
OL-0004244,ORD-002536,2026-02-13,CUS-C-01321,Consumer,United Kingdom,Organic,Electronics,ELE-004,1,908.5,GBP,20,9.96,False,Paid
OL-0000689,ORD-000414,19/02/2026,CUS-S-00469,Small Business,France,Organic,Home,HOM-019,2,66.34,EUR,15,8.37,False,Paid
OL-0003433,ORD-002044,2026-05-13,CUS-S-00318,Small Business,United Kingdom,Organic,Home,HOM-014,2,163.52,GBP,0,9.19,False,Paid
OL-0000967,ORD-000584,22/03/2026,CUS-B-00026,Corporate,France,Paid Search,Home,HOM-035,1,194.03,EUR,0,7.25,False,Paid
OL-0005667,ORD-003396,16/03/2026,CUS-C-00505,Consumer,Spain,Paid Search,Electronics,ELE-021,1,502.45,EUR,15,16.53,False,Paid
OL-0002204,ORD-001317,06/03/2026,CUS-C-00406,Consumer,France,Organic,Office,OFF-018,3,12.09,EUR,0,5.93,False,Paid
OL-0002714,ORD-001618,07/03/2026,,Small Business,Spain,Marketplace,Home,HOM-002,1,197.35,EUR,0,8.08,False,Paid
OL-0004758,ORD-002840,2026-06-09,CUS-C-00817,Consumer,France,Organic,Office,OFF-015,2,68.43,EUR,0,4.67,False,Paid
OL-0005733,ORD-003433,2026-02-13,,Consumer,Germany,Marketplace,Home,HOM-001,1,267.36,EUR,0,8.61,False,Paid
OL-0004153,ORD-002485,17/03/2026,CUS-C-01419,Consumer,Germany,Social,Electronics,ELE-018,1,1105.79,EUR,25,13.33,False,Paid
OL-0003573,ORD-002134,2026-01-28,CUS-S-00316,Small Business,France,Marketplace,Office,OFF-033,2,33.93,EUR,0,4.72,False,Paid
OL-0004806,ORD-002875,20/01/2026,CUS-S-00422,Small Business,Germany,Paid Search,Home,HOM-034,1,328.76,EUR,15,10.16,False,Paid
OL-0001991,ORD-001188,2026-06-28,CUS-C-00559,Consumer,Germany,Organic,Office,OFF-032,1,53.29,EUR,0,5.38,False,Paid
OL-0004121,ORD-002464,11/06/2026,CUS-C-00451,Consumer,Spain,Marketplace,Electronics,ELE-004,1,1050.88,EUR,20,16.13,False,Paid
OL-0004760,ORD-002841,2026-01-04,CUS-S-00205,Small Business,United Kingdom,Paid Search,Office,OFF-010,3,10.34,GBP,0,3.97,False,Paid
OL-0004915,ORD-002940,2026-05-16,CUS-S-00374,Small Business,France,Paid Search,Office,OFF-036,5,20.69,EUR,0,5.07,False,Paid
OL-0005554,ORD-003325,2026-06-19,CUS-S-00345,Small Business,France,Email,Home,HOM-011,1,89.83,EUR,20,6.76,False,Paid
OL-0005794,ORD-003470,2026-05-16,CUS-C-01298,Consumer,Germany,Paid Search,Office,OFF-017,4,9.43,EUR,10,5.78,False,Paid
OL-0003601,ORD-002148,2026-06-06,CUS-B-00051,Corporate,France,Email,Office,OFF-015,3,66.59,EUR,0,3.66,False,Paid
OL-0005473,ORD-003273,2026-06-22,CUS-C-01153,Consumer,Germany,Social,Office,OFF-015,1,67.91,EUR,0,4.45,False,Paid
OL-0002227,ORD-001332,2026-06-26,CUS-C-00755,Consumer,Germany,Organic,Electronics,ELE-022,2,394.4,EUR,25,16.62,False,Paid
OL-0004939,ORD-002953,28/06/2026,CUS-C-00098,Consumer,United Kingdom,Email,Home,HOM-023,1,40.32,GBP,10,7.36,False,Pending
OL-0000386,ORD-000234,2026-01-28,,Consumer,Germany,Paid Search,Electronics,ELE-039,1,233.48,EUR,15,16.59,False,Paid
OL-0005229,ORD-003128,2026-05-05,,Consumer,France,Marketplace,Electronics,ELE-035,1,455.45,EUR,15,10.7,False,Paid
OL-0005475,ORD-003274,2026-01-14,CUS-S-00105,Small Business,France,Paid Search,Home,HOM-039,1,46.76,EUR,0,9.53,False,Paid
OL-0000537,ORD-000331,28/01/2026,CUS-B-00034,Corporate,Germany,Organic,Office,OFF-023,1,56.9,EUR,0,4.99,False,Paid
OL-0005622,ORD-003371,2026-03-31,CUS-C-01082,Consumer,France,Paid Search,Office,OFF-019,1,15.08,EUR,0,3.88,False,Paid
OL-0004213,ORD-002521,17/02/2026,CUS-B-00014,Corporate,Spain,Organic,Office,OFF-009,4,75.09,EUR,0,4.78,False,Paid
OL-0003508,ORD-002091,2026-04-02,CUS-C-00389,Consumer,United States,Organic,Electronics,ELE-007,1,526.72,USD,10,11.32,False,Paid
OL-0000202,ORD-000124,2026-05-31,CUS-C-01432,Consumer,France,Paid Search,Home,HOM-037,2,133.64,EUR,15,7.41,False,Paid
OL-0001333,ORD-000802,2026-03-03,CUS-B-00149,Corporate,France,Organic,Electronics,ELE-034,1,448.42,EUR,20,10.79,False,Paid
OL-0003503,ORD-002087,2026-01-19,CUS-C-01230,Consumer,Germany,Paid Search,Home,HOM-011,1,89.42,EUR,0,10.59,False,Paid
OL-0002709,ORD-001615,2026-01-27,CUS-C-01462,Consumer,Spain,Paid Search,Office,OFF-030,1,70.74,EUR,0,3.82,False,Paid
OL-0004663,ORD-002786,23/04/2026,CUS-C-00207,Consumer,France,Organic,Home,HOM-037,1,136.95,EUR,0,9.04,False,Paid
OL-0004022,ORD-002406,2026-06-22,CUS-C-00440,Consumer,Spain,Organic,Home,HOM-020,3,53.91,EUR,0,7.04,False,Paid
OL-0001855,ORD-001104,2026-04-27,CUS-C-00356,Consumer,United Kingdom,Social,Office,OFF-007,2,34.69,GBP,0,4.27,False,Paid
OL-0005359,ORD-003202,2026-05-26,CUS-C-01362,Consumer,United Kingdom,Organic,Electronics,ELE-014,1,156.1,GBP,10,14.37,False,Paid
OL-0002873,ORD-001709,31/01/2026,CUS-C-00179,Consumer,United Kingdom,Paid Search,Office,OFF-026,8,17.94,GBP,0,4.66,False,Pending
OL-0003031,ORD-001801,2026-04-26,CUS-S-00285,Small Business,United Kingdom,Paid Search,Home,HOM-009,3,112.97,GBP,15,8.85,False,Paid
OL-0001206,ORD-000717,2026-03-02,CUS-C-00509,Consumer,France,Social,Office,OFF-022,1,22.05,EUR,0,3.63,False,Pending
OL-0001646,ORD-000983,2026-06-30,CUS-S-00285,Small Business,United States,Paid Search,Office,OFF-022,5,24.65,USD,10,5.3,False,Paid
OL-0003418,ORD-002037,2026-06-09,CUS-S-00455,Small Business,Germany,Social,Home,HOM-002,2,195.68,EUR,5,10.22,False,Paid
OL-0003477,ORD-002070,2026-06-11,CUS-C-00854,Consumer,United Kingdom,Organic,Home,HOM-005,1,227.1,GBP,0,8.82,False,Paid
OL-0002862,ORD-001704,2026-04-28,CUS-S-00513,Small Business,Spain,Social,Electronics,ELE-029,1,1110.17,EUR,15,11.26,False,Paid
OL-0001793,ORD-001070,2026-01-09,CUS-C-01225,Consumer,Spain,Email,Office,OFF-031,3,59.55,EUR,0,6.02,False,Paid
OL-0003798,ORD-002270,2026-04-24,CUS-C-00367,Consumer,Spain,Social,Home,HOM-039,2,47.21,EUR,0,10.44,False,Paid
OL-0003369,ORD-002001,2026-02-15,CUS-S-00051,Small Business,United Kingdom,Email,Home,HOM-016,1,236.99,GBP,0,6.91,False,Paid
OL-0003368,ORD-002001,2026-02-15,CUS-S-00051,Small Business,United Kingdom,Email,Electronics,ELE-003,1,369.64,GBP,15,9.77,False,Paid
OL-0003534,ORD-002106,2026-04-16,CUS-S-00498,Small Business,United Kingdom,Marketplace,Home,HOM-012,1,109.98,GBP,20,8.4,False,Pending
OL-0005260,ORD-003145,15/02/2026,,Corporate,Spain,Paid Search,Home,HOM-031,1,74.91,EUR,15,7.47,False,Paid
OL-0003450,ORD-002054,2026-05-15,CUS-C-01086,Consumer,France,Organic,Office,OFF-034,5,72.89,EUR,0,5.4,False,Paid
OL-0000604,ORD-000369,03/03/2026,CUS-C-01016,Consumer,Spain,Social,Home,HOM-032,2,247.35,EUR,10,10.6,False,Paid
OL-0003057,ORD-001820,2026-02-19,CUS-B-00171,Corporate,Spain,Social,Office,OFF-015,3,67.49,EUR,0,4.81,False,Paid
OL-0005213,ORD-003114,2026-04-18,CUS-S-00287,Small Business,Germany,Organic,Office,OFF-013,1,48.63,EUR,0,6.03,False,Paid
OL-0000127,ORD-000078,2026-05-27,CUS-C-00362,Consumer,France,Paid Search,Home,HOM-009,2,132.37,EUR,10,7.47,False,Paid
OL-0003877,ORD-002316,12/03/2026,CUS-C-00138,Consumer,Spain,Organic,Office,OFF-015,5,68.88,EUR,0,3.87,False,Paid
OL-0002936,ORD-001745,2026-04-07,CUS-C-01255,Consumer,United Kingdom,Social,Home,HOM-028,1,284.91,GBP,0,9.08,False,Paid
OL-0004452,ORD-002658,13/01/2026,CUS-S-00046,Small Business,Spain,Email,Office,OFF-036,3,20.28,EUR,0,3.7,False,Paid
OL-0003532,ORD-002105,2026-01-28,CUS-S-00403,Small Business,Germany,Email,Electronics,ELE-004,1,1035.04,EUR,0,12.85,False,Paid
OL-0002731,ORD-001629,14/04/2026,CUS-C-01136,Consumer,France,Social,Office,OFF-031,2,55.45,EUR,0,4.47,False,Paid
OL-0000828,ORD-000501,02/04/2026,CUS-C-00833,Consumer,France,Paid Search,Electronics,ELE-009,1,210.41,EUR,5,13.7,False,Paid
OL-0001640,ORD-000981,2026-03-15,CUS-B-00225,Corporate,France,Email,Electronics,ELE-011,2,1228.18,EUR,5,10.53,False,Paid
OL-0000985,ORD-000596,2026-01-13,CUS-S-00231,Small Business,France,Paid Search,Office,OFF-001,3,56.27,EUR,0,5.08,False,Paid
OL-0003282,ORD-001954,27/03/2026,CUS-C-01386,Consumer,France,Email,Home,HOM-012,1,133.19,EUR,0,6.47,False,Paid
OL-0001076,ORD-000641,2026-03-14,CUS-S-00487,Small Business,Germany,Organic,Electronics,ELE-027,1,673.58,EUR,0,10.98,False,Paid
OL-0002189,ORD-001309,2026-04-21,CUS-C-00492,Consumer,Germany,Social,Home,HOM-033,1,68.29,EUR,0,7.43,False,Paid
OL-0005524,ORD-003305,2026-05-23,CUS-S-00508,Small Business,Germany,Organic,Home,HOM-022,2,67.93,EUR,0,8.09,False,Pending
OL-0002444,ORD-001453,2026-01-19,CUS-C-00908,Consumer,Spain,Marketplace,Home,HOM-007,1,142.64,EUR,10,7.95,False,Paid
OL-0000363,ORD-000223,2026-02-03,CUS-S-00015,Small Business,Germany,Paid Search,Home,HOM-007,1,136.88,EUR,25,7.23,False,Paid
OL-0002350,ORD-001402,2026-01-27,CUS-C-00361,Consumer,Spain,Social,Office,OFF-015,3,68.46,EUR,0,6.05,False,Paid
OL-0000346,ORD-000212,2026-01-09,CUS-C-00813,Consumer,France,Organic,Home,HOM-021,-1,128.59,EUR,0,9.12,True,Refunded
OL-0000815,ORD-000492,2026-06-01,CUS-B-00085,Corporate,France,Organic,Home,HOM-034,2,341.3,EUR,15,7.01,False,Paid
OL-0004808,ORD-002877,2026-02-12,CUS-C-00618,Consumer,Germany,Paid Search,Home,HOM-017,1,47.54,EUR,0,8.26,False,Paid
OL-0003206,ORD-001908,21/01/2026,CUS-C-00359,Consumer,Germany,Marketplace,Electronics,ELE-039,1,218.32,EUR,10,12.6,False,Paid
OL-0005415,ORD-003239,2026-03-21,CUS-C-00346,Consumer,Germany,Organic,Office,OFF-027,1,53.55,EUR,0,5.51,False,Paid
OL-0005750,ORD-003446,06/05/2026,CUS-C-00929,Consumer,Spain,Paid Search,Electronics,ELE-038,-1,508.28,EUR,20,16.76,True,Refunded
OL-0003326,ORD-001977,29/04/2026,CUS-C-00599,Consumer,France,Email,Home,HOM-032,3,249.51,EUR,15,8.98,False,Paid
OL-0004107,ORD-002455,2026-05-15,CUS-C-00892,Consumer,Spain,Paid Search,Office,OFF-030,4,64.11,EUR,0,5.43,False,Paid
OL-0002117,ORD-001265,09/03/2026,CUS-B-00226,Corporate,France,Social,Office,OFF-009,1,79.65,EUR,0,3.79,False,Paid
OL-0001835,ORD-001092,2026-01-17,CUS-S-00578,Small Business,France,Social,Electronics,ELE-026,1,245.31,EUR,10,10.56,False,Paid
OL-0000794,ORD-000477,2026-03-15,CUS-C-00524,Consumer,Spain,Paid Search,Home,HOM-006,1,84.43,EUR,15,10.43,False,Paid
OL-0005293,ORD-003164,2026-05-02,CUS-C-00910,Consumer,Germany,Social,Electronics,ELE-029,1,1072.15,EUR,20,15.72,False,Paid
OL-0002675,ORD-001594,2026-04-22,CUS-C-00333,Consumer,Spain,Organic,Office,OFF-005,3,51.91,EUR,0,5.75,False,Paid
OL-0000095,ORD-000056,23/02/2026,CUS-C-01122,Consumer,Spain,Paid Search,Electronics,ELE-028,1,199.33,EUR,15,12.11,False,Paid
OL-0004226,ORD-002528,05/06/2026,CUS-C-01294,Consumer,Spain,Social,Office,OFF-021,1,30.57,EUR,0,5.24,False,Paid
OL-0003757,ORD-002245,2026-06-02,CUS-B-00019,Corporate,France,Social,Home,HOM-023,20,47.66,EUR,0,6.78,False,Paid
OL-0002892,ORD-001719,2026-02-04,CUS-C-00497,Consumer,France,Paid Search,Home,HOM-010,3,147.46,EUR,0,7.26,False,Paid
OL-0002372,ORD-001412,28/04/2026,CUS-C-00214,Consumer,Germany,Organic,Electronics,ELE-017,2,806.08,EUR,15,16.25,False,Paid
OL-0004966,ORD-002970,07/01/2026,CUS-C-00486,Consumer,Spain,Paid Search,Electronics,ELE-013,1,345.26,EUR,5,13.58,False,Paid
OL-0005668,ORD-003396,16/03/2026,CUS-C-00505,Consumer,Spain,Paid Search,Home,HOM-005,2,252.02,EUR,0,8.16,False,Paid
OL-0003229,ORD-001920,09/03/2026,CUS-S-00500,Small Business,Spain,Email,Home,HOM-020,3,58.14,EUR,0,7.15,False,Paid
OL-0005343,ORD-003193,2026-04-13,CUS-C-01337,Consumer,France,Email,Home,HOM-009,1,133.41,EUR,0,7.28,False,Paid
OL-0002854,ORD-001701,2026-03-23,CUS-B-00086,Corporate,France,Organic,Office,OFF-021,1,29.41,EUR,0,3.88,False,Paid
OL-0002913,ORD-001733,2026-05-28,CUS-C-00245,Consumer,Germany,Social,Office,OFF-024,5,16.63,EUR,0,5.05,False,Paid
OL-0001866,ORD-001111,2026-01-10,CUS-C-01474,Consumer,Germany,Paid Search,Home,HOM-001,1,268.15,EUR,15,6.89,False,Paid
OL-0004613,ORD-002757,2026-03-26,CUS-S-00050,Small Business,France,Email,Home,HOM-032,2,238.8,EUR,0,7.38,False,Paid
OL-0001858,ORD-001106,2026-06-30,CUS-C-00859,Consumer,Germany,Organic,Home,HOM-024,1,83.71,EUR,0,9.78,False,Paid
OL-0002646,ORD-001578,25/01/2026,CUS-S-00107,Small Business,France,Email,Office,OFF-036,4,18.94,EUR,0,3.65,False,Paid
OL-0002244,ORD-001339,2026-06-27,CUS-B-00026,Corporate,Germany,Paid Search,Office,OFF-031,2,53.21,EUR,0,4.2,False,Paid
OL-0002337,ORD-001394,27/04/2026,CUS-B-00142,Corporate,Germany,Organic,Office,OFF-033,5,34.78,EUR,0,3.65,False,Paid
OL-0000951,ORD-000575,25/05/2026,,Consumer,United States,Marketplace,Office,OFF-036,-3,23.26,USD,0,4.88,True,Refunded
OL-0003069,ORD-001827,2026-01-23,CUS-C-01186,Consumer,Germany,Social,Electronics,ELE-038,2,486.58,EUR,20,14.76,False,Paid
OL-0001121,ORD-000668,01/02/2026,CUS-C-01021,Consumer,Germany,Paid Search,Home,HOM-037,2,134.69,EUR,0,7.72,False,Paid
OL-0002598,ORD-001552,2026-03-02,,Consumer,France,Paid Search,Office,OFF-010,2,11.98,EUR,0,5.43,False,Paid
OL-0002205,ORD-001318,2026-04-12,CUS-C-01407,Consumer,Germany,Organic,Electronics,ELE-007,1,499.89,EUR,10,12.83,False,Paid
OL-0000420,ORD-000255,2026-01-11,CUS-C-00755,Consumer,France,Paid Search,Electronics,ELE-001,1,603.78,EUR,15,10.77,False,Paid
OL-0000923,ORD-000557,2026-02-15,CUS-C-00622,Consumer,France,Marketplace,Office,OFF-029,3,90.62,EUR,0,4.69,False,Paid
OL-0001255,ORD-000753,2026-02-03,CUS-B-00032,Corporate,Spain,Social,Electronics,ELE-030,2,1097.37,EUR,10,10.85,False,Paid
OL-0000478,ORD-000295,2026-02-23,CUS-C-01037,Consumer,France,Social,Electronics,ELE-008,1,1148.63,EUR,5,15.37,False,Paid
OL-0002036,ORD-001213,2026-05-26,CUS-C-01401,Consumer,Germany,Paid Search,Home,HOM-035,2,198.01,EUR,25,9.57,False,Paid
OL-0001203,ORD-000715,2026-05-17,CUS-C-00644,Consumer,France,Email,Home,HOM-038,1,95.4,EUR,0,6.42,False,Paid
OL-0002627,ORD-001566,07/04/2026,CUS-B-00239,Corporate,Germany,Organic,Home,HOM-035,2,207.1,EUR,15,8.98,False,Paid
OL-0005774,ORD-003458,2026-04-25,,Small Business,Spain,Social,Home,HOM-012,1,129.54,EUR,0,10.4,False,Paid
OL-0001971,ORD-001172,2026-01-28,,Consumer,France,Social,Office,OFF-006,1,28.52,EUR,0,5.72,False,Paid
OL-0003111,ORD-001854,10/04/2026,CUS-B-00089,Corporate,France,Paid Search,Office,OFF-039,1,19.11,EUR,0,3.85,False,Paid
OL-0004019,ORD-002404,20/01/2026,,Consumer,France,Marketplace,Office,OFF-018,2,12.19,EUR,15,3.83,False,Paid
OL-0002152,ORD-001285,01/03/2026,CUS-S-00481,Small Business,Spain,Marketplace,Home,HOM-031,2,77.48,EUR,15,9.37,False,Pending
OL-0003688,ORD-002202,16/04/2026,CUS-C-00303,Consumer,France,Organic,Electronics,ELE-036,1,1138.25,EUR,0,14.66,False,Paid
OL-0004917,ORD-002941,2026-03-30,CUS-B-00079,Corporate,France,Social,Office,OFF-031,4,55.27,EUR,0,3.81,False,Paid
OL-0001998,ORD-001191,2026-05-29,CUS-C-00606,Consumer,France,Paid Search,Home,HOM-006,2,84.74,EUR,0,7.08,False,Paid
OL-0004034,ORD-002412,21/06/2026,CUS-B-00138,Corporate,United Kingdom,Organic,Home,HOM-038,1,85.67,GBP,15,8.42,False,Paid
OL-0000145,ORD-000090,2026-06-01,CUS-C-01046,Consumer,Germany,Paid Search,Electronics,ELE-013,3,343.22,EUR,0,11.26,False,Paid
OL-0003055,ORD-001818,2026-05-05,CUS-S-00382,Small Business,Germany,Paid Search,Home,HOM-009,1,138.02,EUR,0,8.99,False,Paid
OL-0001249,ORD-000749,29/06/2026,CUS-C-00813,Consumer,France,Paid Search,Office,OFF-032,3,54.09,EUR,0,4.61,False,Pending
OL-0002193,ORD-001311,18/04/2026,CUS-C-00358,Consumer,France,Organic,Home,HOM-018,-1,48.01,EUR,20,10.28,True,Refunded
OL-0002713,ORD-001617,2026-04-28,CUS-C-01431,Consumer,France,Social,Office,OFF-002,4,11.15,EUR,10,4.72,False,Paid
OL-0000993,ORD-000599,2026-06-20,CUS-S-00404,Small Business,Spain,Organic,Home,HOM-004,1,56.67,EUR,15,9.27,False,Paid
OL-0002191,ORD-001310,05/04/2026,CUS-S-00112,Small Business,France,Email,Office,OFF-023,1,54.11,EUR,0,5.39,False,Paid
OL-0004671,ORD-002791,2026-04-10,,Small Business,France,Marketplace,Office,OFF-011,1,17.86,EUR,25,4.87,False,Paid
OL-0003763,ORD-002250,2026-04-05,CUS-C-01392,Consumer,United States,Organic,Home,HOM-019,1,70.38,USD,0,11.38,False,Paid
OL-0003598,ORD-002147,2026-02-24,CUS-S-00054,Small Business,Germany,Organic,Electronics,ELE-011,1,1272.94,EUR,10,14.96,False,Paid
OL-0004712,ORD-002813,2026-01-10,CUS-C-01151,Consumer,France,Paid Search,Electronics,ELE-024,1,1097.65,EUR,10,10.84,False,Paid
OL-0001319,ORD-000791,2026-06-17,CUS-C-00031,Consumer,Germany,Organic,Electronics,ELE-026,2,233.94,EUR,15,16.71,False,Paid
OL-0001864,ORD-001109,2026-04-01,CUS-C-00530,Consumer,France,Paid Search,Office,OFF-032,2,53.75,EUR,0,5.11,False,Paid
OL-0002344,ORD-001398,29/04/2026,CUS-C-00873,Consumer,Germany,Paid Search,Electronics,ELE-022,-1,387.11,EUR,10,13.94,True,Refunded
OL-0002450,ORD-001455,2026-04-27,,Small Business,United Kingdom,Marketplace,Electronics,ELE-006,1,185.69,GBP,5,11.57,False,Paid
OL-0002137,ORD-001276,2026-02-28,CUS-C-00581,Consumer,Germany,Organic,Home,HOM-039,3,49.25,EUR,0,10.47,False,Paid
OL-0001066,ORD-000637,2026-04-01,CUS-C-00464,Consumer,United Kingdom,Organic,Office,OFF-009,-1,68.7,GBP,0,4.62,True,Refunded
OL-0002593,ORD-001548,2026-05-15,CUS-C-01010,Consumer,Germany,Organic,Electronics,ELE-002,2,401.44,EUR,5,15.98,False,Paid
OL-0004228,ORD-002528,05/06/2026,CUS-C-01294,Consumer,Spain,Social,Home,HOM-033,1,62.77,EUR,20,7.65,False,Paid
OL-0002622,ORD-001564,2026-06-07,CUS-C-01084,Consumer,United States,Paid Search,Office,OFF-034,4,80.5,USD,0,5.15,False,Pending
OL-0000078,ORD-000045,2026-05-17,CUS-C-00320,Consumer,France,Organic,Electronics,ELE-039,1,217.39,EUR,15,11.19,False,Pending
OL-0002899,ORD-001724,13/05/2026,CUS-C-01084,Consumer,France,Email,Home,HOM-029,1,66.39,EUR,0,8.88,False,Paid
OL-0004821,ORD-002888,2026-02-08,CUS-C-00747,Consumer,Spain,Email,Electronics,ELE-012,1,522.29,EUR,0,11.83,False,Paid
OL-0001315,ORD-000789,30/06/2026,CUS-C-00689,Consumer,France,Organic,Home,HOM-014,1,195.82,EUR,0,9.94,False,Paid
OL-0005232,ORD-003130,20/01/2026,CUS-S-00266,Small Business,France,Email,Office,OFF-017,3,10.05,EUR,0,4.07,False,Paid
OL-0000873,ORD-000528,24/06/2026,CUS-C-00964,Consumer,France,Organic,Electronics,ELE-004,1,1037.51,EUR,15,11.16,False,Paid
OL-0003851,ORD-002300,2026-05-24,CUS-S-00468,Small Business,Spain,Paid Search,Electronics,ELE-007,1,486.63,EUR,10,12.67,False,Paid
OL-0002320,ORD-001385,2026-06-20,CUS-S-00485,Small Business,Germany,Social,Electronics,ELE-017,2,792.96,EUR,0,11.81,False,Paid
OL-0002966,ORD-001761,2026-02-13,CUS-C-01078,Consumer,Germany,Marketplace,Office,OFF-025,1,9.96,EUR,0,4.89,False,Paid
OL-0003392,ORD-002016,2026-05-08,CUS-B-00035,Corporate,Germany,Organic,Home,HOM-035,3,203.61,EUR,0,6.56,False,Paid
OL-0002561,ORD-001524,05/01/2026,CUS-C-01081,Consumer,Germany,Organic,Home,HOM-034,2,342.5,EUR,0,9.24,False,Paid
OL-0001425,ORD-000853,2026-06-05,CUS-B-00052,Corporate,Germany,Paid Search,Electronics,ELE-012,2,523.62,EUR,0,16.59,False,Paid
OL-0002636,ORD-001573,2026-03-06,CUS-C-01069,Consumer,Spain,Organic,Home,HOM-009,1,141.18,EUR,0,8.06,False,Paid
OL-0003531,ORD-002105,2026-01-28,CUS-S-00403,Small Business,Germany,Email,Electronics,ELE-018,1,1112.18,EUR,15,16.76,False,Paid
OL-0000376,ORD-000229,2026-02-13,CUS-C-00556,Consumer,United Kingdom,Email,Office,OFF-034,4,63.76,GBP,0,4.06,False,Paid
OL-0001909,ORD-001133,2026-03-03,CUS-S-00178,Small Business,Germany,Paid Search,Home,HOM-008,4,73.33,EUR,25,7.43,False,Paid
OL-0004430,ORD-002648,2026-01-20,CUS-S-00539,Small Business,France,Email,Office,OFF-003,3,10.39,EUR,0,3.81,False,Paid
OL-0005183,ORD-003098,2026-06-12,CUS-C-00698,Consumer,France,Organic,Office,OFF-008,1,7.84,EUR,0,5.1,False,Paid
OL-0005241,ORD-003135,2026-05-19,CUS-C-00576,Consumer,United Kingdom,Social,Home,HOM-040,1,263.63,GBP,0,5.68,False,Paid
OL-0004028,ORD-002410,2026-02-26,CUS-C-01172,Consumer,United Kingdom,Social,Electronics,ELE-040,1,277.76,GBP,15,11.75,False,Paid
OL-0001605,ORD-000957,2026-05-06,CUS-C-01379,Consumer,United Kingdom,Marketplace,Office,OFF-005,1,43.59,GBP,0,3.95,False,Paid
OL-0001119,ORD-000667,19/04/2026,CUS-S-00500,Small Business,Germany,Marketplace,Electronics,ELE-007,2,484.67,EUR,20,12.61,False,Paid
OL-0003678,ORD-002195,2026-02-28,CUS-S-00265,Small Business,United Kingdom,Organic,Office,OFF-037,1,11.2,GBP,0,4.08,False,Paid
OL-0003491,ORD-002077,2026-03-01,CUS-B-00100,Corporate,France,Paid Search,Home,HOM-010,1,144.75,EUR,0,8.85,False,Paid
OL-0005387,ORD-003220,2026-04-28,CUS-C-01489,Consumer,Germany,Paid Search,Electronics,ELE-030,2,1120.89,EUR,10,16.37,False,Paid
OL-0002959,ORD-001758,10/03/2026,CUS-C-00967,Consumer,France,Organic,Office,OFF-013,1,50.22,EUR,0,4.04,False,Paid
OL-0001995,ORD-001189,2026-04-16,,Consumer,Spain,Social,Office,OFF-009,1,77.7,EUR,0,4.96,False,Paid
OL-0004537,ORD-002710,2026-01-15,CUS-C-00007,Consumer,Germany,Paid Search,Electronics,ELE-017,1,804.11,EUR,0,11.6,False,Paid
OL-0005207,ORD-003110,2026-03-05,CUS-C-00555,Consumer,Germany,Organic,Office,OFF-019,1,15.53,EUR,0,5.28,False,Paid
OL-0002377,ORD-001413,04/03/2026,CUS-C-00815,Consumer,United Kingdom,Organic,Electronics,ELE-013,1,299.44,GBP,5,10.62,False,Paid
OL-0001343,ORD-000808,2026-06-10,CUS-S-00445,Small Business,Spain,Organic,Home,HOM-020,2,56.91,EUR,20,8.24,False,Paid
OL-0000321,ORD-000196,2026-05-30,CUS-C-00071,Consumer,France,Organic,Electronics,ELE-015,1,182.28,EUR,0,15.06,False,Paid
OL-0001620,ORD-000967,2026-03-28,CUS-C-01282,Consumer,Spain,Organic,Electronics,ELE-016,1,372.28,EUR,15,15.05,False,Paid
OL-0003714,ORD-002216,03/06/2026,CUS-S-00037,Small Business,France,Social,Electronics,ELE-006,1,218.85,EUR,5,16.26,False,Paid
OL-0002061,ORD-001229,2026-03-21,CUS-C-01241,Consumer,Spain,Organic,Electronics,ELE-008,1,1173.06,EUR,15,16.84,False,Paid
OL-0002220,ORD-001327,2026-02-17,,Consumer,Germany,Social,Office,OFF-039,6,20.98,EUR,0,5.21,False,Paid
OL-0001674,ORD-000999,30/05/2026,CUS-S-00285,Small Business,United Kingdom,Organic,Home,HOM-037,4,116.29,GBP,10,6.93,False,Paid
OL-0000261,ORD-000162,11/04/2026,CUS-C-00586,Consumer,Germany,Email,Home,HOM-025,1,129.94,EUR,5,6.44,False,Paid
OL-0005292,ORD-003163,2026-05-14,CUS-C-01286,Consumer,United Kingdom,Social,Electronics,ELE-031,1,184.73,GBP,0,11.16,False,Paid
OL-0002040,ORD-001216,2026-01-10,CUS-C-01271,Consumer,Germany,Email,Office,OFF-012,8,81.06,EUR,0,5.11,False,Paid
OL-0004786,ORD-002859,2026-04-30,CUS-S-00546,Small Business,Germany,Paid Search,Electronics,ELE-034,1,435.71,EUR,0,12.11,False,Paid
OL-0000902,ORD-000543,23/02/2026,CUS-S-00294,Small Business,Germany,Email,Electronics,ELE-039,1,226.23,EUR,5,12.01,False,Paid
OL-0003745,ORD-002235,03/04/2026,,Small Business,United Kingdom,Marketplace,Home,HOM-034,2,287.77,GBP,15,6.76,False,Paid
OL-0002027,ORD-001207,2026-04-04,CUS-C-01284,Consumer,Spain,Email,Home,HOM-014,3,197.33,EUR,10,7.77,False,Paid
OL-0004235,ORD-002532,2026-05-16,CUS-C-00567,Consumer,United Kingdom,Organic,Office,OFF-034,2,62.31,GBP,20,4.87,False,Paid
OL-0001918,ORD-001138,2026-04-27,CUS-S-00481,Small Business,United Kingdom,Organic,Electronics,ELE-026,2,195.94,GBP,20,12.05,False,Paid
OL-0001829,ORD-001087,2026-03-13,CUS-S-00391,Small Business,France,Paid Search,Electronics,ELE-014,1,185.59,EUR,15,10.54,False,Paid
OL-0001574,ORD-000939,20/06/2026,CUS-B-00015,Corporate,Spain,Email,Home,HOM-033,1,68.66,EUR,0,7.44,False,Paid
OL-0004416,ORD-002641,2026-03-27,CUS-S-00009,Small Business,France,Email,Office,OFF-011,3,17.81,EUR,0,3.84,False,Paid
OL-0004750,ORD-002835,2026-05-22,CUS-S-00066,Small Business,France,Social,Office,OFF-010,5,11.75,EUR,0,4.01,False,Paid
OL-0005261,ORD-003146,14/04/2026,CUS-C-01498,Consumer,France,Organic,Electronics,ELE-006,2,218.97,EUR,10,13.6,False,Paid
OL-0004655,ORD-002780,2026-04-13,CUS-B-00135,Corporate,United Kingdom,Social,Office,OFF-028,8,21.78,GBP,0,4.51,False,Paid
OL-0004209,ORD-002517,2026-06-01,CUS-B-00214,Corporate,Spain,Organic,Electronics,ELE-006,1,220.35,EUR,10,12.65,False,Paid
OL-0004628,ORD-002766,2026-02-19,,Consumer,France,Organic,Home,HOM-025,2,125.13,EUR,15,8.64,False,Paid
OL-0000225,ORD-000139,2026-05-13,CUS-B-00014,Corporate,Spain,Organic,Home,HOM-029,1,69.73,EUR,0,10.23,False,Paid
OL-0000724,ORD-000434,2026-04-01,CUS-C-00467,Consumer,Germany,Organic,Electronics,ELE-037,1,274.64,EUR,10,13.35,False,Paid
OL-0005379,ORD-003214,07/05/2026,,Consumer,Spain,Marketplace,Office,OFF-035,2,34.82,EUR,0,5.78,False,Paid
OL-0001142,ORD-000679,2026-02-07,CUS-S-00569,Small Business,Spain,Email,Electronics,ELE-016,1,383.43,EUR,5,15.83,False,Paid
OL-0002763,ORD-001649,13/05/2026,CUS-B-00207,Corporate,United Kingdom,Social,Electronics,ELE-003,2,377.13,GBP,15,9.97,False,Paid
OL-0000847,ORD-000512,2026-04-19,CUS-S-00229,Small Business,Germany,Paid Search,Electronics,ELE-021,2,475.55,EUR,5,10.0,False,Paid
OL-0004290,ORD-002568,15/05/2026,CUS-C-01368,Consumer,France,Organic,Home,HOM-004,1,55.98,EUR,15,7.54,False,Paid
OL-0005043,ORD-003017,2026-01-25,CUS-C-00096,Consumer,Spain,Paid Search,Electronics,ELE-020,1,458.88,EUR,5,15.58,False,Paid
OL-0002552,ORD-001518,2026-04-17,CUS-S-00313,Small Business,France,Organic,Electronics,ELE-012,1,538.44,EUR,0,12.49,False,Paid
OL-0002929,ORD-001742,2026-01-18,CUS-S-00065,Small Business,France,Email,Home,HOM-004,1,58.15,EUR,10,8.76,False,Paid
OL-0000118,ORD-000071,2026-02-26,CUS-C-01136,Consumer,Germany,Organic,Office,OFF-006,4,27.78,EUR,0,3.65,False,Paid
OL-0000646,ORD-000391,2026-06-04,CUS-B-00207,Corporate,France,Email,Electronics,ELE-024,1,1085.19,EUR,15,11.29,False,Paid
OL-0000004,ORD-000003,19/03/2026,,Consumer,France,Marketplace,Electronics,ELE-016,1,379.43,EUR,0,13.63,False,Paid
OL-0004171,ORD-002495,2026-02-22,CUS-C-00840,Consumer,Germany,Organic,Home,HOM-020,4,57.11,EUR,10,7.39,False,Paid
OL-0000468,ORD-000290,2026-03-31,CUS-S-00096,Small Business,Germany,Email,Electronics,ELE-027,2,648.82,EUR,10,13.49,False,Paid
OL-0000006,ORD-000003,19/03/2026,,Consumer,France,Marketplace,Electronics,ELE-014,2,182.79,EUR,15,10.54,False,Paid
OL-0000920,ORD-000554,2026-03-19,CUS-C-01489,Consumer,United Kingdom,Email,Office,OFF-024,3,15.54,GBP,0,3.57,False,Paid
OL-0002596,ORD-001550,07/01/2026,CUS-C-00087,Consumer,France,Marketplace,Office,OFF-022,1,23.44,EUR,0,6.04,False,Paid
OL-0004325,ORD-002588,2026-04-23,CUS-S-00433,Small Business,France,Email,Electronics,ELE-030,2,1113.72,EUR,10,15.65,False,Paid
OL-0001064,ORD-000635,2026-04-26,,Small Business,United States,Social,Home,HOM-015,1,152.53,USD,10,8.3,False,Paid
OL-0002591,ORD-001546,07/04/2026,CUS-C-00980,Consumer,United Kingdom,Marketplace,Home,HOM-006,2,67.42,GBP,0,7.51,False,Paid
OL-0000243,ORD-000152,29/05/2026,CUS-B-00179,Corporate,France,Email,Electronics,ELE-030,1,1075.78,EUR,20,13.9,False,Paid
OL-0005214,ORD-003115,2026-02-25,CUS-S-00366,Small Business,France,Marketplace,Office,OFF-033,1,33.74,EUR,0,5.51,False,Paid
OL-0001161,ORD-000692,2026-05-04,CUS-B-00245,Corporate,United States,Social,Electronics,ELE-003,1,459.14,USD,20,13.15,False,Paid
OL-0002871,ORD-001709,31/01/2026,CUS-C-00179,Consumer,United Kingdom,Paid Search,Home,HOM-040,2,262.8,GBP,15,5.59,False,Paid
OL-0003736,ORD-002230,2026-06-09,CUS-B-00200,Corporate,France,Paid Search,Electronics,ELE-027,1,679.17,EUR,5,11.86,False,Paid
OL-0002398,ORD-001425,08/06/2026,,Consumer,France,Social,Office,OFF-008,8,8.13,EUR,20,5.86,False,Paid
OL-0003518,ORD-002096,2026-01-27,,Small Business,Germany,Paid Search,Electronics,ELE-024,1,1093.2,EUR,15,16.25,False,Paid
OL-0003422,ORD-002039,08/04/2026,CUS-C-01057,Consumer,Germany,Paid Search,Office,OFF-010,3,12.76,EUR,0,3.74,False,Paid
OL-0002564,ORD-001525,26/05/2026,,Consumer,France,Paid Search,Home,HOM-003,1,158.72,EUR,0,7.97,False,Paid
OL-0001606,ORD-000957,2026-05-06,CUS-C-01379,Consumer,United Kingdom,Marketplace,Electronics,ELE-018,1,969.45,GBP,25,10.2,False,Pending
OL-0005786,ORD-003466,2026-06-13,,Corporate,United States,Marketplace,Home,HOM-012,2,138.61,USD,10,10.53,False,Paid
OL-0002325,ORD-001388,2026-04-11,CUS-C-01296,Consumer,Spain,Paid Search,Home,HOM-003,4,167.61,EUR,0,9.2,False,Paid
OL-0002710,ORD-001615,2026-01-27,CUS-C-01462,Consumer,Spain,Paid Search,Office,OFF-024,5,16.96,EUR,0,5.35,False,Paid
OL-0005266,ORD-003148,2026-04-13,CUS-C-00240,Consumer,Spain,Social,Office,OFF-006,6,29.03,EUR,0,4.58,False,Paid
OL-0001313,ORD-000787,08/04/2026,CUS-C-00133,Consumer,United Kingdom,Email,Home,HOM-033,1,54.71,GBP,25,5.6,False,Paid
OL-0003449,ORD-002054,2026-05-15,CUS-C-01086,Consumer,France,Organic,Electronics,ELE-006,2,210.21,EUR,0,16.38,False,Paid
OL-0003813,ORD-002276,2026-04-09,CUS-C-00049,Consumer,United Kingdom,Email,Home,HOM-020,1,48.36,GBP,15,5.73,False,Paid
OL-0005581,ORD-003343,17/02/2026,CUS-S-00256,Small Business,Spain,Paid Search,Electronics,ELE-010,1,1151.3,EUR,0,14.47,False,Paid
OL-0002363,ORD-001409,07/03/2026,CUS-C-00447,Consumer,Spain,Paid Search,Electronics,ELE-036,-1,1147.21,EUR,15,11.48,True,Refunded
OL-0001976,ORD-001176,2026-01-18,CUS-C-01156,Consumer,United Kingdom,Organic,Home,HOM-029,1,57.11,GBP,25,6.64,False,Paid
OL-0003515,ORD-002095,03/01/2026,CUS-C-00905,Consumer,Spain,Social,Office,OFF-004,3,16.69,EUR,0,4.42,False,Paid
OL-0001762,ORD-001052,19/06/2026,CUS-C-00109,Consumer,United Kingdom,Paid Search,Office,OFF-002,1,9.42,GBP,0,3.96,False,Paid
OL-0002740,ORD-001634,2026-03-10,CUS-C-00654,Consumer,Germany,Organic,Electronics ,ELE-025,2,430.88,EUR,15,15.58,False,Paid
OL-0005588,ORD-003348,19/04/2026,CUS-C-01001,Consumer,United States,Organic,Office,OFF-024,1,18.52,USD,0,5.11,False,Paid
OL-0002473,ORD-001471,05/06/2026,CUS-C-01355,Consumer,United Kingdom,Email,Home,HOM-036,1,122.89,GBP,5,5.78,False,Paid
OL-0004008,ORD-002399,2026-02-10,CUS-B-00040,Corporate,Germany,Organic,Office,OFF-034,3,75.93,EUR,0,4.39,False,Paid
OL-0004719,ORD-002818,2026-06-11,CUS-B-00119,Corporate,France,Marketplace,Electronics,ELE-004,1,1060.95,EUR,20,12.97,False,Paid
OL-0001494,ORD-000892,2026-01-10,CUS-C-00367,Consumer,France,Marketplace,Office,OFF-031,5,55.25,EUR,15,5.77,False,Paid
OL-0004207,ORD-002516,2026-03-09,CUS-C-00447,Consumer,France,Email,Home,HOM-035,1,196.03,EUR,0,8.75,False,Paid
OL-0002159,ORD-001290,2026-04-27,CUS-C-00568,Consumer,France,Organic,Office,OFF-005,6,53.94,EUR,0,4.51,False,Paid
OL-0001170,ORD-000697,2026-03-12,CUS-S-00326,Small Business,Spain,Organic,Electronics,ELE-018,1,1161.68,EUR,10,15.55,False,Paid
OL-0005416,ORD-003240,16/06/2026,CUS-C-01335,Consumer,Germany,Paid Search,Home,HOM-030,3,132.26,EUR,10,10.59,False,Paid
OL-0000233,ORD-000144,17/03/2026,CUS-B-00150,Corporate,France,Email,Home,HOM-017,2,51.89,EUR,0,8.92,False,Paid
OL-0000067,ORD-000039,2026-03-09,CUS-C-01306,Consumer,Germany,Paid Search,Home,HOM-028,2,340.72,EUR,0,9.73,False,Paid
OL-0001604,ORD-000956,2026-04-13,CUS-C-00620,Consumer,Germany,Social,Electronics,ELE-018,1,1105.35,EUR,5,10.45,False,Paid
OL-0003284,ORD-001954,27/03/2026,CUS-C-01386,Consumer,France,Email,Office,OFF-027,1,55.73,EUR,0,4.55,False,Paid
OL-0003597,ORD-002146,2026-03-10,CUS-C-00080,Consumer,France,Organic,Electronics,ELE-003,1,423.14,EUR,10,10.42,False,Paid
OL-0004633,ORD-002768,19/01/2026,CUS-S-00027,Small Business,Germany,Paid Search,Office,OFF-030,4,69.36,EUR,0,4.04,False,Paid
OL-0000126,ORD-000077,2026-01-24,CUS-C-00132,Consumer,United Kingdom,Organic,Home,HOM-007,1,118.12,GBP,5,5.65,False,Paid
OL-0001297,ORD-000780,07/01/2026,CUS-C-00011,Consumer,Germany,Email,Office,OFF-021,1,29.63,EUR,0,5.24,False,Paid
OL-0001977,ORD-001176,2026-01-18,CUS-C-01156,Consumer,United Kingdom,Organic,Office,OFF-018,2,10.14,GBP,0,4.47,False,Paid
OL-0005417,ORD-003241,2026-04-03,CUS-C-01177,Consumer,France,Organic,Electronics,ELE-004,2,1048.25,EUR,20,11.89,False,Pending
OL-0005374,ORD-003211,25/04/2026,CUS-C-00889,Consumer,Germany,Social,Home,HOM-033,3,66.41,EUR,15,10.61,False,Paid
OL-0002076,ORD-001241,2026-03-17,,Small Business,United Kingdom,Email,Office,OFF-009,3,68.12,GBP,0,3.21,False,Paid
OL-0004581,ORD-002738,2026-03-07,CUS-S-00223,Small Business,France,Paid Search,Home,HOM-006,1,83.27,EUR,20,6.45,False,Paid
OL-0003087,ORD-001839,2026-06-30,,Small Business,France,Marketplace,Electronics,ELE-019,3,249.56,EUR,5,12.77,False,Paid
OL-0005197,ORD-003105,14/01/2026,CUS-C-01340,Consumer,France,Email,Electronics,ELE-006,1,219.75,EUR,0,13.67,False,Paid
OL-0003346,ORD-001987,2026-06-18,CUS-C-00642,Consumer,United States,Paid Search,Electronics,ELE-040,2,350.07,USD,0,12.67,False,Paid
OL-0005819,ORD-003483,2026-04-18,CUS-C-01226,Consumer,Spain,Email,Home,HOM-020,1,58.37,EUR,0,8.94,False,Paid
OL-0002798,ORD-001669,20/02/2026,,Consumer,France,Paid Search,Electronics,ELE-034,1,458.8,EUR,10,10.37,False,Paid
OL-0000919,ORD-000554,2026-03-19,CUS-C-01489,Consumer,United Kingdom,Email,Office,OFF-027,5,45.17,GBP,0,3.55,False,Paid
OL-0001647,ORD-000983,2026-06-30,CUS-S-00285,Small Business,United States,Paid Search,Office,OFF-007,2,44.09,USD,0,6.08,False,Paid
OL-0005123,ORD-003064,2026-04-07,CUS-B-00165,Corporate,France,Email,Home,HOM-027,1,113.87,EUR,0,7.93,False,Paid
OL-0005127,ORD-003068,2026-05-25,CUS-C-00989,Consumer,France,Organic,Office,OFF-029,1,87.9,EUR,10,5.59,False,Paid
OL-0004979,ORD-002978,2026-06-18,CUS-C-00489,Consumer,France,Paid Search,Home,HOM-035,-1,192.96,EUR,0,9.8,True,Refunded
OL-0004622,ORD-002762,2026-06-24,CUS-C-00844,Consumer,United States,Paid Search,Home,HOM-021,1,151.42,USD,20,9.09,False,Paid
OL-0000365,ORD-000224,11/01/2026,CUS-B-00060,Corporate,Spain,Email,Home,HOM-014,1,190.32,EUR,20,9.96,False,Paid
OL-0003288,ORD-001956,2026-05-20,CUS-B-00120,Corporate,United Kingdom,Marketplace,Home,HOM-036,1,118.9,GBP,15,8.56,False,Paid
OL-0002126,ORD-001269,2026-05-28,CUS-C-00831,Consumer,United States,Paid Search,Office,OFF-012,1,91.67,USD,0,5.57,False,Paid
OL-0004124,ORD-002466,2026-02-18,CUS-S-00550,Small Business,Germany,Organic,Office,OFF-017,4,9.42,EUR,0,4.73,False,Paid
OL-0004570,ORD-002730,2026-04-26,CUS-C-00697,Consumer,France,Organic,Office,OFF-024,3,17.61,EUR,0,4.55,False,Paid
OL-0000526,ORD-000325,2026-02-19,CUS-S-00348,Small Business,Spain,Organic,Home,HOM-002,2,195.3,EUR,0,8.72,False,Paid
OL-0004822,ORD-002889,2026-04-15,CUS-C-00321,Consumer,Germany,Email,Office,OFF-018,2,11.65,EUR,0,5.36,False,Paid
OL-0000056,ORD-000031,19/06/2026,CUS-S-00459,Small Business,Spain,Marketplace,Office,OFF-007,3,42.54,EUR,0,4.01,False,Paid
OL-0000639,ORD-000388,2026-06-26,CUS-S-00148,Small Business,France,Marketplace,Electronics,ELE-006,-1,221.59,EUR,0,14.23,True,Refunded
OL-0000303,ORD-000185,01/05/2026,CUS-B-00138,Corporate,Germany,Email,Office,OFF-011,4,18.28,EUR,0,5.77,False,Paid
OL-0002767,ORD-001650,04/02/2026,CUS-S-00509,Small Business,Germany,Organic,Office,OFF-004,7,17.5,EUR,0,4.84,False,Paid
OL-0001277,ORD-000769,22/05/2026,CUS-C-01405,Consumer,United Kingdom,Paid Search,Home,HOM-038,-1,84.11,GBP,0,8.07,True,Refunded
OL-0004721,ORD-002819,2026-01-30,CUS-C-00156,Consumer,Spain,Paid Search,Office,OFF-023,2,55.91,EUR,0,6.0,False,Paid
OL-0002056,ORD-001226,2026-01-06,CUS-C-00524,Consumer,France,Marketplace,Home,HOM-010,2,147.7,EUR,20,9.53,False,Paid
OL-0005146,ORD-003077,2026-01-07,CUS-B-00128,Corporate,France,Social,Home,HOM-028,2,334.26,EUR,15,7.0,False,Paid
OL-0004433,ORD-002649,2026-06-30,CUS-C-00822,Consumer,Germany,Email,Office,OFF-013,-8,48.64,EUR,0,3.67,True,Refunded
OL-0003645,ORD-002178,02/02/2026,CUS-C-00172,Consumer,France,Social,Office,OFF-016,1,9.19,EUR,0,5.79,False,Paid
OL-0004144,ORD-002479,2026-06-17,CUS-B-00161,Corporate,Spain,Paid Search,Office,OFF-040,2,55.8,EUR,0,4.3,False,Pending
OL-0002879,ORD-001713,2026-03-04,CUS-C-01017,Consumer,United Kingdom,Paid Search,Electronics,ELE-009,2,185.98,GBP,20,13.63,False,Paid
OL-0004203,ORD-002513,2026-02-20,CUS-S-00307,Small Business,United Kingdom,Organic,Electronics,ELE-039,1,187.04,GBP,20,9.1,False,Paid
OL-0002287,ORD-001367,2026-06-01,CUS-C-00887,Consumer,United Kingdom,Social,Electronics,ELE-028,1,159.22,GBP,25,13.66,False,Paid
OL-0002262,ORD-001350,15/03/2026,CUS-C-00953,Consumer,United Kingdom,Paid Search,Home,HOM-030,-1,109.27,GBP,0,7.08,True,Refunded
OL-0002297,ORD-001374,08/02/2026,CUS-C-00413,Consumer,France,Organic,Electronics,ELE-040,1,316.19,EUR,25,16.76,False,Paid
OL-0001754,ORD-001048,2026-02-06,,Small Business,Germany,Paid Search,Home,HOM-011,3,93.42,EUR,5,10.18,False,Paid
OL-0001969,ORD-001171,27/04/2026,CUS-C-00081,Consumer,United Kingdom,Paid Search,Home,HOM-039,3,40.82,GBP,0,8.71,False,Paid
OL-0005203,ORD-003108,2026-02-24,CUS-S-00250,Small Business,United Kingdom,Email,Home,HOM-026,2,164.12,GBP,0,7.61,False,Pending
OL-0003118,ORD-001856,2026-06-19,CUS-B-00020,Corporate,France,Paid Search,Office,OFF-007,30,40.62,EUR,0,5.66,False,Paid
OL-0002394,ORD-001421,2026-06-05,CUS-C-00307,Consumer,United Kingdom,Organic,Office,OFF-039,1,16.84,GBP,0,3.26,False,Paid
OL-0000524,ORD-000323,16/04/2026,CUS-S-00151,Small Business,United States,Paid Search,Office,OFF-012,2,90.5,USD,0,4.0,False,Pending
OL-0003901,ORD-002332,2026-06-03,CUS-C-00880,Consumer,France,Organic,Home,HOM-021,2,132.4,EUR,0,9.3,False,Paid
OL-0005712,ORD-003423,2026-05-01,CUS-S-00050,Small Business,United States,Social,Office,OFF-016,3,10.38,USD,0,4.23,False,Paid
OL-0004700,ORD-002804,2026-06-23,CUS-C-00538,Consumer,United Kingdom,Organic,Electronics,ELE-033,1,748.45,GBP,15,9.41,False,Paid
OL-0005490,ORD-003285,2026-04-15,CUS-B-00165,Corporate,Germany,Social,Office,OFF-002,6,11.55,EUR,5,4.65,False,Paid
OL-0003123,ORD-001860,2026-04-15,CUS-C-00473,Consumer,France,Social,Office,OFF-009,1,78.53,EUR,0,5.78,False,Paid
OL-0004157,ORD-002488,2026-06-14,CUS-B-00207,Corporate,United States,Paid Search,Office,OFF-016,4,10.17,USD,0,5.18,False,Paid
OL-0001970,ORD-001172,2026-01-28,,Consumer,France,Social,Electronics,ELE-034,1,425.76,EUR,15,13.17,False,Paid
OL-0000672,ORD-000406,2026-03-08,CUS-B-00121,Corporate,Spain,Organic,Home,HOM-037,1,133.86,EUR,0,8.7,False,Paid
OL-0004189,ORD-002504,17/05/2026,CUS-B-00204,Corporate,Germany,Social,Home,HOM-031,2,76.57,EUR,0,9.94,False,Pending
OL-0000667,ORD-000405,25/01/2026,CUS-C-01133,Consumer,France,Paid Search,Office,OFF-027,1,54.61,EUR,0,3.66,False,Paid
OL-0005533,ORD-003311,2026-04-11,CUS-C-00761,Consumer,United Kingdom,Paid Search,Electronics,ELE-015,1,164.57,GBP,20,13.42,False,Paid
OL-0001888,ORD-001123,2026-06-01,CUS-C-00958,Consumer,France,Paid Search,Electronics,ELE-020,1,486.77,EUR,20,15.31,False,Paid
OL-0003267,ORD-001948,14/02/2026,CUS-S-00381,Small Business,Germany,Email,Office,OFF-027,2,54.7,EUR,0,3.91,False,Paid
OL-0000281,ORD-000174,2026-03-12,CUS-S-00137,Small Business,France,Paid Search,Home,HOM-034,1,337.5,EUR,0,7.16,False,Paid
OL-0001720,ORD-001025,2026-04-23,CUS-C-01431,Consumer,Spain,Organic,Home,HOM-005,-2,258.03,EUR,5,6.86,True,Refunded
OL-0002948,ORD-001753,31/05/2026,CUS-C-01416,Consumer,Germany,Email,Office,OFF-022,1,23.61,EUR,0,4.55,False,Paid
OL-0004456,ORD-002661,27/06/2026,CUS-C-00014,Consumer,United Kingdom,Social,Home,HOM-007,2,118.47,GBP,10,6.98,False,Paid
OL-0000900,ORD-000542,2026-02-28,CUS-S-00325,Small Business,Spain,Marketplace,Home,HOM-036,1,140.42,EUR,0,6.79,False,Paid
OL-0005815,ORD-003482,23/01/2026,,Consumer,France,Marketplace,Home,HOM-007,1,143.0,EUR,0,6.77,False,Paid
OL-0000761,ORD-000457,05/06/2026,CUS-S-00039,Small Business,France,Marketplace,Office,OFF-024,1,17.41,EUR,0,4.85,False,Pending
OL-0001907,ORD-001131,2026-06-04,CUS-S-00541,Small Business,France,Organic,Home,HOM-035,1,201.02,EUR,0,7.42,False,Paid
OL-0004043,ORD-002420,2026-02-08,CUS-S-00081,Small Business,United Kingdom,Organic,Electronics,ELE-020,1,389.24,GBP,10,10.62,False,Paid
OL-0003824,ORD-002283,2026-03-04,CUS-S-00318,Small Business,Germany,Marketplace,Home,HOM-024,2,80.45,EUR,0,9.39,False,Paid
OL-0004139,ORD-002474,25/03/2026,CUS-C-00589,Consumer,Germany,Social,Electronics,ELE-038,1,526.54,EUR,0,16.42,False,Paid
OL-0003819,ORD-002279,11/03/2026,CUS-C-00961,Consumer,Germany,Paid Search,Home,HOM-016,2,278.31,EUR,0,8.38,False,Paid
OL-0004301,ORD-002573,19/03/2026,CUS-S-00340,Small Business,United Kingdom,Organic,Home,HOM-039,-1,41.21,GBP,0,8.83,True,Refunded
OL-0002594,ORD-001548,2026-05-15,CUS-C-01010,Consumer,Germany,Organic,Office,OFF-001,2,56.77,EUR,0,4.77,False,Paid
OL-0004165,ORD-002491,2026-06-18,CUS-C-00591,Consumer,United Kingdom,Organic,Office,OFF-011,1,14.59,GBP,0,5.12,False,Pending
OL-0003032,ORD-001802,2026-01-07,CUS-S-00195,Small Business,Spain,Email,Office,OFF-015,1,66.85,EUR,0,4.85,False,Paid
OL-0003580,ORD-002138,2026-05-28,CUS-C-00247,Consumer,Spain,Email,Home,HOM-025,1,133.14,EUR,20,7.95,False,Paid
OL-0002833,ORD-001690,01/04/2026,CUS-C-00599,Consumer,France,Email,Home,HOM-001,1,253.58,EUR,0,7.82,False,Paid
OL-0003473,ORD-002068,2026-04-13,CUS-C-01454,Consumer,France,Organic,Home,HOM-017,1,49.67,EUR,0,6.56,False,Paid
OL-0000138,ORD-000084,10/03/2026,CUS-C-00785,Consumer,Germany,Paid Search,Office,OFF-016,1,9.35,EUR,0,5.7,False,Paid
OL-0004893,ORD-002926,2026-02-13,CUS-S-00417,Small Business,United Kingdom,Organic,Office,OFF-027,1,45.92,GBP,0,4.33,False,Paid
OL-0002181,ORD-001305,2026-04-24,CUS-C-00262,Consumer,Germany,Organic,Electronics,ELE-011,2,1276.62,EUR,10,15.16,False,Paid
OL-0002129,ORD-001271,2026-06-29,CUS-B-00156,Corporate,Germany,Social,Office,OFF-001,5,56.04,EUR,0,3.81,False,Paid
OL-0003178,ORD-001889,2026-03-30,CUS-C-00674,Consumer,Spain,Organic,Office,OFF-023,1,54.97,EUR,0,4.4,False,Paid
OL-0004855,ORD-002905,2026-01-17,CUS-S-00351,Small Business,France,Paid Search,Electronics,ELE-020,1,450.66,EUR,15,12.94,False,Paid
OL-0004638,ORD-002770,15/04/2026,CUS-C-01112,Consumer,United Kingdom,Social,Home,HOM-033,1,57.05,GBP,0,9.04,False,Paid
OL-0005116,ORD-003060,2026-06-11,CUS-S-00329,Small Business,United Kingdom,Organic,electronics,ELE-003,1,370.74,GBP,25,10.26,False,Paid
OL-0005224,ORD-003123,2026-06-21,CUS-B-00167,Corporate,France,Paid Search,Electronics,ELE-017,2,823.67,EUR,10,13.84,False,Paid
OL-0004262,ORD-002549,20/05/2026,CUS-B-00027,Corporate,United States,Social,Electronics,ELE-014,1,195.6,USD,10,11.21,False,Paid
OL-0004345,ORD-002600,2026-06-23,,Small Business,United Kingdom,Social,Office,OFF-024,4,15.29,GBP,0,3.7,False,Paid
OL-0001332,ORD-000801,19/03/2026,CUS-C-00383,Consumer,United Kingdom,Paid Search,Electronics,ELE-003,1,363.05,GBP,0,12.91,False,Paid
OL-0002018,ORD-001201,28/01/2026,CUS-S-00164,Small Business,Germany,Organic,Electronics,ELE-016,2,394.22,EUR,15,14.03,False,Paid
OL-0004543,ORD-002712,27/06/2026,CUS-C-00585,Consumer,France,Organic,Home,HOM-001,2,267.44,EUR,0,7.06,False,Paid
OL-0002483,ORD-001478,19/06/2026,,Small Business,France,Social,Electronics,ELE-023,2,498.24,EUR,0,14.09,False,Paid
OL-0001359,ORD-000816,2026-05-16,CUS-S-00130,Small Business,Spain,Organic,Office,OFF-014,6,28.51,EUR,0,5.2,False,Paid
OL-0001330,ORD-000800,2026-03-11,CUS-C-01286,Consumer,France,Paid Search,Office,OFF-017,750,9.43,EUR,0,4.08,False,Paid
OL-0000630,ORD-000385,2026-03-24,CUS-S-00592,Small Business,Germany,Organic,Electronics,ELE-010,1,1206.54,EUR,20,16.55,False,Paid
OL-0002151,ORD-001285,01/03/2026,CUS-S-00481,Small Business,Spain,Marketplace,Office,OFF-021,2,28.47,EUR,0,4.9,False,Paid
OL-0004531,ORD-002706,2026-01-20,CUS-S-00475,Small Business,France,Organic,Office,OFF-010,1,12.2,EUR,0,5.42,False,Paid
OL-0002123,ORD-001268,2026-01-14,CUS-C-00232,Consumer,Germany,Organic,Electronics,ELE-004,1,1058.15,EUR,15,15.45,False,Paid
OL-0004674,ORD-002792,14/04/2026,CUS-C-00980,Consumer,Spain,Organic,Home,HOM-029,-2,66.09,EUR,0,6.46,True,Refunded
OL-0003982,ORD-002384,13/04/2026,CUS-C-00427,Consumer,France,Paid Search,Office,OFF-024,3,17.6,EUR,0,5.37,False,Paid
OL-0001253,ORD-000751,24/04/2026,CUS-C-01069,Consumer,Germany,Email,Office,OFF-011,2,17.92,EUR,0,5.26,False,Pending
OL-0003279,ORD-001953,17/06/2026,CUS-C-01388,Consumer,United States,Social,Electronics,ELE-007,1,558.1,USD,5,11.55,False,Paid
OL-0003375,ORD-002003,2026-01-17,CUS-C-01112,Consumer,Germany,Email,Office,OFF-034,1,75.48,EUR,0,4.84,False,Paid
OL-0002815,ORD-001678,15/04/2026,CUS-S-00517,Small Business,Germany,Paid Search,Office,OFF-038,4,57.38,EUR,0,5.94,False,Paid
OL-0004720,ORD-002818,2026-06-11,CUS-B-00119,Corporate,France,Marketplace,Office,OFF-007,1,39.55,EUR,0,4.7,False,Paid
OL-0001849,ORD-001101,2026-06-07,CUS-C-00738,Consumer,Germany,Email,Home,HOM-012,1,127.07,EUR,10,6.96,False,Paid
OL-0004859,ORD-002907,2026-02-25,CUS-C-01472,Consumer,Germany,Paid Search,Electronics,ELE-001,1,604.07,EUR,15,14.69,False,Paid
OL-0003038,ORD-001805,21/05/2026,CUS-C-01429,Consumer,Germany,Paid Search,Electronics,ELE-012,2,527.28,EUR,20,14.51,False,Paid
OL-0000389,ORD-000235,18/06/2026,CUS-C-00328,Consumer,Spain,Organic,Office,OFF-033,1,34.84,EUR,10,3.72,False,Paid
OL-0000236,ORD-000146,05/05/2026,CUS-S-00071,Small Business,United States,Email,Home,HOM-020,3,65.16,USD,25,8.82,False,Paid
OL-0001078,ORD-000642,2026-05-06,CUS-C-00463,Consumer,Germany,Paid Search,Home,HOM-023,1,46.51,EUR,0,7.46,False,Paid
OL-0001985,ORD-001183,2026-01-23,CUS-S-00462,Small Business,United Kingdom,Email,Office,OFF-012,1,71.16,GBP,0,3.97,False,Paid
OL-0004364,ORD-002611,2026-05-11,CUS-C-00501,Consumer,France,Organic,Electronics,ELE-003,1,420.68,EUR,0,10.52,False,Paid
OL-0003963,ORD-002371,2026-01-15,CUS-S-00070,Small Business,Spain,Email,Office,OFF-001,2,55.78,EUR,0,5.01,False,Paid
OL-0000771,ORD-000461,2026-06-25,CUS-S-00500,Small Business,France,Email,Home,HOM-037,3,137.22,EUR,0,8.67,False,Paid
OL-0002166,ORD-001294,17/06/2026,CUS-B-00237,Corporate,Spain,Organic,Office,OFF-030,33,64.84,EUR,0,4.2,False,Paid
OL-0004534,ORD-002707,26/05/2026,CUS-C-00518,Consumer,France,Paid Search,Home,HOM-011,1,89.42,EUR,0,8.85,False,Paid
OL-0000674,ORD-000408,15/06/2026,CUS-C-00584,Consumer,Germany,Organic,Home,HOM-024,3,82.1,EUR,25,7.01,False,Paid
OL-0000250,ORD-000156,2026-02-15,CUS-C-00644,Consumer,France,Organic,Office,OFF-038,1,58.75,EUR,0,5.65,False,Paid
OL-0001575,ORD-000939,20/06/2026,CUS-B-00015,Corporate,Spain,Email,Office,OFF-019,5,15.21,EUR,0,4.03,False,Paid
OL-0003420,ORD-002037,2026-06-09,CUS-S-00455,Small Business,Germany,Social,Office,OFF-011,1,17.89,EUR,0,5.23,False,Paid
OL-0002082,ORD-001245,2026-01-06,CUS-B-00050,Corporate,Germany,Organic,Electronics,ELE-030,2,1096.13,EUR,20,16.49,False,Paid
OL-0001824,ORD-001085,15/03/2026,CUS-S-00383,Small Business,Germany,Paid Search,Electronics,ELE-015,1,182.05,EUR,10,15.23,False,Paid
OL-0005551,ORD-003324,2026-03-18,,Small Business,United Kingdom,Marketplace,Electronics,ELE-008,1,956.46,GBP,10,11.4,False,Paid
OL-0005739,ORD-003438,2026-06-13,CUS-C-00367,Consumer,Germany,Email,Home,HOM-024,1,83.9,EUR,0,7.18,False,Paid
OL-0004545,ORD-002714,12/04/2026,CUS-C-01492,Consumer,United States,Organic,Electronics,ELE-018,1,1236.26,USD,0,12.43,False,Pending
OL-0000717,ORD-000431,27/06/2026,CUS-C-01027,Consumer,Germany,Paid Search,Electronics,ELE-004,1,1071.43,EUR,0,13.05,False,Paid
OL-0005345,ORD-003194,2026-03-08,CUS-B-00201,Corporate,Germany,Organic,Office,OFF-005,1,52.41,EUR,0,4.39,False,Paid
OL-0005600,ORD-003357,2026-02-23,CUS-C-01486,Consumer,Spain,Paid Search,Home,HOM-017,1,51.16,EUR,15,9.16,False,Pending
OL-0002049,ORD-001223,05/05/2026,CUS-B-00104,Corporate,France,Paid Search,Home,HOM-040,1,301.54,EUR,15,9.83,False,Paid
OL-0004179,ORD-002499,2026-06-22,CUS-S-00174,Small Business,Spain,Organic,Office,OFF-015,3,65.19,EUR,0,5.2,False,Paid
OL-0004810,ORD-002879,2026-01-03,CUS-C-00190,Consumer,United Kingdom,Organic,Office,OFF-034,5,63.77,GBP,0,4.51,False,Pending
OL-0002725,ORD-001624,26/05/2026,CUS-S-00386,Small Business,United Kingdom,Marketplace,Office,OFF-035,-1,29.04,GBP,0,3.24,True,Refunded
OL-0005421,ORD-003242,13/04/2026,CUS-C-01137,Consumer,France,Organic,Office,OFF-023,2,57.78,EUR,0,5.57,False,Paid
OL-0001461,ORD-000873,2026-06-21,CUS-C-00979,Consumer,Germany,Social,Home,HOM-016,2,285.2,EUR,0,8.39,False,Paid
OL-0001669,ORD-000997,2026-01-22,CUS-C-01434,Consumer,United Kingdom,Email,Office,OFF-033,3,28.06,GBP,0,4.52,False,Paid
OL-0002757,ORD-001644,2026-06-13,CUS-S-00517,Small Business,United States,Paid Search,Office,OFF-010,7,13.17,USD,10,6.12,False,Paid
OL-0002001,ORD-001193,2026-05-24,CUS-C-00335,Consumer,France,Paid Search,Home,HOM-004,1,55.0,EUR,0,7.7,False,Paid
OL-0004572,ORD-002730,2026-04-26,CUS-C-00697,Consumer,France,Organic,Electronics,ELE-011,1,1239.84,EUR,0,10.88,False,Paid
OL-0004614,ORD-002757,2026-03-26,CUS-S-00050,Small Business,France,Email,Home,HOM-026,1,198.6,EUR,0,8.49,False,Paid
OL-0000405,ORD-000246,2026-06-23,CUS-S-00168,Small Business,United Kingdom,Social,Home,HOM-007,1,115.22,GBP,15,7.53,False,Paid
OL-0000385,ORD-000234,2026-01-28,,Consumer,Germany,Paid Search,Home,HOM-023,1,45.67,EUR,5,10.14,False,Paid
OL-0005386,ORD-003219,02/06/2026,CUS-B-00027,Corporate,Germany,Paid Search,Office,OFF-016,2,9.57,EUR,0,4.39,False,Paid
OL-0002153,ORD-001286,13/05/2026,CUS-C-00292,Consumer,Germany,Paid Search,Electronics,ELE-040,-1,324.59,EUR,20,16.53,True,Refunded
OL-0001634,ORD-000976,2026-05-05,CUS-C-00662,Consumer,Germany,Email,Electronics,ELE-002,1,381.14,EUR,0,11.76,False,Paid
OL-0005495,ORD-003288,2026-04-27,,Corporate,United States,Marketplace,Home,HOM-017,1,53.4,USD,20,10.0,False,Paid
OL-0004785,ORD-002859,2026-04-30,CUS-S-00546,Small Business,Germany,Paid Search,Home,HOM-022,1,68.36,EUR,10,8.92,False,Paid
OL-0003926,ORD-002348,2026-06-17,CUS-C-00911,Consumer,Spain,Organic,Office,OFF-030,4,65.26,EUR,0,4.68,False,Paid
OL-0004159,ORD-002489,2026-06-03,CUS-B-00015,Corporate,United States,Organic,Home,HOM-005,2,295.74,USD,0,8.51,False,Paid
OL-0004949,ORD-002960,2026-01-03,CUS-S-00565,Small Business,France,Paid Search,Home,HOM-011,1,90.53,EUR,25,10.04,False,Paid
OL-0000224,ORD-000138,2026-05-23,CUS-C-01261,Consumer,United Kingdom,Paid Search,Electronics,ELE-006,1,195.6,GBP,15,9.77,False,Paid
OL-0002194,ORD-001312,2026-05-15,CUS-C-00563,Consumer,Germany,Organic,Home,HOM-010,2,153.44,EUR,0,10.25,False,Paid
OL-0003137,ORD-001866,2026-06-17,,Small Business,United Kingdom,Paid Search,Home,HOM-023,1,40.94,GBP,0,6.16,False,Paid
OL-0004470,ORD-002670,2026-06-06,CUS-C-00734,Consumer,France,Social,Home,HOM-021,2,134.57,EUR,25,10.43,False,Paid
OL-0001825,ORD-001085,15/03/2026,CUS-S-00383,Small Business,Germany,Paid Search,Office,OFF-014,1,27.79,EUR,0,5.9,False,Paid
OL-0005510,ORD-003297,2026-05-12,CUS-S-00356,Small Business,Spain,Paid Search,Home,HOM-034,1,325.58,EUR,20,6.51,False,Paid
OL-0005125,ORD-003066,27/02/2026,CUS-S-00504,Small Business,France,Organic,Office,OFF-016,4,9.42,EUR,0,4.84,False,Paid
OL-0004973,ORD-002974,2026-05-24,CUS-C-01016,Consumer,Spain,Paid Search,Electronics,ELE-017,1,823.38,EUR,10,15.15,False,Paid
OL-0000798,ORD-000479,2026-05-28,CUS-C-00057,Consumer,Germany,Email,Electronics,ELE-015,2,180.5,EUR,15,10.74,False,Paid
OL-0002872,ORD-001709,31/01/2026,CUS-C-00179,Consumer,United Kingdom,Paid Search,Electronics,ELE-019,1,211.39,GBP,15,11.66,False,Paid
OL-0000010,ORD-000006,2026-05-27,,Consumer,France,Social,Home,HOM-020,1,57.71,EUR,0,6.89,False,Paid
OL-0001945,ORD-001154,2026-02-26,CUS-C-01132,Consumer,France,Paid Search,Home,HOM-013,1,103.67,EUR,5,8.33,False,Paid
OL-0001839,ORD-001095,08/01/2026,CUS-C-01470,Consumer,Spain,Social,Home,HOM-036,1,140.71,EUR,10,9.59,False,Paid
OL-0004805,ORD-002874,2026-02-19,,Consumer,Germany,Paid Search,Office,OFF-038,5,58.41,EUR,0,4.13,False,Paid
OL-0000256,ORD-000159,2026-06-11,,Consumer,France,Paid Search,Office,OFF-032,2,58.05,EUR,0,4.82,False,Paid
OL-0004486,ORD-002681,2026-03-05,CUS-C-01332,Consumer,Spain,Paid Search,Electronics,ELE-001,1,587.33,EUR,5,10.29,False,Paid
OL-0005403,ORD-003230,2026-01-11,CUS-S-00199,Small Business,United Kingdom,Paid Search,Home,HOM-005,1,219.93,GBP,15,8.6,False,Paid
OL-0001582,ORD-000943,2026-06-30,CUS-B-00089,Corporate,France,Email,Home,HOM-038,2,94.26,EUR,5,8.08,False,Paid
OL-0002957,ORD-001758,10/03/2026,CUS-C-00967,Consumer,France,Organic,Electronics,ELE-036,1,1157.97,EUR,10,15.48,False,Paid
OL-0000925,ORD-000559,2026-02-12,CUS-C-00921,Consumer,Germany,Paid Search,Electronics,ELE-002,1,392.68,EUR,10,15.23,False,Paid
OL-0005548,ORD-003322,2026-05-21,CUS-C-00742,Consumer,United States,Social,Office,OFF-013,4,55.01,USD,20,5.61,False,Pending
OL-0002509,ORD-001494,15/06/2026,CUS-C-01408,Consumer,United Kingdom,Paid Search,Home,HOM-001,2,228.8,GBP,20,5.49,False,Paid
OL-0005025,ORD-003006,2026-04-04,CUS-S-00402,Small Business,Spain,Organic,Office,OFF-030,5,67.29,EUR,0,5.94,False,Paid
OL-0003776,ORD-002257,2026-06-18,CUS-S-00303,Small Business,United Kingdom,Organic,Office,OFF-021,1,24.97,GBP,0,4.67,False,Paid
OL-0004836,ORD-002895,17/02/2026,CUS-C-01193,Consumer,Spain,Email,Office,OFF-014,2,27.76,EUR,0,5.06,False,Paid
OL-0004137,ORD-002473,2026-02-23,CUS-S-00178,Small Business,Spain,Social,Home,HOM-027,3,114.73,EUR,0,8.9,False,Paid
OL-0004965,ORD-002969,2026-01-08,CUS-B-00088,Corporate,Spain,Marketplace,Home,HOM-035,2,203.4,EUR,0,9.2,False,Paid
OL-0002780,ORD-001659,2026-01-01,CUS-C-01490,Consumer,Germany,Paid Search,Home,HOM-017,2,49.85,EUR,15,10.78,False,Paid
OL-0000540,ORD-000333,03/06/2026,,Consumer,Spain,Marketplace,Home,HOM-038,2,93.29,EUR,20,10.16,False,Paid
OL-0002746,ORD-001637,2026-01-25,CUS-C-00665,Consumer,Germany,Paid Search,Home,HOM-028,2,338.27,EUR,0,8.46,False,Paid
OL-0005392,ORD-003223,2026-03-15,CUS-C-00756,Consumer,Spain,Organic,Office,OFF-003,3,11.14,EUR,0,3.6,False,Paid
OL-0005477,ORD-003275,2026-02-01,CUS-C-00453,Consumer,France,Paid Search,Home,HOM-015,-2,135.4,EUR,25,8.95,True,Refunded
OL-0001146,ORD-000683,2026-06-25,CUS-C-01179,Consumer,Spain,Paid Search,Office,OFF-038,2,58.01,EUR,0,5.42,False,Paid
OL-0005128,ORD-003069,2026-03-19,CUS-C-01267,Consumer,France,Email,Home,HOM-024,1,80.24,EUR,15,8.66,False,Pending
OL-0004469,ORD-002669,2026-05-02,,Small Business,Germany,Social,Office,OFF-033,-5,33.88,EUR,0,3.95,True,Refunded
OL-0000668,ORD-000405,25/01/2026,CUS-C-01133,Consumer,France,Paid Search,Electronics,ELE-003,1,440.21,EUR,0,11.36,False,Pending
OL-0003020,ORD-001795,2026-05-10,CUS-S-00468,Small Business,United States,Email,Home,HOM-004,1,61.9,USD,10,10.44,False,Paid
OL-0000358,ORD-000219,2026-04-09,CUS-C-01435,Consumer,France,Paid Search,Office,OFF-021,1,29.62,EUR,0,5.44,False,Paid
OL-0005064,ORD-003031,2026-06-08,CUS-C-00214,Consumer,Spain,Paid Search,Home,HOM-031,1,74.6,EUR,0,8.69,False,Paid
OL-0002832,ORD-001689,10/01/2026,CUS-C-00678,Consumer,France,Paid Search,Home,HOM-014,1,191.16,EUR,20,9.44,False,Paid
OL-0002784,ORD-001662,2026-05-31,CUS-S-00147,Small Business,Germany,Paid Search,Office,OFF-039,4,20.13,EUR,0,3.82,False,Paid
OL-0001354,ORD-000813,2026-02-18,CUS-C-01157,Consumer,Spain,Paid Search,Office,OFF-027,1,53.17,EUR,0,5.16,False,Paid
OL-0005132,ORD-003072,2026-02-24,CUS-S-00566,Small Business,France,Social,Electronics,ELE-034,1,463.8,EUR,25,11.93,False,Paid
OL-0000471,ORD-000291,23/02/2026,CUS-C-01097,Consumer,Spain,Paid Search,Office,OFF-028,3,26.88,EUR,0,3.69,False,Pending
OL-0002704,ORD-001612,2026-06-12,CUS-C-01066,Consumer,Spain,Social,Home,HOM-010,3,144.15,EUR,0,7.0,False,Paid
OL-0003331,ORD-001979,2026-03-18,CUS-C-00057,Consumer,France,Organic,Home,HOM-032,1,231.27,EUR,0,9.79,False,Paid
OL-0003638,ORD-002173,07/03/2026,CUS-C-00564,Consumer,France,Paid Search,Office,OFF-020,1,46.39,EUR,0,4.33,False,Paid
OL-0001397,ORD-000837,2026-02-06,CUS-B-00111,Corporate,Spain,Paid Search,Electronics,ELE-034,2,450.32,EUR,15,11.34,False,Paid
OL-0003585,ORD-002140,2026-05-23,CUS-C-00153,Consumer,Spain,Paid Search,Home,HOM-019,1,65.91,EUR,0,10.68,False,Paid
OL-0005380,ORD-003214,07/05/2026,,Consumer,Spain,Marketplace,Home,HOM-036,1,143.5,EUR,10,10.63,False,Paid
OL-0005263,ORD-003147,2026-01-23,CUS-C-00249,Consumer,United Kingdom,Organic,Office,OFF-013,4,44.36,GBP,0,3.66,False,Paid
OL-0003377,ORD-002004,2026-03-21,CUS-C-00814,Consumer,Spain,Paid Search,Electronics,ELE-027,1,643.15,EUR,15,14.6,False,Pending
OL-0001257,ORD-000755,18/06/2026,CUS-C-01276,Consumer,United Kingdom,Paid Search,Electronics,ELE-028,1,164.14,GBP,15,11.6,False,Paid
OL-0003513,ORD-002093,2026-04-29,CUS-C-00989,Consumer,United Kingdom,Social,Home,HOM-015,1,119.59,GBP,10,5.82,False,Paid
OL-0001251,ORD-000750,2026-04-23,CUS-B-00129,Corporate,France,Social,Electronics,ELE-002,1,408.68,EUR,0,12.89,False,Paid
OL-0005763,ORD-003454,29/05/2026,CUS-C-00023,Consumer,France,Organic,Electronics,ELE-015,1,183.8,EUR,15,16.47,False,Paid
OL-0004299,ORD-002572,2026-05-20,CUS-C-01168,Consumer,Spain,Paid Search,Electronics,ELE-020,1,464.28,EUR,10,16.78,False,Paid
OL-0003285,ORD-001955,10/06/2026,CUS-S-00127,Small Business,France,Marketplace,Office,OFF-018,1,11.53,EUR,0,4.39,False,Paid
OL-0002934,ORD-001744,2026-03-23,CUS-C-00544,Consumer,France,Email,Home,HOM-034,2,350.15,EUR,20,9.77,False,Paid
OL-0004176,ORD-002497,24/05/2026,CUS-C-01276,Consumer,United Kingdom,Marketplace,Home,HOM-031,1,67.33,GBP,0,7.47,False,Paid
OL-0005269,ORD-003149,14/03/2026,CUS-C-00914,Consumer,United Kingdom,Organic,Home,HOM-009,1,110.78,GBP,0,6.65,False,Paid
OL-0004911,ORD-002936,2026-05-10,CUS-S-00507,Small Business,Germany,Organic,Home,HOM-017,-1,49.61,EUR,10,9.07,True,Refunded
OL-0001853,ORD-001104,2026-04-27,CUS-C-00356,Consumer,United Kingdom,Social,Office,OFF-012,1,69.01,GBP,0,4.47,False,Paid
OL-0005613,ORD-003366,2026-03-23,CUS-B-00126,Corporate,Germany,Email,Home,HOM-031,1,79.78,EUR,0,6.85,False,Paid
OL-0002875,ORD-001711,29/06/2026,CUS-S-00596,Small Business,Germany,Organic,Electronics,ELE-001,3,571.96,EUR,0,12.06,False,Paid
OL-0002106,ORD-001259,02/02/2026,,Consumer,France,Paid Search,Home,HOM-016,1,286.74,EUR,0,9.53,False,Paid
OL-0000134,ORD-000081,18/02/2026,CUS-C-00514,Consumer,United Kingdom,Paid Search,Electronics,ELE-010,1,1044.91,GBP,10,13.8,False,Paid
OL-0005237,ORD-003132,2026-03-01,CUS-S-00465,Small Business,United Kingdom,Paid Search,Home,HOM-017,1,44.28,GBP,0,6.06,False,Paid
OL-0005030,ORD-003010,2026-06-17,CUS-C-00967,Consumer,France,Email,Home,HOM-019,1,66.67,EUR,10,9.16,False,Paid
OL-0000929,ORD-000562,2026-03-18,,Consumer,France,Social,Office,OFF-006,2,28.73,EUR,0,5.37,False,Paid
OL-0000824,ORD-000498,2026-05-11,CUS-S-00488,Small Business,France,Marketplace,Office,OFF-024,2,16.36,EUR,0,4.15,False,Paid
OL-0005447,ORD-003257,2026-06-08,CUS-C-00902,Consumer,France,Social,Electronics,ELE-035,1,433.98,EUR,15,16.58,False,Paid
OL-0001532,ORD-000915,2026-05-03,,Consumer,United Kingdom,Organic,Home,HOM-037,1,115.3,GBP,10,6.77,False,Paid
OL-0001215,ORD-000722,18/06/2026,CUS-C-01088,Consumer,France,Social,Home,HOM-002,2,194.75,EUR,0,6.78,False,Paid
OL-0000505,ORD-000309,2026-05-21,CUS-S-00095,Small Business,Spain,Organic,Electronics,ELE-009,1,219.06,EUR,0,11.25,False,Paid
OL-0004286,ORD-002565,2026-05-05,,Corporate,Germany,Social,Office,OFF-010,1,12.19,EUR,0,3.8,False,Paid
OL-0001997,ORD-001190,2026-06-22,CUS-C-00493,Consumer,France,Paid Search,Office,OFF-003,2,10.33,EUR,0,3.91,False,Paid
OL-0003073,ORD-001829,2026-05-21,CUS-C-01494,Consumer,Germany,Social,Home,HOM-015,2,133.28,EUR,0,6.77,False,Paid
OL-0001959,ORD-001165,2026-04-22,CUS-C-00267,Consumer,United Kingdom,Paid Search,Home,HOM-019,1,54.55,GBP,0,7.81,False,Paid
OL-0001385,ORD-000831,2026-05-02,CUS-C-01350,Consumer,United States,Paid Search,Office,OFF-033,7,37.32,USD,0,6.12,False,Paid
OL-0000895,ORD-000541,23/04/2026,CUS-C-01382,Consumer,Spain,Social,Electronics,ELE-037,1,280.6,EUR,15,15.84,False,Paid
OL-0004925,ORD-002946,19/03/2026,CUS-C-00096,Consumer,Germany,Social,office,OFF-038,1,59.43,EUR,15,4.9,False,Paid
OL-0000456,ORD-000280,2026-03-10,CUS-C-01175,Consumer,United Kingdom,Paid Search,Home,HOM-014,1,171.0,GBP,15,7.05,False,Paid
OL-0005559,ORD-003328,2026-04-05,,Corporate,France,Social,Electronics,ELE-018,1,1124.29,EUR,0,10.18,False,Paid
OL-0003710,ORD-002214,2026-06-03,,Corporate,France,Marketplace,Home,HOM-036,2,143.35,EUR,0,9.22,False,Paid
OL-0005534,ORD-003312,2026-05-01,CUS-B-00092,Corporate,France,Paid Search,Office,OFF-018,1,11.52,EUR,0,5.83,False,Paid
OL-0004850,ORD-002903,2026-04-28,CUS-C-01025,Consumer,United States,Organic,Home,HOM-006,1,90.59,USD,15,7.13,False,Paid
OL-0004749,ORD-002834,2026-06-02,CUS-B-00009,Corporate,Spain,Paid Search,Office,OFF-034,2,76.04,EUR,0,4.82,False,Paid
OL-0004269,ORD-002554,2026-02-03,CUS-S-00218,Small Business,Germany,Social,Electronics,ELE-002,1,388.66,EUR,15,10.67,False,Paid
OL-0003523,ORD-002101,2026-02-08,CUS-S-00103,Small Business,Spain,Social,Home,HOM-018,1,47.61,EUR,0,9.21,False,Paid
OL-0004135,ORD-002472,10/02/2026,CUS-C-01015,Consumer,France,Social,Electronics,ELE-021,1,463.49,EUR,5,13.31,False,Paid
OL-0003603,ORD-002149,21/03/2026,CUS-S-00043,Small Business,France,Social,Office,OFF-038,1,61.65,EUR,0,3.96,False,Paid
OL-0000714,ORD-000430,2026-05-14,CUS-C-00687,Consumer,Germany,Email,Electronics,ELE-014,1,186.05,EUR,20,13.97,False,Paid
OL-0004187,ORD-002503,15/06/2026,CUS-C-01267,Consumer,United States,Organic,Home,HOM-003,1,176.74,USD,20,9.08,False,Paid
OL-0002215,ORD-001324,2026-06-03,,Consumer,Spain,Social,Home,HOM-021,2,130.63,EUR,15,10.73,False,Paid
OL-0005302,ORD-003170,2026-04-03,CUS-S-00332,Small Business,Germany,Paid Search,Home,HOM-001,1,264.64,EUR,15,7.24,False,Paid
OL-0002924,ORD-001738,07/06/2026,CUS-C-00154,Consumer,France,Organic,Home,HOM-021,2,129.88,EUR,0,9.46,False,Paid
OL-0001811,ORD-001080,2026-02-19,CUS-S-00367,Small Business,Spain,Organic,Office,OFF-023,1,55.66,EUR,25,4.73,False,Paid
OL-0003487,ORD-002076,11/05/2026,CUS-C-01372,Consumer,Germany,Paid Search,Electronics,ELE-014,1,175.8,EUR,20,14.6,False,Paid
OL-0003142,ORD-001867,2026-04-29,CUS-C-01481,Consumer,Spain,Paid Search,Home,HOM-039,1,48.59,EUR,10,7.55,False,Paid
OL-0001828,ORD-001087,2026-03-13,CUS-S-00391,Small Business,France,Paid Search,Office,OFF-015,5,66.54,EUR,0,5.74,False,Paid
OL-0001156,ORD-000689,24/03/2026,CUS-C-00994,Consumer,United Kingdom,Organic,Office,OFF-028,5,22.18,GBP,0,5.06,False,Paid
OL-0001325,ORD-000797,2026-04-17,CUS-B-00223,Corporate,Spain,Paid Search,Electronics,ELE-034,2,447.54,EUR,15,12.43,False,Paid
OL-0004313,ORD-002580,2026-04-02,,Consumer,United Kingdom,Social,Office,OFF-023,5,48.74,GBP,0,4.63,False,Paid
OL-0000511,ORD-000315,2026-03-29,CUS-S-00036,Small Business,France,Paid Search,Home,HOM-021,1,130.48,EUR,0,6.4,False,Paid
OL-0001681,ORD-001005,01/05/2026,CUS-S-00369,Small Business,Germany,Social,Home,HOM-008,1,71.71,EUR,15,9.5,False,Paid
OL-0000500,ORD-000305,22/02/2026,CUS-C-00633,Consumer,France,Organic,Electronics,ELE-020,1,487.57,EUR,10,13.61,False,Paid
OL-0005438,ORD-003251,06/03/2026,CUS-S-00195,Small Business,France,Marketplace,Electronics,ELE-003,1,436.47,EUR,20,10.35,False,Paid
OL-0001857,ORD-001106,2026-06-30,CUS-C-00859,Consumer,Germany,Organic,Office,OFF-039,2,20.16,EUR,0,4.02,False,Paid
OL-0001389,ORD-000833,2026-04-24,CUS-C-00867,Consumer,United Kingdom,Email,Office,OFF-022,1,20.07,GBP,0,3.21,False,Paid
OL-0003720,ORD-002219,2026-04-05,CUS-C-01043,Consumer,Spain,Organic,Home,HOM-008,1,72.18,EUR,0,9.42,False,Paid
OL-0002387,ORD-001419,2026-06-03,CUS-S-00168,Small Business,Spain,Email,Electronics,ELE-018,1,1170.27,EUR,0,14.37,False,Paid
OL-0003237,ORD-001928,2026-01-19,CUS-C-00010,Consumer,France,Paid Search,Home,HOM-032,1,230.72,EUR,25,7.11,False,Paid
OL-0001541,ORD-000918,2026-06-12,CUS-S-00587,Small Business,France,Organic,Home,HOM-038,1,90.46,EUR,10,6.74,False,Paid
OL-0001218,ORD-000724,2026-03-27,CUS-S-00564,Small Business,France,Organic,Electronics,ELE-013,1,350.77,EUR,15,11.72,False,Paid
OL-0002682,ORD-001598,20/05/2026,CUS-S-00504,Small Business,France,Social,Electronics,ELE-035,1,439.76,EUR,15,13.79,False,Paid
OL-0002994,ORD-001778,2026-06-08,,Consumer,United Kingdom,Marketplace,Electronics,ELE-029,2,935.0,GBP,5,11.93,False,Paid
OL-0001192,ORD-000711,2026-01-22,CUS-C-01211,Consumer,France,Email,Home,HOM-015,1,135.64,EUR,20,6.61,False,Paid
OL-0005294,ORD-003164,2026-05-02,CUS-C-00910,Consumer,Germany,Social,Home,HOM-035,2,193.89,EUR,10,10.23,False,Pending
OL-0001543,ORD-000920,14/05/2026,CUS-B-00118,Corporate,Spain,Paid Search,Office,OFF-029,3,89.75,EUR,0,4.3,False,Paid
OL-0003302,ORD-001962,2026-01-20,CUS-B-00212,Corporate,Germany,Organic,Home,HOM-038,1,97.65,EUR,0,7.13,False,Paid
OL-0003325,ORD-001976,2026-02-06,,Small Business,France,Marketplace,Office,OFF-007,2,41.23,EUR,0,5.14,False,Paid
OL-0002540,ORD-001512,2026-04-09,CUS-C-00948,Consumer,Germany,Paid Search,Electronics,ELE-003,1,417.15,EUR,15,11.1,False,Paid
OL-0000954,ORD-000576,09/02/2026,CUS-C-00143,Consumer,Spain,Social,Office,OFF-030,7,66.21,EUR,0,4.6,False,Paid
OL-0004847,ORD-002902,2026-02-08,CUS-C-01026,Consumer,France,Organic,Office,OFF-011,4,18.36,EUR,0,4.27,False,Paid
OL-0004331,ORD-002592,2026-02-21,CUS-S-00573,Small Business,Germany,Organic,Electronics,ELE-007,1,504.49,EUR,5,15.6,False,Paid
OL-0000733,ORD-000441,2026-06-12,CUS-C-00283,Consumer,Spain,Organic,Office,OFF-011,4,17.55,EUR,25,5.97,False,Paid
OL-0005425,ORD-003244,29/05/2026,CUS-C-00121,Consumer,Spain,Paid Search,Home,HOM-038,1,95.35,EUR,0,8.95,False,Paid
OL-0001157,ORD-000689,24/03/2026,CUS-C-00994,Consumer,United Kingdom,Organic,Electronics,ELE-040,1,277.44,GBP,15,8.64,False,Paid
OL-0005558,ORD-003327,2026-06-04,CUS-S-00414,Small Business,Germany,Email,Office,OFF-019,3,14.39,EUR,0,3.79,False,Paid
OL-0003295,ORD-001959,2026-04-03,CUS-S-00166,Small Business,United States,Marketplace,Electronics,ELE-030,1,1247.16,USD,0,16.57,False,Paid
OL-0002983,ORD-001772,2026-06-11,CUS-S-00401,Small Business,Germany,Social,Office,OFF-017,1,9.69,EUR,0,5.02,False,Paid
OL-0005306,ORD-003171,23/03/2026,,Consumer,Spain,Marketplace,Home,HOM-040,3,306.15,EUR,0,10.18,False,Paid
OL-0005162,ORD-003088,2026-04-21,CUS-B-00102,Corporate,Spain,Email,Electronics,ELE-008,2,1194.17,EUR,0,12.63,False,Paid
OL-0002157,ORD-001288,21/02/2026,CUS-C-00430,Consumer,Germany,Marketplace,Office,OFF-024,-6,17.98,EUR,0,5.91,True,Refunded
OL-0001063,ORD-000634,08/04/2026,CUS-B-00227,Corporate,Germany,Organic,Electronics,ELE-006,1,221.97,EUR,20,12.28,False,Paid
OL-0002617,ORD-001562,2026-01-30,CUS-B-00249,Corporate,United Kingdom,Organic,Office,OFF-012,2,74.23,GBP,10,4.9,False,Paid
OL-0001168,ORD-000696,17/03/2026,CUS-C-00293,Consumer,France,Email,Electronics,ELE-015,1,184.7,EUR,10,10.15,False,Paid
OL-0003223,ORD-001918,2026-01-17,CUS-C-01024,Consumer,France,Organic,Electronics,ELE-004,1,1095.26,EUR,15,12.95,False,Paid
OL-0003637,ORD-002172,2026-04-17,CUS-S-00120,Small Business,United Kingdom,Email,Office,OFF-012,2,73.07,GBP,0,4.38,False,Paid
OL-0002939,ORD-001747,2026-01-21,CUS-C-01098,Consumer,Germany,Paid Search,Office,OFF-013,2,49.36,EUR,0,3.71,False,Paid
OL-0004492,ORD-002684,2026-01-30,CUS-S-00519,Small Business,Spain,Organic,Electronics,ELE-027,1,651.83,EUR,20,14.19,False,Paid
OL-0003141,ORD-001867,2026-04-29,CUS-C-01481,Consumer,Spain,Paid Search,Home,HOM-038,1,97.58,EUR,0,7.69,False,Paid
OL-0004981,ORD-002979,2026-05-11,CUS-C-00026,Consumer,Spain,Paid Search,Office,OFF-027,1,54.54,EUR,0,6.04,False,Paid
OL-0000144,ORD-000089,28/05/2026,CUS-C-01148,Consumer,Germany,Social,Office,OFF-004,1,17.34,EUR,0,5.47,False,Pending
OL-0003578,ORD-002137,29/03/2026,CUS-S-00430,Small Business,Spain,Social,Office,OFF-027,3,53.66,EUR,0,4.39,False,Paid
OL-0004947,ORD-002959,2026-02-10,CUS-C-00950,Consumer,France,Marketplace,Electronics,ELE-009,1,226.6,EUR,15,16.8,False,Paid
OL-0002783,ORD-001662,2026-05-31,CUS-S-00147,Small Business,Germany,Paid Search,Electronics,ELE-027,1,633.03,EUR,0,12.86,False,Paid
OL-0000718,ORD-000432,21/06/2026,CUS-C-00456,Consumer,Spain,Organic,Electronics,ELE-037,-1,282.24,EUR,25,14.18,True,Refunded
OL-0001820,ORD-001084,03/05/2026,CUS-S-00075,Small Business,Spain,Organic,Electronics,ELE-025,-1,436.57,EUR,5,16.87,True,Refunded
OL-0002503,ORD-001490,2026-05-19,CUS-S-00558,Small Business,Germany,Paid Search,Electronics,ELE-021,1,484.57,EUR,15,15.54,False,Paid
OL-0004361,ORD-002609,28/04/2026,CUS-S-00012,Small Business,United States,Email,Office,OFF-009,1,86.36,USD,0,4.89,False,Paid
OL-0004172,ORD-002495,2026-02-22,CUS-C-00840,Consumer,Germany,Organic,Office,OFF-025,2,10.04,EUR,10,4.99,False,Paid
OL-0000396,ORD-000240,11/03/2026,CUS-S-00357,Small Business,United Kingdom,Social,Office,OFF-019,7,12.63,GBP,20,3.09,False,Paid
OL-0005798,ORD-003473,2026-03-08,,Consumer,Germany,Email,Electronics,ELE-031,-1,221.38,EUR,20,16.8,True,Refunded
OL-0004493,ORD-002685,2026-05-14,CUS-C-00686,Consumer,United States,Organic,Office,OFF-004,2,18.58,USD,15,6.11,False,Paid
OL-0001366,ORD-000819,09/06/2026,CUS-S-00539,Small Business,France,Organic,Home,HOM-022,2,70.15,EUR,15,7.88,False,Paid
OL-0002877,ORD-001712,19/04/2026,CUS-B-00174,Corporate,Germany,Social,Electronics,ELE-029,1,1152.59,EUR,15,16.1,False,Paid
OL-0000596,ORD-000364,20/06/2026,CUS-B-00250,Corporate,Germany,Organic,Home,HOM-001,1,274.11,EUR,0,9.81,False,Paid
OL-0003953,ORD-002364,13/04/2026,CUS-S-00039,Small Business,United Kingdom,Organic,Electronics,ELE-023,1,442.42,GBP,20,9.5,False,Paid
OL-0005393,ORD-003224,2026-04-15,CUS-B-00155,Corporate,France,Organic,Home,HOM-009,3,133.56,EUR,25,10.14,False,Paid
OL-0004969,ORD-002972,2026-05-23,CUS-S-00057,Small Business,Spain,Marketplace,Office,OFF-034,1,75.82,EUR,0,3.72,False,Paid
OL-0002915,ORD-001734,2026-06-17,CUS-C-00499,Consumer,France,Organic,Home,HOM-005,1,267.85,EUR,0,6.64,False,Paid
OL-0002327,ORD-001389,2026-01-27,CUS-C-00469,Consumer,Germany,Email,Office,OFF-005,4,52.28,EUR,15,5.12,False,Paid
OL-0003767,ORD-002253,25/04/2026,,Consumer,United Kingdom,Social,Electronics,ELE-027,2,580.91,GBP,0,9.24,False,Paid
OL-0003441,ORD-002049,11/05/2026,CUS-C-00085,Consumer,United Kingdom,Social,Home,HOM-038,2,82.52,GBP,5,5.53,False,Paid
OL-0003852,ORD-002300,2026-05-24,CUS-S-00468,Small Business,Spain,Paid Search,Electronics,ELE-034,1,424.26,EUR,20,14.59,False,Paid
OL-0004133,ORD-002471,07/02/2026,CUS-S-00568,Small Business,Spain,Organic,Office,OFF-020,4,45.77,EUR,0,5.59,False,Paid
OL-0005500,ORD-003292,2026-05-25,CUS-C-01013,Consumer,Spain,Social,Office,OFF-015,4,64.28,EUR,0,4.33,False,Paid
OL-0002144,ORD-001280,2026-04-29,CUS-C-00947,Consumer,France,Email,Home,HOM-026,2,193.57,EUR,0,9.16,False,Paid
OL-0005823,ORD-003485,27/06/2026,CUS-C-00182,Consumer,United Kingdom,Social,Office,OFF-016,5,8.5,GBP,0,4.46,False,Paid
OL-0005074,ORD-003036,12/04/2026,CUS-B-00235,Corporate,Germany,Paid Search,Home,HOM-017,1,50.94,EUR,0,9.14,False,Paid
OL-0001572,ORD-000937,2026-01-02,,Consumer,Spain,Marketplace,Home,HOM-020,3,58.03,EUR,0,8.95,False,Paid
OL-0004080,ORD-002439,2026-02-01,CUS-C-00513,Consumer,Spain,Organic,Office,OFF-018,2,11.53,EUR,0,6.02,False,Paid
OL-0001123,ORD-000668,01/02/2026,CUS-C-01021,Consumer,Germany,Paid Search,Electronics,ELE-025,1,418.71,EUR,15,13.91,False,Pending
OL-0002787,ORD-001664,2026-01-16,CUS-C-00897,Consumer,France,Email,Electronics,ELE-034,1,453.3,EUR,20,13.12,False,Paid
OL-0002968,ORD-001763,2026-03-07,CUS-S-00170,Small Business,France,Email,Office,OFF-026,2,21.33,EUR,0,4.24,False,Paid
OL-0002505,ORD-001492,07/06/2026,CUS-S-00026,Small Business,France,Paid Search,Office,OFF-004,2,16.73,EUR,10,3.61,False,Paid
OL-0003466,ORD-002064,2026-05-16,,Consumer,Germany,Social,Office,OFF-035,3,34.98,EUR,0,5.78,False,Paid
OL-0000676,ORD-000408,15/06/2026,CUS-C-00584,Consumer,Germany,Organic,electronics,ELE-014,1,174.87,EUR,20,14.64,False,Paid
OL-0002809,ORD-001675,2026-06-16,CUS-S-00261,Small Business,United States,Paid Search,Electronics,ELE-015,2,201.46,USD,10,15.64,False,Paid
OL-0003349,ORD-001989,2026-05-17,CUS-C-00733,Consumer,Spain,Social,Office,OFF-030,3,67.17,EUR,0,3.86,False,Paid
OL-0000729,ORD-000439,07/04/2026,,Small Business,France,Paid Search,Electronics,ELE-011,1,1199.77,EUR,10,10.28,False,Paid
OL-0000413,ORD-000251,2026-04-12,CUS-C-00275,Consumer,France,Social,Office,OFF-022,3,22.56,EUR,0,3.82,False,Paid
OL-0003147,ORD-001870,10/04/2026,CUS-C-01032,Consumer,United States,Organic,Home,HOM-011,1,101.18,USD,10,10.66,False,Paid
OL-0001517,ORD-000908,2026-01-24,CUS-B-00177,Corporate,Spain,Marketplace,Office,OFF-026,1,21.39,EUR,0,4.0,False,Paid
OL-0000826,ORD-000499,2026-03-24,CUS-C-01223,Consumer,Germany,Marketplace,Office,OFF-036,1,20.09,EUR,15,5.85,False,Paid
OL-0003268,ORD-001948,14/02/2026,CUS-S-00381,Small Business,Germany,Email,Electronics,ELE-031,1,209.68,EUR,15,16.22,False,Paid
OL-0003975,ORD-002380,2026-04-01,CUS-C-01360,Consumer,Germany,Paid Search,Office,OFF-030,4,66.18,EUR,0,3.8,False,Paid
OL-0000617,ORD-000377,2026-02-12,,Consumer,Spain,Paid Search,Electronics,ELE-030,1,1090.86,EUR,25,16.64,False,Paid
OL-0000115,ORD-000068,2026-06-20,CUS-B-00001,Corporate,Germany,Paid Search,Office,OFF-031,8,52.94,EUR,0,3.91,False,Paid
OL-0000418,ORD-000253,2026-03-25,CUS-S-00176,Small Business,United Kingdom,Email,Office,OFF-025,5,8.58,GBP,0,3.83,False,Paid
OL-0003070,ORD-001828,2026-02-08,CUS-C-01455,Consumer,Spain,Organic,Electronics,ELE-025,1,423.09,EUR,0,13.27,False,Paid
OL-0001626,ORD-000970,2026-03-14,CUS-C-00229,Consumer,Germany,Organic,Electronics,ELE-008,1,1099.29,EUR,10,14.17,False,Paid
OL-0005334,ORD-003187,2026-05-14,CUS-C-00759,Consumer,Germany,Organic,Electronics,ELE-017,1,841.28,EUR,0,15.52,False,Paid
OL-0004186,ORD-002503,15/06/2026,CUS-C-01267,Consumer,United States,Organic,Electronics,ELE-030,1,1247.42,USD,20,13.34,False,Paid
OL-0002897,ORD-001723,02/03/2026,CUS-S-00411,Small Business,France,Paid Search,Home,HOM-007,2,136.85,EUR,10,8.5,False,Paid
OL-0005603,ORD-003359,18/04/2026,CUS-C-00726,Consumer,Spain,Paid Search,Electronics,ELE-034,2,431.59,EUR,0,12.07,False,Paid
OL-0002083,ORD-001246,2026-05-01,CUS-S-00109,Small Business,United Kingdom,Paid Search,Electronics,ELE-029,2,972.13,GBP,0,9.85,False,Paid
OL-0000754,ORD-000452,2026-05-21,,Consumer,Spain,Marketplace,Electronics,ELE-030,3,1072.31,EUR,0,14.91,False,Paid
OL-0002547,ORD-001515,2026-01-21,CUS-B-00155,Corporate,France,Marketplace,Electronics,ELE-024,1,1102.43,EUR,20,13.84,False,Paid
OL-0003970,ORD-002377,2026-04-01,CUS-S-00467,Small Business,Spain,Organic,Office,OFF-023,1,57.96,EUR,0,5.16,False,Paid
OL-0003374,ORD-002003,2026-01-17,CUS-C-01112,Consumer,Germany,Email,Office,OFF-011,2,16.98,EUR,0,5.45,False,Paid
OL-0004108,ORD-002455,2026-05-15,CUS-C-00892,Consumer,Spain,Paid Search,Electronics,ELE-014,1,184.55,EUR,0,11.66,False,Pending
OL-0002445,ORD-001453,2026-01-19,CUS-C-00908,Consumer,Spain,Marketplace,Electronics,ELE-022,1,361.49,EUR,0,12.27,False,Paid
OL-0004381,ORD-002620,2026-04-22,CUS-C-00124,Consumer,United States,Email,Home,HOM-019,2,72.51,USD,0,8.51,False,Paid
OL-0001067,ORD-000637,2026-04-01,CUS-C-00464,Consumer,United Kingdom,Organic,Electronics,ELE-022,1,325.36,GBP,0,12.24,False,Paid
OL-0003914,ORD-002340,2026-06-15,CUS-C-01336,Consumer,France,Organic,Electronics,ELE-032,1,530.94,EUR,10,12.62,False,Paid
OL-0005288,ORD-003162,25/04/2026,CUS-S-00373,Small Business,France,Social,Office,OFF-004,4,16.79,EUR,0,5.31,False,Paid
OL-0005388,ORD-003221,2026-06-28,,Consumer,France,Social,Home,HOM-016,2,276.94,EUR,0,6.47,False,Paid
OL-0003499,ORD-002084,30/05/2026,CUS-B-00189,Corporate,United Kingdom,Social,Office,OFF-026,34,18.42,GBP,0,5.12,False,Paid
OL-0002739,ORD-001634,2026-03-10,CUS-C-00654,Consumer,Germany,Organic,Office,OFF-017,2,9.93,EUR,0,3.63,False,Paid
OL-0005053,ORD-003024,2026-06-21,CUS-C-00105,Consumer,Spain,Organic,Home,HOM-029,2,69.75,EUR,0,8.4,False,Paid
OL-0004001,ORD-002395,2026-04-23,CUS-S-00405,Small Business,Germany,Organic,Office,OFF-011,3,18.58,EUR,10,4.85,False,Paid
OL-0001569,ORD-000936,2026-01-01,CUS-S-00159,Small Business,France,Paid Search,Electronics,ELE-015,2,190.56,EUR,20,12.54,False,Pending
OL-0002428,ORD-001443,2026-04-27,CUS-C-01433,Consumer,Spain,Organic,Home,HOM-020,1,56.41,EUR,0,6.88,False,Paid
OL-0003747,ORD-002236,26/06/2026,CUS-C-01234,Consumer,France,Paid Search,Electronics,ELE-002,1,383.02,EUR,10,13.09,False,Paid
OL-0005562,ORD-003329,2026-06-20,CUS-C-00172,Consumer,Germany,Social,Electronics,ELE-014,1,180.08,EUR,20,16.47,False,Paid
OL-0001688,ORD-001009,2026-02-11,CUS-C-00670,Consumer,France,Paid Search,Home,HOM-024,1,83.23,EUR,20,7.83,False,Paid
OL-0000852,ORD-000515,2026-04-24,CUS-C-00377,Consumer,Spain,Marketplace,Home,HOM-004,1,56.87,EUR,10,7.22,False,Paid
OL-0003547,ORD-002114,2026-03-04,,Consumer,Germany,Marketplace,Home,HOM-037,1,140.82,EUR,20,10.14,False,Paid
OL-0000896,ORD-000541,23/04/2026,CUS-C-01382,Consumer,Spain,Social,Electronics,ELE-011,1,1251.02,EUR,0,13.17,False,Paid
OL-0004593,ORD-002745,2026-03-26,CUS-C-01277,Consumer,United Kingdom,Social,Electronics,ELE-029,1,999.5,GBP,10,11.32,False,Paid
OL-0000336,ORD-000204,2026-02-20,CUS-C-00277,Consumer,Germany,Social,Electronics,ELE-025,2,425.57,EUR,15,14.85,False,Paid
OL-0002840,ORD-001694,19/05/2026,,Small Business,Germany,Marketplace,Electronics,ELE-024,1,1057.06,EUR,10,16.7,False,Paid
OL-0003088,ORD-001840,28/01/2026,CUS-B-00122,Corporate,France,Organic,Office,OFF-016,5,9.22,EUR,0,5.29,False,Paid
OL-0004612,ORD-002757,2026-03-26,CUS-S-00050,Small Business,France,Email,Office,OFF-016,3,9.57,EUR,0,4.21,False,Paid
OL-0001349,ORD-000811,11/01/2026,CUS-C-00210,Consumer,Germany,Organic,Electronics,ELE-010,1,1180.92,EUR,5,12.84,False,Paid
OL-0001016,ORD-000610,2026-01-01,CUS-S-00301,Small Business,Germany,Paid Search,Home,HOM-006,1,83.52,EUR,20,8.31,False,Paid
OL-0002817,ORD-001679,2026-05-13,CUS-C-01050,Consumer,Spain,Paid Search,Office,OFF-004,2,16.92,EUR,0,4.9,False,Paid
OL-0001632,ORD-000974,2026-03-03,CUS-C-00170,Consumer,United Kingdom,Organic,Home,HOM-040,1,259.24,GBP,0,5.6,False,Paid
OL-0002490,ORD-001483,2026-03-09,CUS-C-00985,Consumer,France,Social,Electronics,ELE-008,1,1137.48,EUR,10,12.93,False,Paid
OL-0003731,ORD-002227,04/05/2026,CUS-C-01271,Consumer,United States,Organic,Office,OFF-005,1,57.36,USD,0,4.96,False,Paid
OL-0003252,ORD-001937,2026-01-25,CUS-C-00837,Consumer,United Kingdom,Organic,Home,HOM-028,1,277.38,GBP,15,5.78,False,Paid
OL-0005556,ORD-003326,2026-02-13,CUS-C-01078,Consumer,Germany,Organic,Office,OFF-019,3,15.07,EUR,0,6.0,False,Paid
OL-0002071,ORD-001236,18/06/2026,CUS-C-00203,Consumer,Spain,Organic,Electronics,ELE-007,1,472.89,EUR,10,12.8,False,Paid
OL-0004453,ORD-002659,2026-02-03,,Small Business,Spain,Social,Home,HOM-037,1,141.68,EUR,20,6.41,False,Paid
OL-0001349,ORD-000811,11/01/2026,CUS-C-00210,Consumer,Germany,Organic,Electronics,ELE-010,1,1180.92,EUR,5,12.84,False,Paid
OL-0005409,ORD-003236,13/06/2026,CUS-C-01020,Consumer,Germany,Organic,Home,HOM-015,-1,136.48,EUR,15,6.99,True,Refunded
OL-0001636,ORD-000977,2026-03-30,CUS-C-01085,Consumer,Germany,Paid Search,Home,HOM-003,1,168.67,EUR,0,8.34,False,Paid
OL-0004647,ORD-002774,2026-06-02,CUS-S-00199,Small Business,France,Social,Office,OFF-022,7,22.14,EUR,0,4.48,False,Paid
OL-0002480,ORD-001477,2026-04-14,CUS-C-01477,Consumer,Germany,Marketplace,Electronics,ELE-040,1,325.98,EUR,0,12.1,False,Paid
OL-0002266,ORD-001352,2026-01-27,CUS-B-00180,Corporate,France,Email,Office,OFF-027,1,54.27,EUR,0,5.41,False,Paid
OL-0002960,ORD-001759,2026-03-10,CUS-C-00344,Consumer,Germany,Paid Search,Home,HOM-004,3,59.12,EUR,0,7.62,False,Paid
OL-0005324,ORD-003180,2026-06-21,CUS-B-00063,Corporate,Spain,Organic,Home,HOM-009,1,130.84,EUR,10,9.13,False,Paid
OL-0005673,ORD-003399,2026-05-08,CUS-C-00511,Consumer,United States,Marketplace,Home,HOM-037,1,149.43,USD,0,10.89,False,Paid
OL-0003060,ORD-001821,2026-05-10,CUS-C-00056,Consumer,United States,Social,Electronics,ELE-040,1,336.53,USD,20,12.39,False,Paid
OL-0005054,ORD-003024,2026-06-21,CUS-C-00105,Consumer,Spain,Organic,Electronics,ELE-005,1,523.15,EUR,20,13.42,False,Paid
OL-0002142,ORD-001279,22/03/2026,,Consumer,Germany,Email,Electronics,ELE-017,2,832.9,EUR,15,10.65,False,Pending
OL-0005105,ORD-003053,2026-04-26,CUS-C-00925,Consumer,Germany,Paid Search,Home,HOM-023,1,46.58,EUR,0,7.67,False,Paid
OL-0003119,ORD-001856,2026-06-19,CUS-B-00020,Corporate,France,Paid Search,Home,HOM-039,-1,48.06,EUR,0,6.74,True,Refunded
OL-0005189,ORD-003101,2026-01-29,CUS-C-00513,Consumer,France,Email,Office,OFF-002,1,11.89,EUR,0,5.47,False,Paid
OL-0005665,ORD-003395,2026-03-28,CUS-S-00369,Small Business,France,Organic,Home,HOM-028,4,344.36,EUR,0,8.01,False,Paid
OL-0004046,ORD-002421,2026-04-12,CUS-C-00624,Consumer,Spain,Social,Electronics,ELE-001,2,583.78,EUR,0,10.74,False,Paid
OL-0003357,ORD-001993,2026-01-01,CUS-C-00712,Consumer,Spain,Organic,Home,HOM-010,2,144.54,EUR,0,10.34,False,Paid
OL-0002745,ORD-001636,07/04/2026,CUS-S-00322,Small Business,Germany,Paid Search,Office,OFF-026,1,22.07,EUR,20,4.31,False,Paid
OL-0005093,ORD-003046,20/06/2026,CUS-S-00326,Small Business,United States,Organic,Office,OFF-018,1,12.89,USD,0,5.33,False,Paid
OL-0003507,ORD-002090,2026-03-27,CUS-B-00181,Corporate,France,Organic,Home,HOM-038,1,97.26,EUR,10,10.7,False,Paid
OL-0001680,ORD-001004,2026-03-02,CUS-B-00182,Corporate,Spain,Paid Search,Office,OFF-003,2,10.52,EUR,0,3.65,False,Paid
OL-0004250,ORD-002540,2026-05-03,CUS-C-00674,Consumer,United Kingdom,Paid Search,Office,OFF-013,7,41.95,GBP,0,3.16,False,Paid
OL-0003148,ORD-001871,02/05/2026,CUS-C-00949,Consumer,Spain,Organic,Home,HOM-025,1,128.91,EUR,0,7.95,False,Paid
OL-0002295,ORD-001373,2026-04-26,CUS-S-00544,Small Business,France,Organic,Electronics,ELE-010,1,1189.62,EUR,15,15.45,False,Paid
OL-0000581,ORD-000354,28/03/2026,CUS-C-01217,Consumer,Germany,Social,Home,HOM-024,3,79.12,EUR,0,7.16,False,Paid
OL-0001471,ORD-000878,04/06/2026,CUS-S-00492,Small Business,United States,Organic,Electronics,ELE-031,1,238.77,USD,10,15.3,False,Paid
OL-0004800,ORD-002870,2026-03-05,CUS-C-00392,Consumer,Germany,Organic,Office,OFF-018,1,11.67,EUR,0,5.56,False,Paid
OL-0004071,ORD-002435,2026-06-11,CUS-C-00865,Consumer,Germany,Organic,Office,OFF-013,3,51.14,EUR,0,4.91,False,Paid
OL-0005309,ORD-003172,2026-04-27,CUS-C-00370,Consumer,United States,Paid Search,Home,HOM-017,2,51.7,USD,15,7.43,False,Pending
OL-0003344,ORD-001986,2026-04-05,CUS-S-00459,Small Business,France,Organic,Home,HOM-039,2,47.37,EUR,10,7.57,False,Paid
OL-0004993,ORD-002986,2026-03-05,CUS-C-01271,Consumer,Spain,Email,Office,OFF-038,1,58.84,EUR,0,5.55,False,Paid
OL-0004584,ORD-002740,14/05/2026,CUS-C-01328,Consumer,France,Email,Home,HOM-011,2,87.88,EUR,0,9.48,False,Paid
OL-0003673,ORD-002192,2026-05-25,CUS-S-00046,Small Business,Spain,Paid Search,Home,HOM-012,1,130.6,EUR,20,9.13,False,Paid
OL-0000560,ORD-000343,2026-04-09,CUS-C-00943,Consumer,United States,Organic,Home,HOM-005,4,286.59,USD,0,7.74,False,Paid
OL-0005238,ORD-003132,2026-03-01,CUS-S-00465,Small Business,United Kingdom,Paid Search,Electronics,ELE-004,1,868.19,GBP,20,12.43,False,Paid
OL-0005216,ORD-003116,2026-06-23,CUS-S-00479,Small Business,France,Social,Electronics,ELE-030,1,1146.12,EUR,20,15.65,False,Paid
OL-0002850,ORD-001699,2026-06-27,CUS-C-00357,Consumer,France,Email,Office,OFF-001,1,57.23,EUR,0,5.76,False,Paid
OL-0000513,ORD-000317,2026-03-28,CUS-S-00503,Small Business,Germany,Organic,Home,HOM-030,1,129.49,EUR,15,6.46,False,Paid
OL-0004730,ORD-002824,2026-03-14,CUS-S-00419,Small Business,Spain,Organic,Home,HOM-030,2,129.22,EUR,20,10.25,False,Paid
OL-0001082,ORD-000645,2026-06-27,CUS-C-00995,Consumer,Spain,Social,Electronics,ELE-002,1,403.15,EUR,0,10.64,False,Paid
OL-0001665,ORD-000995,2026-06-13,CUS-C-00340,Consumer,Germany,Paid Search,Home,HOM-019,1,63.9,EUR,10,9.77,False,Paid
OL-0001013,ORD-000608,2026-03-16,CUS-C-01045,Consumer,France,Paid Search,Office,OFF-040,7,54.66,EUR,0,4.19,False,Paid
OL-0001932,ORD-001147,10/03/2026,CUS-C-00678,Consumer,Germany,Organic,Office,OFF-015,1,67.47,EUR,0,5.34,False,Pending
OL-0001151,ORD-000687,2026-05-03,CUS-C-01344,Consumer,United States,Organic,Home,HOM-033,1,71.6,USD,0,11.66,False,Pending
OL-0002839,ORD-001693,2026-01-08,CUS-C-00020,Consumer,Germany,Organic,Home,HOM-022,2,68.2,EUR,0,10.64,False,Paid
OL-0000117,ORD-000070,2026-06-25,CUS-C-01228,Consumer,United Kingdom,Social,Office,OFF-026,1,18.37,GBP,0,3.17,False,Paid
OL-0000741,ORD-000446,2026-04-11,CUS-B-00176,Corporate,Spain,Paid Search,Office,OFF-006,2,28.52,EUR,0,4.91,False,Paid
OL-0005762,ORD-003453,08/02/2026,CUS-S-00285,Small Business,France,Social,Home,HOM-035,1,204.51,EUR,10,6.84,False,Paid
OL-0005178,ORD-003094,2026-06-04,CUS-B-00003,Corporate,United States,Email,Home,HOM-040,3,332.45,USD,0,11.36,False,Paid
OL-0003676,ORD-002194,2026-03-15,CUS-C-00505,Consumer,Germany,Email,Electronics,ELE-020,1,450.77,EUR,10,12.93,False,Paid
OL-0000831,ORD-000502,12/06/2026,CUS-C-01429,Consumer,Germany,Marketplace,Home,HOM-003,1,157.08,EUR,25,10.51,False,Paid
OL-0000120,ORD-000073,2026-06-23,CUS-B-00130,Corporate,Spain,Social,Electronics,ELE-003,1,434.44,EUR,10,13.87,False,Pending
OL-0004753,ORD-002836,28/03/2026,CUS-C-00648,Consumer,Germany,Organic,Home,HOM-030,1,127.16,EUR,20,10.74,False,Paid
OL-0005729,ORD-003432,2026-05-20,CUS-S-00219,Small Business,Spain,Organic,Home,HOM-025,1,133.19,EUR,10,9.73,False,Paid
OL-0005682,ORD-003404,27/01/2026,CUS-S-00336,Small Business,Spain,Email,Office,OFF-039,6,20.52,EUR,5,5.54,False,Paid
OL-0004937,ORD-002952,2026-01-02,CUS-C-00795,Consumer,Germany,Organic,Electronics,ELE-008,1,1156.12,EUR,25,14.19,False,Paid
OL-0000636,ORD-000387,2026-03-27,CUS-C-00182,Consumer,France,Organic,Office,OFF-017,2,9.48,EUR,0,5.42,False,Paid
OL-0004466,ORD-002667,2026-01-29,CUS-S-00412,Small Business,Germany,Marketplace,Home,HOM-026,1,199.32,EUR,0,10.63,False,Paid
OL-0004365,ORD-002611,2026-05-11,CUS-C-00501,Consumer,France,Organic,Electronics,ELE-009,1,216.04,EUR,0,15.8,False,Paid
OL-0004143,ORD-002478,2026-05-24,,Consumer,Germany,Organic,Home,HOM-015,1,138.2,EUR,0,9.79,False,Paid
OL-0000992,ORD-000599,2026-06-20,CUS-S-00404,Small Business,Spain,Organic,Home,HOM-031,2,74.86,EUR,0,8.46,False,Paid
OL-0000877,ORD-000529,2026-01-21,CUS-C-00260,Consumer,Spain,Organic,Office,OFF-023,1,54.07,EUR,0,5.76,False,Paid
OL-0004870,ORD-002912,2026-02-18,CUS-C-01120,Consumer,France,Social,Office,OFF-002,1,11.86,EUR,0,3.86,False,Paid
OL-0005316,ORD-003175,2026-01-22,,Consumer,Germany,Marketplace,Home,HOM-040,-1,305.25,EUR,0,8.94,True,Refunded
OL-0005223,ORD-003122,01/02/2026,CUS-S-00495,Small Business,France,Paid Search,Home,HOM-020,1,55.63,EUR,15,6.43,False,Paid
OL-0000005,ORD-000003,19/03/2026,,Consumer,France,Marketplace,Electronics,ELE-028,1,191.89,EUR,10,10.99,False,Paid
OL-0003052,ORD-001816,2026-05-15,CUS-S-00431,Small Business,Spain,Organic,Electronics,ELE-010,1,1149.83,EUR,25,13.07,False,Paid
OL-0003125,ORD-001861,08/02/2026,CUS-C-01078,Consumer,Spain,Paid Search,Home,HOM-033,2,65.11,EUR,0,6.48,False,Paid
OL-0002661,ORD-001585,2026-01-16,CUS-S-00307,Small Business,Germany,Marketplace,Home,HOM-021,1,133.59,EUR,15,10.49,False,Paid
OL-0002492,ORD-001485,01/06/2026,CUS-B-00002,Corporate,Spain,Organic,Office,OFF-006,1,28.02,EUR,0,3.94,False,Paid
OL-0005174,ORD-003093,2026-05-05,CUS-S-00080,Small Business,United States,Organic,Office,OFF-037,8,14.32,USD,0,5.24,False,Paid
OL-0003855,ORD-002301,2026-04-11,CUS-B-00194,Corporate,United Kingdom,Paid Search,Office,OFF-016,4,7.85,GBP,15,3.15,False,Paid
OL-0004934,ORD-002950,01/03/2026,CUS-C-01138,Consumer,Germany,Social,Office,OFF-005,2,51.97,EUR,0,5.76,False,Paid
OL-0004778,ORD-002855,31/03/2026,CUS-B-00045,Corporate,United Kingdom,Organic,Home,HOM-025,1,110.58,GBP,0,7.3,False,Paid
OL-0001716,ORD-001023,2026-04-09,,Consumer,United Kingdom,Social,Electronics,ELE-014,1,160.74,GBP,0,12.29,False,Paid
OL-0001149,ORD-000685,2026-05-07,CUS-S-00469,Small Business,United States,Email,Electronics,ELE-037,2,311.83,USD,10,12.01,False,Paid
OL-0003262,ORD-001945,03/05/2026,CUS-C-01269,Consumer,Germany,Social,Home,HOM-040,1,295.81,EUR,0,8.35,False,Paid
OL-0000575,ORD-000351,2026-02-24,CUS-C-00758,Consumer,Spain,Organic,Home,HOM-006,1,84.88,EUR,0,7.27,False,Paid
OL-0003770,ORD-002255,2026-06-10,CUS-B-00087,Corporate,Spain,Social,Home,HOM-007,1,143.17,EUR,20,9.53,False,Paid
OL-0003737,ORD-002231,2026-06-15,CUS-C-01463,Consumer,United Kingdom,Organic,Home,HOM-023,1,40.03,GBP,0,6.61,False,Pending
OL-0004147,ORD-002480,19/04/2026,CUS-C-00689,Consumer,France,Paid Search,Home,HOM-001,3,250.09,EUR,0,10.52,False,Paid
OL-0000854,ORD-000517,25/06/2026,,Consumer,United Kingdom,Social,Electronics,ELE-031,1,180.23,GBP,10,12.21,False,Paid
OL-0001983,ORD-001181,2026-06-18,,Small Business,United Kingdom,Marketplace,Office,OFF-003,4,9.14,GBP,0,4.64,False,Paid
OL-0002775,ORD-001656,2026-05-09,CUS-B-00186,Corporate,Spain,Organic,Electronics,ELE-014,1,184.07,EUR,20,11.0,False,Paid
OL-0004930,ORD-002949,31/01/2026,CUS-C-00774,Consumer,Spain,Organic,Home,HOM-018,1,47.99,EUR,0,8.97,False,Paid
OL-0005212,ORD-003114,2026-04-18,CUS-S-00287,Small Business,Germany,Organic,Home,HOM-027,1,106.53,EUR,0,8.64,False,Paid
OL-0001167,ORD-000695,2026-03-30,CUS-S-00494,Small Business,Spain,Organic,Electronics,ELE-011,1,1205.95,EUR,25,16.7,False,Paid
OL-0000972,ORD-000586,2026-06-21,CUS-C-01451,Consumer,Spain,Paid Search,Electronics,ELE-025,2,421.45,EUR,0,10.29,False,Paid
OL-0002702,ORD-001610,2026-06-23,CUS-C-00485,Consumer,Spain,Marketplace,Office,OFF-030,1,64.29,EUR,0,4.88,False,Paid
OL-0004496,ORD-002687,2026-01-29,CUS-B-00050,Corporate,Germany,Paid Search,Electronics,ELE-039,1,230.31,EUR,15,13.97,False,Paid
OL-0003848,ORD-002297,27/05/2026,CUS-B-00154,Corporate,Germany,Marketplace,Electronics,ELE-037,1,286.24,EUR,25,12.39,False,Paid
OL-0002369,ORD-001411,2026-06-28,CUS-C-00403,Consumer,France,Organic,Home,HOM-031,2,79.14,EUR,10,8.2,False,Paid
OL-0004116,ORD-002461,07/06/2026,CUS-S-00035,Small Business,France,Paid Search,Office,OFF-009,8,81.38,EUR,0,4.01,False,Paid
OL-0004781,ORD-002856,10/01/2026,CUS-C-00956,Consumer,United Kingdom,Email,Electronics,ELE-010,2,983.96,GBP,20,11.45,False,Paid
OL-0004132,ORD-002470,12/04/2026,CUS-B-00178,Corporate,Spain,Organic,Office,OFF-031,1,56.75,EUR,0,5.35,False,Paid
OL-0002951,ORD-001754,2026-01-09,CUS-B-00158,Corporate,Spain,Organic,Electronics,ELE-007,1,521.48,EUR,10,13.99,False,Paid
OL-0000525,ORD-000324,2026-02-28,CUS-B-00197,Corporate,United Kingdom,Social,Electronics,ELE-023,1,434.64,GBP,15,8.59,False,Paid
OL-0002456,ORD-001459,27/02/2026,CUS-C-01046,Consumer,Spain,Email,Electronics,ELE-003,1,424.05,EUR,25,11.36,False,Paid
OL-0005017,ORD-003001,16/03/2026,CUS-B-00216,Corporate,France,Social,Electronics,ELE-005,1,550.14,EUR,20,12.91,False,Paid
OL-0001842,ORD-001097,2026-03-31,CUS-C-01122,Consumer,United Kingdom,Social,Office,OFF-038,6,51.07,GBP,0,4.86,False,Paid
OL-0000538,ORD-000331,28/01/2026,CUS-B-00034,Corporate,Germany,Organic,Home,HOM-006,-1,83.5,EUR,15,6.59,True,Refunded
OL-0002807,ORD-001674,11/04/2026,CUS-C-00107,Consumer,Germany,Organic,Office,OFF-031,1,58.37,EUR,0,5.52,False,Paid
OL-0005597,ORD-003355,2026-02-06,CUS-C-00642,Consumer,Spain,Social,Office,OFF-002,4,10.65,EUR,0,4.27,False,Paid
OL-0004342,ORD-002599,2026-03-06,CUS-C-01181,Consumer,France,Organic,Electronics,ELE-039,1,219.09,EUR,0,10.53,False,Paid
OL-0003176,ORD-001887,19/02/2026,CUS-C-00310,Consumer,France,Email,Electronics,ELE-019,1,244.82,EUR,15,16.16,False,Paid
OL-0000785,ORD-000468,2026-05-28,CUS-B-00206,Corporate,Spain,Organic,Electronics,ELE-027,1,645.17,EUR,0,10.05,False,Pending
OL-0004058,ORD-002428,2026-03-06,CUS-S-00574,Small Business,France,Email,Electronics,ELE-001,1,610.05,EUR,15,11.19,False,Paid
OL-0001410,ORD-000846,19/06/2026,CUS-S-00513,Small Business,United States,Email,Electronics,ELE-027,1,752.64,USD,0,15.04,False,Paid
OL-0002538,ORD-001510,2026-03-25,CUS-C-00836,Consumer,France,Paid Search,Office,OFF-014,6,29.4,EUR,0,5.59,False,Paid
OL-0000155,ORD-000098,2026-04-11,,Small Business,Spain,Marketplace,Electronics,ELE-030,1,1100.27,EUR,15,14.34,False,Paid
OL-0003010,ORD-001789,2026-06-30,CUS-S-00303,Small Business,Germany,Paid Search,Electronics,ELE-009,1,218.42,EUR,20,11.46,False,Paid
OL-0001687,ORD-001008,05/05/2026,CUS-C-00920,Consumer,France,Email,Electronics,ELE-036,1,1145.21,EUR,10,12.86,False,Paid
OL-0002902,ORD-001726,2026-04-04,CUS-C-00693,Consumer,France,Social,Home,HOM-007,2,135.69,EUR,20,7.36,False,Paid
OL-0003038,ORD-001805,21/05/2026,CUS-C-01429,Consumer,Germany,Paid Search,Electronics,ELE-012,2,527.28,EUR,20,14.51,False,Paid
OL-0004722,ORD-002820,14/05/2026,CUS-C-00213,Consumer,France,Marketplace,Electronics,ELE-016,1,395.87,EUR,20,10.3,False,Paid
OL-0003864,ORD-002309,2026-04-30,CUS-B-00133,Corporate,United Kingdom,Organic,Home,HOM-035,1,172.19,GBP,15,6.68,False,Paid
OL-0002734,ORD-001632,2026-03-18,,Corporate,United Kingdom,Social,Office,OFF-009,1,67.19,GBP,0,3.43,False,Paid
OL-0001896,ORD-001128,13/01/2026,,Corporate,Germany,Marketplace,Home,HOM-028,1,328.03,EUR,0,8.4,False,Paid
OL-0005443,ORD-003254,2026-02-15,CUS-S-00191,Small Business,Germany,Social,Home,HOM-035,4,195.2,EUR,0,7.6,False,Pending
OL-0000570,ORD-000347,2026-04-08,,Consumer,Germany,Social,Electronics,ELE-040,2,324.82,EUR,15,16.71,False,Paid
OL-0001817,ORD-001083,2026-03-04,CUS-B-00075,Corporate,Spain,Email,Office,OFF-001,5,57.3,EUR,0,5.56,False,Paid
OL-0002066,ORD-001232,2026-02-24,,Small Business,Spain,Social,Home,HOM-027,4,113.46,EUR,0,9.57,False,Paid
OL-0000128,ORD-000078,2026-05-27,CUS-C-00362,Consumer,France,Paid Search,Office,OFF-028,5,25.44,EUR,25,5.62,False,Paid
OL-0003395,ORD-002019,2026-01-10,CUS-B-00149,Corporate,United Kingdom,Social,Office,OFF-007,2,34.7,GBP,15,3.84,False,Paid
OL-0003328,ORD-001978,2026-05-31,CUS-C-00082,Consumer,Spain,Paid Search,Electronics,ELE-023,1,510.12,EUR,15,12.55,False,Paid
OL-0004769,ORD-002849,2026-06-06,,Small Business,Spain,Marketplace,Home,HOM-002,1,208.08,EUR,10,7.37,False,Paid
OL-0002976,ORD-001768,2026-01-18,CUS-S-00540,Small Business,United Kingdom,Organic,Home,HOM-021,1,110.69,GBP,0,6.57,False,Paid
OL-0000981,ORD-000593,2026-03-05,CUS-C-00140,Consumer,France,Organic,Electronics,ELE-025,1,426.09,EUR,0,12.86,False,Paid
OL-0002301,ORD-001375,2026-05-27,,Small Business,Germany,Social,Office,OFF-036,3,20.73,EUR,0,5.16,False,Paid
OL-0000191,ORD-000117,26/02/2026,CUS-C-00074,Consumer,Germany,Email,Home,HOM-025,1,131.33,EUR,0,9.1,False,Paid
OL-0001140,ORD-000677,2026-05-07,,Consumer,United Kingdom,Email,Office,OFF-014,3,23.68,GBP,0,3.24,False,Paid
OL-0005089,ORD-003045,2026-04-19,CUS-S-00113,Small Business,France,Social,Office,OFF-019,5,15.74,EUR,0,4.42,False,Paid
OL-0000700,ORD-000421,19/06/2026,CUS-C-01114,Consumer,United Kingdom,Paid Search,Home,HOM-040,1,258.66,GBP,15,8.21,False,Paid
OL-0005730,ORD-003433,2026-02-13,,Consumer,Germany,Marketplace,Electronics,ELE-025,1,427.51,EUR,0,10.28,False,Paid
OL-0000607,ORD-000370,13/06/2026,CUS-C-00064,Consumer,France,Paid Search,Office,OFF-007,3,40.14,EUR,0,5.51,False,Paid
OL-0004277,ORD-002559,30/06/2026,,Consumer,Germany,Social,Home,HOM-016,1,283.35,EUR,0,9.61,False,Paid
OL-0000302,ORD-000184,2026-05-05,CUS-S-00060,Small Business,Spain,Email,Office,OFF-032,1,55.55,EUR,0,5.39,False,Paid
OL-0003421,ORD-002038,2026-01-10,CUS-C-01026,Consumer,Spain,Marketplace,Office,OFF-011,1,18.22,EUR,0,5.18,False,Paid
OL-0005776,ORD-003459,20/02/2026,CUS-C-01269,Consumer,Germany,Organic,Home,HOM-012,2,125.74,EUR,0,7.57,False,Paid
OL-0001061,ORD-000632,2026-06-02,CUS-S-00084,Small Business,United Kingdom,Social,Electronics,ELE-010,2,1024.73,GBP,15,13.93,False,Paid
OL-0002566,ORD-001527,23/03/2026,CUS-C-00269,Consumer,France,Organic,Electronics,ELE-035,1,462.11,EUR,20,10.23,False,Paid
OL-0000672,ORD-000406,2026-03-08,CUS-B-00121,Corporate,Spain,Organic,Home,HOM-037,1,133.86,EUR,0,8.7,False,Paid
OL-0001070,ORD-000639,2026-06-05,CUS-S-00581,Small Business,United States,Organic,Home,HOM-035,1,225.67,USD,0,11.01,False,Paid
OL-0002525,ORD-001502,2026-05-22,CUS-C-00892,Consumer,France,Organic,Home,HOM-035,2,199.77,EUR,0,7.08,False,Paid
OL-0002206,ORD-001319,2026-02-05,CUS-S-00600,Small Business,United Kingdom,Organic,Office,OFF-028,6,22.13,GBP,0,4.85,False,Paid
OL-0001244,ORD-000745,2026-04-27,CUS-C-01317,Consumer,United States,Social,Home,HOM-016,2,298.99,USD,0,7.04,False,Paid
OL-0000017,ORD-000008,05/01/2026,CUS-S-00419,Small Business,Spain,Email,Office,OFF-006,5,27.98,EUR,0,5.16,False,Paid
OL-0003121,ORD-001858,2026-06-07,,Corporate,Spain,Paid Search,Electronics,ELE-025,1,419.75,EUR,10,10.01,False,Paid
OL-0004725,ORD-002821,2026-01-17,CUS-C-01083,Consumer,Spain,Paid Search,Home,HOM-032,1,238.34,EUR,15,10.26,False,Paid
OL-0004643,ORD-002772,18/02/2026,CUS-S-00398,Small Business,France,Email,Home,HOM-027,1,117.78,EUR,0,7.63,False,Paid
OL-0004755,ORD-002837,2026-06-16,CUS-C-00551,Consumer,United Kingdom,Organic,Electronics,ELE-029,1,1005.88,GBP,0,10.02,False,Paid
OL-0000816,ORD-000492,2026-06-01,CUS-B-00085,Corporate,France,Organic,Office,OFF-001,1,57.19,EUR,0,5.62,False,Paid
OL-0003068,ORD-001826,2026-04-22,CUS-S-00336,Small Business,France,Organic,Office,OFF-027,2,52.07,EUR,0,3.95,False,Paid
OL-0001658,ORD-000991,2026-06-17,,Small Business,Spain,Social,Home,HOM-016,2,271.82,EUR,0,6.48,False,Paid
OL-0005601,ORD-003358,2026-02-24,CUS-B-00207,Corporate,Germany,Marketplace,Office,OFF-009,5,76.38,EUR,0,5.6,False,Paid
OL-0000960,ORD-000579,2026-04-19,CUS-B-00026,Corporate,France,Paid Search,Home,HOM-014,1,193.44,EUR,25,7.14,False,Paid
OL-0004894,ORD-002927,09/05/2026,CUS-S-00084,Small Business,Germany,Social,Electronics,ELE-016,1,381.55,EUR,15,15.79,False,Paid
OL-0000226,ORD-000139,2026-05-13,CUS-B-00014,Corporate,Spain,Organic,Home,HOM-010,2,148.96,EUR,0,7.76,False,Paid
OL-0003355,ORD-001992,2026-02-08,CUS-C-00846,Consumer,Germany,Paid Search,Home,HOM-023,1,46.16,EUR,20,9.17,False,Paid
OL-0002486,ORD-001480,2026-05-11,,Consumer,France,Marketplace,Office,OFF-012,1,82.27,EUR,0,5.63,False,Paid
OL-0000563,ORD-000344,12/01/2026,CUS-C-00972,Consumer,Spain,Organic,Office,OFF-011,7,17.74,EUR,0,5.94,False,Paid
OL-0003437,ORD-002045,2026-06-26,CUS-S-00128,Small Business,Germany,Organic,Home,HOM-039,3,48.4,EUR,0,9.37,False,Paid
OL-0001694,ORD-001012,13/05/2026,CUS-B-00156,Corporate,Germany,Email,Home,HOM-039,1,46.71,EUR,0,8.86,False,Paid
OL-0001046,ORD-000625,27/05/2026,CUS-C-01175,Consumer,Germany,Organic,Home,HOM-028,2,336.21,EUR,0,9.34,False,Paid
OL-0003447,ORD-002052,2026-06-24,CUS-C-00807,Consumer,Spain,Social,Office,OFF-017,2,9.3,EUR,0,5.82,False,Paid
OL-0004566,ORD-002727,2026-01-12,CUS-C-00549,Consumer,Germany,Social,Home,HOM-036,1,142.14,EUR,15,7.97,False,Paid
OL-0000955,ORD-000577,2026-03-12,CUS-C-01248,Consumer,France,Email,Home,HOM-028,1,332.16,EUR,0,6.51,False,Paid
OL-0005066,ORD-003032,2026-03-26,CUS-C-00933,Consumer,Spain,Marketplace,Home,HOM-036,1,139.72,EUR,0,8.12,False,Paid
OL-0002736,ORD-001632,2026-03-18,,Corporate,United Kingdom,Social,Electronics,ELE-007,2,417.36,GBP,20,12.86,False,Paid
OL-0004467,ORD-002668,2026-05-24,CUS-C-00241,Consumer,Germany,Organic,Electronics,ELE-008,1,1143.63,EUR,10,16.68,False,Paid
OL-0004736,ORD-002825,2026-06-30,CUS-C-01369,Consumer,France,Marketplace,Office,OFF-029,4,89.23,EUR,15,5.15,False,Paid
OL-0005779,ORD-003461,13/02/2026,CUS-C-00989,Consumer,Spain,Paid Search,Electronics,ELE-030,1,1109.92,EUR,0,12.61,False,Paid
OL-0001219,ORD-000724,2026-03-27,CUS-S-00564,Small Business,France,Organic,Electronics,ELE-008,1,1140.15,EUR,0,14.92,False,Paid
OL-0005255,ORD-003143,2026-03-29,CUS-C-01356,Consumer,France,Social,Office,OFF-020,2,44.91,EUR,0,5.98,False,Paid
OL-0005512,ORD-003299,2026-02-25,CUS-S-00141,Small Business,Spain,Marketplace,Electronics,ELE-008,1,1104.14,EUR,15,13.81,False,Paid
OL-0001528,ORD-000914,2026-01-23,CUS-C-01172,Consumer,United Kingdom,Paid Search,Home,HOM-033,1,58.06,GBP,0,8.4,False,Paid
OL-0003988,ORD-002387,2026-05-06,CUS-S-00191,Small Business,France,Organic,Electronics,ELE-021,1,451.84,EUR,0,12.78,False,Paid
OL-0002411,ORD-001434,2026-04-27,CUS-S-00086,Small Business,Germany,Organic,Electronics,ELE-010,1,1215.71,EUR,25,16.61,False,Paid
OL-0001301,ORD-000782,2026-01-12,CUS-S-00282,Small Business,United Kingdom,Organic,Office,OFF-011,3,14.86,GBP,0,4.2,False,Paid
OL-0001077,ORD-000642,2026-05-06,CUS-C-00463,Consumer,Germany,Paid Search,Electronics,ELE-011,1,1189.63,EUR,10,10.68,False,Paid
OL-0000161,ORD-000101,2026-06-30,CUS-C-00007,Consumer,Germany,Email,Home,HOM-008,1,70.33,EUR,0,9.14,False,Paid
OL-0004068,ORD-002433,25/05/2026,,Small Business,United Kingdom,Social,Electronics,ELE-012,1,454.15,GBP,10,9.76,False,Paid
OL-0000957,ORD-000577,2026-03-12,CUS-C-01248,Consumer,France,Email,Home,HOM-009,1,130.5,EUR,15,9.04,False,Paid
OL-0003792,ORD-002266,2026-04-12,,Small Business,Germany,Marketplace,Home,HOM-022,1,69.18,EUR,0,6.61,False,Paid
OL-0003235,ORD-001926,2026-04-29,CUS-C-00337,Consumer,United Kingdom,Paid Search,Electronics,ELE-035,1,392.69,GBP,10,9.67,False,Paid
OL-0002870,ORD-001708,2026-01-22,,Small Business,Spain,Organic,Electronics,ELE-032,1,533.22,EUR,15,14.46,False,Paid
OL-0003778,ORD-002258,01/02/2026,CUS-C-01060,Consumer,United Kingdom,Organic,Office,OFF-025,-4,8.55,GBP,0,4.84,True,Refunded
OL-0004434,ORD-002650,2026-01-05,,Small Business,France,Paid Search,Home,HOM-010,1,138.84,EUR,0,7.19,False,Paid
OL-0004974,ORD-002975,2026-06-21,CUS-S-00485,Small Business,France,Paid Search,Home,HOM-027,2,111.34,EUR,5,7.57,False,Paid
OL-0002962,ORD-001759,2026-03-10,CUS-C-00344,Consumer,Germany,Paid Search,Office,OFF-002,2,11.39,EUR,0,4.2,False,Pending
OL-0002201,ORD-001316,2026-06-07,CUS-B-00163,Corporate,France,Social,Office,OFF-022,2,24.53,EUR,0,4.46,False,Paid
OL-0000099,ORD-000058,2026-01-05,CUS-B-00133,Corporate,France,Organic,Office,OFF-025,1,9.95,EUR,0,4.9,False,Paid
OL-0004199,ORD-002510,2026-01-28,CUS-C-01284,Consumer,Germany,Organic,Electronics,ELE-036,2,1129.31,EUR,10,14.67,False,Paid
OL-0002558,ORD-001523,22/04/2026,,Small Business,Spain,Paid Search,Office,OFF-028,2,24.71,EUR,0,5.54,False,Paid
OL-0003184,ORD-001892,2026-03-24,CUS-S-00250,Small Business,Spain,Organic,Office,OFF-039,4,20.44,EUR,0,5.79,False,Paid
OL-0000254,ORD-000158,09/05/2026,CUS-C-00385,Consumer,France,Paid Search,Home,HOM-009,1,133.82,EUR,15,9.65,False,Paid
OL-0003924,ORD-002347,11/05/2026,CUS-S-00478,Small Business,Germany,Social,Electronics,ELE-035,1,460.54,EUR,10,14.65,False,Paid
OL-0004200,ORD-002510,2026-01-28,CUS-C-01284,Consumer,Germany,Organic,Office,OFF-003,2,10.78,EUR,0,5.49,False,Paid
OL-0001446,ORD-000865,2026-05-30,CUS-C-01053,Consumer,France,Paid Search,Office,OFF-019,3,15.07,EUR,0,5.78,False,Paid
OL-0005540,ORD-003315,24/04/2026,,Corporate,Germany,Social,Electronics,ELE-010,1,1150.21,EUR,20,13.98,False,Paid
OL-0001649,ORD-000985,28/05/2026,CUS-C-00942,Consumer,United Kingdom,Organic,Electronics,ELE-027,1,549.92,GBP,10,10.53,False,Paid
OL-0004683,ORD-002795,2026-01-14,CUS-C-00356,Consumer,United Kingdom,Paid Search,Electronics,ELE-002,-1,331.53,GBP,20,13.6,True,Refunded
OL-0004724,ORD-002820,14/05/2026,CUS-C-00213,Consumer,France,Marketplace,Home,HOM-037,4,131.66,EUR,15,10.43,False,Paid
OL-0003992,ORD-002389,02/01/2026,CUS-C-00097,Consumer,France,Paid Search,Home,HOM-009,2,133.69,EUR,0,7.87,False,Paid
OL-0001697,ORD-001014,2026-05-24,CUS-C-00430,Consumer,United Kingdom,Paid Search,Home,HOM-015,1,119.38,GBP,15,7.57,False,Paid
OL-0003192,ORD-001898,2026-02-01,CUS-S-00201,Small Business,France,Paid Search,Office,OFF-004,7,16.85,EUR,0,3.72,False,Paid
OL-0004500,ORD-002690,2026-06-10,CUS-S-00577,Small Business,United States,Organic,Home,HOM-015,1,155.78,USD,15,7.96,False,Paid
OL-0001155,ORD-000688,2026-01-19,CUS-C-00012,Consumer,Germany,Social,Office,OFF-036,5,19.46,EUR,0,5.66,False,Paid
OL-0002256,ORD-001345,2026-03-02,CUS-B-00191,Corporate,Spain,Social,Office,OFF-002,1,11.4,EUR,0,4.44,False,Paid
OL-0001683,ORD-001006,2026-05-08,CUS-B-00042,Corporate,United Kingdom,Paid Search,Office,OFF-037,1,11.31,GBP,0,4.25,False,Paid
OL-0003171,ORD-001883,2026-03-15,CUS-C-00470,Consumer,United Kingdom,Paid Search,Home,HOM-029,1,60.16,GBP,15,6.58,False,Paid
OL-0002057,ORD-001226,2026-01-06,CUS-C-00524,Consumer,France,Marketplace,Electronics,ELE-026,1,234.0,EUR,10,15.38,False,Paid
OL-0004091,ORD-002446,2026-02-05,CUS-S-00599,Small Business,France,Marketplace,Electronics,ELE-003,1,431.78,EUR,25,10.72,False,Paid
OL-0003943,ORD-002359,2026-02-19,CUS-S-00189,Small Business,Germany,Marketplace,Electronics,ELE-010,1,1155.96,EUR,0,13.33,False,Paid
OL-0003109,ORD-001852,2026-02-23,CUS-S-00071,Small Business,Spain,Paid Search,Office,OFF-027,3,53.38,EUR,0,4.34,False,Pending
OL-0004549,ORD-002716,2026-02-06,CUS-B-00148,Corporate,Germany,Paid Search,Office,OFF-033,5,34.91,EUR,20,4.64,False,Paid
OL-0003724,ORD-002222,05/06/2026,,Consumer,United Kingdom,Social,Office,OFF-008,1,6.81,GBP,0,3.76,False,Paid
OL-0005424,ORD-003243,2026-05-11,CUS-S-00088,Small Business,United Kingdom,Marketplace,Electronics,ELE-001,1,500.49,GBP,10,12.9,False,Paid
OL-0002050,ORD-001223,05/05/2026,CUS-B-00104,Corporate,France,Paid Search,Office,OFF-023,7,55.39,EUR,0,5.22,False,Paid
OL-0004977,ORD-002977,2026-06-28,CUS-S-00390,Small Business,Spain,Email,Office,OFF-015,1,67.88,EUR,0,5.94,False,Paid
OL-0003644,ORD-002178,02/02/2026,CUS-C-00172,Consumer,France,Social,Home,HOM-029,1,65.19,EUR,0,10.42,False,Paid
OL-0005793,ORD-003470,2026-05-16,CUS-C-01298,Consumer,Germany,Paid Search,Electronics,ELE-004,1,1033.57,EUR,10,15.11,False,Paid
OL-0000624,ORD-000382,2026-05-11,CUS-S-00140,Small Business,France,Email,Home,HOM-018,2,46.72,EUR,0,6.75,False,Paid
OL-0000263,ORD-000163,28/06/2026,CUS-C-00858,Consumer,France,Paid Search,Office,OFF-003,8,10.72,EUR,0,5.1,False,Paid
OL-0005731,ORD-003433,2026-02-13,,Consumer,Germany,Marketplace,Electronics,ELE-030,1,1129.43,EUR,20,10.28,False,Paid
OL-0003370,ORD-002001,2026-02-15,CUS-S-00051,Small Business,United Kingdom,Email,Electronics,ELE-023,-1,446.36,GBP,20,10.44,True,Refunded
OL-0004062,ORD-002430,2026-04-24,CUS-S-00019,Small Business,Spain,Organic,Office,OFF-019,2,14.98,EUR,5,5.82,False,Paid
OL-0005535,ORD-003312,2026-05-01,CUS-B-00092,Corporate,France,Paid Search,Home,HOM-029,1,71.82,EUR,0,7.99,False,Paid
OL-0001803,ORD-001075,04/06/2026,CUS-S-00095,Small Business,United States,Organic,Office,OFF-023,1,61.92,USD,0,6.26,False,Paid
OL-0004737,ORD-002826,01/01/2026,CUS-C-00238,Consumer,United Kingdom,Organic,Home,HOM-011,1,80.55,GBP,0,5.85,False,Pending
OL-0004169,ORD-002494,2026-01-13,CUS-C-01397,Consumer,Spain,Organic,Home,HOM-028,1,327.22,EUR,15,9.19,False,Paid
OL-0002386,ORD-001419,2026-06-03,CUS-S-00168,Small Business,Spain,Email,Home,HOM-004,1,56.22,EUR,0,9.23,False,Paid
OL-0001960,ORD-001166,2026-06-21,,Consumer,United Kingdom,Social,Home,HOM-029,1,57.83,GBP,0,6.29,False,Paid
OL-0002977,ORD-001769,09/03/2026,CUS-C-00835,Consumer,United Kingdom,Organic,Office,OFF-035,6,29.82,GBP,0,4.23,False,Paid
OL-0000489,ORD-000299,2026-06-29,CUS-B-00120,Corporate,Germany,Email,electronics,ELE-010,1,1194.01,EUR,10,16.04,False,Pending
OL-0001844,ORD-001098,2026-06-20,CUS-B-00201,Corporate,United States,Paid Search,Electronics,ELE-009,1,250.76,USD,15,17.26,False,Paid
OL-0001735,ORD-001034,2026-05-01,CUS-S-00267,Small Business,France,Organic,Home,HOM-016,3,285.08,EUR,0,7.18,False,Paid
OL-0002912,ORD-001732,2026-01-02,CUS-C-00219,Consumer,France,Organic,Office,OFF-035,-2,34.25,EUR,0,5.93,True,Refunded
OL-0003220,ORD-001917,2026-02-12,CUS-S-00537,Small Business,Germany,Organic,Home,HOM-009,1,131.87,EUR,0,7.05,False,Paid
OL-0000147,ORD-000092,2026-02-10,CUS-C-01468,Consumer,France,Social,Office,OFF-027,1,52.4,EUR,0,5.56,False,Paid
OL-0005631,ORD-003378,2026-01-25,CUS-S-00473,Small Business,Germany,Email,Office,OFF-030,6,67.4,EUR,0,4.36,False,Paid
OL-0001987,ORD-001185,2026-02-28,CUS-B-00097,Corporate,France,Paid Search,Home,HOM-031,1,76.34,EUR,20,9.1,False,Paid
OL-0001370,ORD-000822,2026-06-18,CUS-C-00413,Consumer,Germany,Paid Search,Office,OFF-033,1,33.78,EUR,0,5.06,False,Paid
OL-0002812,ORD-001676,2026-05-27,CUS-C-00661,Consumer,United States,Email,Office,OFF-009,-1,84.17,USD,15,5.5,True,Refunded
OL-0000660,ORD-000402,2026-04-13,CUS-S-00410,Small Business,United Kingdom,Paid Search,Office,OFF-034,1,62.33,GBP,10,3.87,False,Paid
OL-0001795,ORD-001071,2026-05-05,CUS-S-00508,Small Business,United Kingdom,Email,Office,OFF-029,5,76.0,GBP,0,3.41,False,Paid
OL-0002512,ORD-001496,16/01/2026,CUS-C-00111,Consumer,France,Marketplace,Electronics,ELE-031,1,211.66,EUR,20,13.65,False,Paid
OL-0003398,ORD-002021,2026-06-21,,Consumer,France,Marketplace,Office,OFF-023,1,57.05,EUR,0,4.68,False,Paid
OL-0004283,ORD-002563,2026-03-01,,Corporate,France,Marketplace,Office,OFF-017,1,9.44,EUR,0,5.73,False,Paid
OL-0001148,ORD-000685,2026-05-07,CUS-S-00469,Small Business,United States,Email,Office,OFF-016,3,9.9,USD,0,5.8,False,Pending
OL-0003273,ORD-001950,2026-05-29,CUS-S-00288,Small Business,France,Organic,Electronics,ELE-004,1,997.98,EUR,15,14.03,False,Paid
OL-0000609,ORD-000371,15/03/2026,CUS-B-00197,Corporate,United Kingdom,Social,Electronics,ELE-038,1,427.41,GBP,10,10.93,False,Paid
OL-0003583,ORD-002140,2026-05-23,CUS-C-00153,Consumer,Spain,Paid Search,Home,HOM-010,1,146.99,EUR,0,8.41,False,Paid
OL-0001931,ORD-001146,2026-04-21,,Consumer,Germany,Marketplace,Home,HOM-029,2,70.87,EUR,10,7.59,False,Paid
OL-0000198,ORD-000121,2026-02-12,CUS-S-00500,Small Business,France,Organic,Home,HOM-040,1,297.19,EUR,0,7.68,False,Paid
OL-0002932,ORD-001744,2026-03-23,CUS-C-00544,Consumer,France,Email,Office,OFF-031,1,56.7,EUR,0,4.33,False,Paid
OL-0002328,ORD-001389,2026-01-27,CUS-C-00469,Consumer,Germany,Email,Electronics,ELE-011,2,1248.93,EUR,0,14.61,False,Paid
OL-0004390,ORD-002624,2026-01-13,CUS-C-01205,Consumer,Spain,Paid Search,Office,OFF-002,2,10.8,EUR,0,5.87,False,Paid
OL-0000767,ORD-000459,2026-04-09,CUS-S-00160,Small Business,France,Paid Search,Home,HOM-005,1,268.4,EUR,20,7.95,False,Paid
OL-0004497,ORD-002688,2026-01-29,CUS-C-00228,Consumer,Germany,Organic,Electronics,ELE-009,1,223.98,EUR,25,14.41,False,Paid
OL-0004219,ORD-002525,22/02/2026,CUS-C-00129,Consumer,United Kingdom,Email,Office,OFF-014,4,23.74,GBP,10,4.05,False,Paid
OL-0003256,ORD-001940,2026-03-14,CUS-C-00853,Consumer,Spain,Paid Search,Electronics,ELE-007,1,492.55,EUR,20,13.11,False,Paid
OL-0000203,ORD-000125,2026-03-16,CUS-C-00291,Consumer,Spain,Paid Search,Electronics,ELE-032,2,537.19,EUR,5,12.73,False,Paid
OL-0003511,ORD-002092,2026-06-03,CUS-S-00496,Small Business,Spain,Paid Search,Office,OFF-033,2,33.87,EUR,0,3.73,False,Paid
OL-0004932,ORD-002949,31/01/2026,CUS-C-00774,Consumer,Spain,Organic,Office,OFF-009,1,76.52,EUR,10,5.73,False,Paid
OL-0005536,ORD-003312,2026-05-01,CUS-B-00092,Corporate,France,Paid Search,Home,HOM-007,1,134.43,EUR,20,8.99,False,Paid
OL-0001734,ORD-001034,2026-05-01,CUS-S-00267,Small Business,France,Organic,Electronics,ELE-023,1,496.37,EUR,0,15.05,False,Paid
OL-0002778,ORD-001658,2026-05-12,CUS-B-00249,Corporate,United States,Paid Search,Home,HOM-025,2,142.35,USD,25,9.15,False,Paid
OL-0001708,ORD-001020,2026-04-14,CUS-B-00143,Corporate,Germany,Email,Electronics,ELE-032,1,527.06,EUR,5,16.1,False,Paid
OL-0005173,ORD-003093,2026-05-05,CUS-S-00080,Small Business,United States,Organic,Office,OFF-023,7,60.38,USD,10,5.36,False,Paid
OL-0005250,ORD-003139,2026-06-07,CUS-C-00511,Consumer,France,Paid Search,Office,OFF-021,5,28.77,EUR,0,5.6,False,Paid
OL-0005758,ORD-003451,13/06/2026,CUS-C-01301,Consumer,United Kingdom,Paid Search,Office,OFF-015,2,53.37,GBP,0,4.56,False,Paid
OL-0003475,ORD-002068,2026-04-13,CUS-C-01454,Consumer,France,Organic,Electronics,ELE-033,1,838.03,EUR,10,15.88,False,Paid
OL-0000855,ORD-000518,2026-06-08,CUS-C-01362,Consumer,France,Organic,Electronics,ELE-033,1,865.86,EUR,15,13.74,False,Paid
OL-0005686,ORD-003405,2026-05-22,CUS-C-00365,Consumer,Spain,Paid Search,Home,HOM-011,1,93.83,EUR,15,8.7,False,Paid
OL-0004738,ORD-002826,01/01/2026,CUS-C-00238,Consumer,United Kingdom,Organic,Home,HOM-020,1,46.96,GBP,0,7.96,False,Paid
OL-0004098,ORD-002450,2026-01-20,CUS-C-01459,Consumer,Spain,Social,Home,HOM-022,2,67.65,EUR,10,8.66,False,Paid
OL-0002161,ORD-001291,24/01/2026,CUS-S-00269,Small Business,Germany,Paid Search,Electronics,ELE-005,1,518.31,EUR,5,14.61,False,Pending
OL-0000699,ORD-000421,19/06/2026,CUS-C-01114,Consumer,United Kingdom,Paid Search,Home,HOM-038,3,82.21,GBP,20,6.5,False,Paid
OL-0002496,ORD-001487,2026-06-06,CUS-S-00049,Small Business,Germany,Organic,Electronics,ELE-008,1,1141.68,EUR,25,10.81,False,Paid
OL-0003000,ORD-001783,2026-04-18,CUS-C-01033,Consumer,United Kingdom,Social,Electronics,ELE-018,1,971.25,GBP,0,12.7,False,Paid
OL-0003697,ORD-002207,2026-05-06,CUS-S-00121,Small Business,Spain,Organic,Office,OFF-004,6,17.42,EUR,0,4.4,False,Pending
OL-0001637,ORD-000978,2026-06-13,,Corporate,United States,Social,Electronics,ELE-036,2,1274.46,USD,20,11.21,False,Paid
OL-0003458,ORD-002058,2026-03-20,CUS-C-00212,Consumer,Spain,Email,Electronics,ELE-011,2,1237.19,EUR,15,10.2,False,Paid
OL-0003582,ORD-002139,08/02/2026,CUS-B-00137,Corporate,France,Marketplace,Office,OFF-023,1,54.43,EUR,0,5.56,False,Paid
OL-0001292,ORD-000777,2026-06-05,CUS-C-01062,Consumer,Germany,Email,Office,OFF-020,1,45.42,EUR,0,3.96,False,Paid
OL-0004660,ORD-002784,2026-01-03,CUS-C-01246,Consumer,France,Paid Search,Electronics,ELE-021,1,476.25,EUR,15,13.66,False,Paid
OL-0005617,ORD-003368,2026-04-24,CUS-S-00024,Small Business,Germany,Social,Home,HOM-006,1,84.8,EUR,0,10.1,False,Paid
OL-0001854,ORD-001104,2026-04-27,CUS-C-00356,Consumer,United Kingdom,Social,Electronics,ELE-013,3,284.29,GBP,5,14.16,False,Paid
OL-0005233,ORD-003130,20/01/2026,CUS-S-00266,Small Business,France,Email,Home,HOM-028,1,343.99,EUR,0,7.21,False,Paid
OL-0003764,ORD-002251,2026-06-24,CUS-C-00590,Consumer,Spain,Paid Search,Electronics,ELE-005,1,528.45,EUR,25,13.84,False,Pending
OL-0003305,ORD-001964,2026-05-02,CUS-B-00182,Corporate,Germany,Paid Search,Office,OFF-022,1,23.35,EUR,0,4.81,False,Paid
OL-0001118,ORD-000667,19/04/2026,CUS-S-00500,Small Business,Germany,Marketplace,Electronics,ELE-001,2,580.86,EUR,15,16.28,False,Paid
OL-0005728,ORD-003432,2026-05-20,CUS-S-00219,Small Business,Spain,Organic,Office,OFF-003,4,10.8,EUR,0,4.74,False,Paid
OL-0003744,ORD-002235,03/04/2026,,Small Business,United Kingdom,Marketplace,Office,OFF-027,1,46.3,GBP,0,4.7,False,Paid
OL-0003446,ORD-002051,2026-03-15,CUS-B-00090,Corporate,Germany,Email,Office,OFF-025,2,9.72,EUR,0,4.3,False,Paid
OL-0001999,ORD-001192,2026-05-21,CUS-C-01170,Consumer,France,Email,Office,OFF-031,1,58.17,EUR,0,5.77,False,Paid
OL-0000664,ORD-000403,2026-06-17,CUS-C-00681,Consumer,United States,Paid Search,Home,HOM-026,3,223.17,USD,0,7.57,False,Paid
OL-0004780,ORD-002856,10/01/2026,CUS-C-00956,Consumer,United Kingdom,Email,Office,OFF-032,-3,44.99,GBP,0,4.38,True,Refunded
OL-0005354,ORD-003200,2026-04-08,CUS-C-01202,Consumer,Germany,Paid Search,Home,HOM-027,2,111.71,EUR,5,10.67,False,Paid
OL-0003749,ORD-002237,2026-05-05,CUS-C-00444,Consumer,France,Paid Search,Home,HOM-023,2,46.69,EUR,0,10.73,False,Paid
OL-0004414,ORD-002640,2026-02-17,CUS-S-00218,Small Business,Germany,Organic,Home,HOM-009,1,132.0,EUR,0,7.35,False,Paid
OL-0004745,ORD-002831,20/05/2026,CUS-S-00590,Small Business,Spain,Social,Home,HOM-008,1,75.98,EUR,5,6.64,False,Paid
OL-0005531,ORD-003311,2026-04-11,CUS-C-00761,Consumer,United Kingdom,Paid Search,Office,OFF-005,4,46.49,GBP,20,3.32,False,Paid
OL-0005576,ORD-003339,2026-05-07,CUS-C-00977,Consumer,Spain,Organic,Home,HOM-027,1,112.23,EUR,25,9.5,False,Paid
OL-0000710,ORD-000428,2026-06-04,CUS-S-00396,Small Business,Germany,Organic,Home,HOM-025,2,132.49,EUR,20,9.71,False,Paid
OL-0001283,ORD-000773,2026-05-11,CUS-S-00322,Small Business,United States,Organic,Electronics,ELE-020,-1,501.54,USD,5,12.02,True,Refunded
OL-0005069,ORD-003035,18/04/2026,,Consumer,United States,Email,Office,OFF-012,5,94.15,USD,0,4.31,False,Pending
OL-0002676,ORD-001595,27/01/2026,CUS-B-00027,Corporate,France,Organic,Home,HOM-015,1,141.94,EUR,0,8.17,False,Paid
OL-0004030,ORD-002411,2026-03-30,CUS-C-00133,Consumer,France,Organic,Home,HOM-031,1,76.14,EUR,10,9.31,False,Paid
OL-0001307,ORD-000785,08/05/2026,CUS-C-00457,Consumer,United States,Paid Search,Electronics,ELE-015,1,209.14,USD,15,13.38,False,Paid
OL-0005497,ORD-003290,2026-01-25,CUS-B-00231,Corporate,Germany,Paid Search,Office,OFF-006,7,27.72,EUR,0,4.83,False,Paid
OL-0005505,ORD-003296,2026-01-01,CUS-C-00761,Consumer,Germany,Organic,Office,OFF-003,1,10.69,EUR,0,5.15,False,Paid
OL-0002238,ORD-001336,2026-03-01,CUS-S-00162,Small Business,France,Organic,Home,HOM-033,3,68.31,EUR,0,7.06,False,Paid
OL-0003303,ORD-001963,01/01/2026,CUS-S-00476,Small Business,Spain,Paid Search,Home,HOM-028,1,346.15,EUR,0,6.64,False,Paid
OL-0005593,ORD-003351,2026-06-08,CUS-C-00113,Consumer,France,Social,Office,OFF-006,7,28.27,EUR,0,4.42,False,Paid
OL-0002039,ORD-001215,2026-06-07,CUS-C-00594,Consumer,United States,Paid Search,Electronics,ELE-018,1,1206.49,USD,10,15.62,False,Paid
OL-0001530,ORD-000914,2026-01-23,CUS-C-01172,Consumer,United Kingdom,Paid Search,Electronics,ELE-005,1,454.77,GBP,5,13.98,False,Paid
OL-0001664,ORD-000994,2026-04-20,,Small Business,United States,Marketplace,Electronics,ELE-040,1,340.24,USD,15,15.04,False,Paid
OL-0005451,ORD-003260,2026-05-17,CUS-S-00558,Small Business,France,Organic,Home,HOM-010,1,143.56,EUR,0,10.66,False,Paid
OL-0002123,ORD-001268,2026-01-14,CUS-C-00232,Consumer,Germany,Organic,Electronics,ELE-004,1,1058.15,EUR,15,15.45,False,Paid
OL-0002035,ORD-001212,04/01/2026,CUS-C-00146,Consumer,Germany,Social,Electronics,ELE-033,1,861.69,EUR,5,11.59,False,Paid
OL-0003628,ORD-002165,2026-03-11,CUS-C-00579,Consumer,United Kingdom,Email,Office,OFF-036,3,17.66,GBP,0,3.56,False,Paid
OL-0005740,ORD-003439,14/02/2026,CUS-C-01154,Consumer,Germany,Paid Search,Office,OFF-010,2,12.27,EUR,0,5.06,False,Pending
OL-0005148,ORD-003078,2026-05-24,CUS-S-00255,Small Business,United States,Paid Search,Home,HOM-023,1,49.49,USD,15,8.19,False,Paid
OL-0004892,ORD-002926,2026-02-13,CUS-S-00417,Small Business,United Kingdom,Organic,Electronics,ELE-015,1,162.33,GBP,15,14.21,False,Paid
OL-0002694,ORD-001605,2026-05-17,,Consumer,Germany,Social,Office,OFF-007,1,39.94,EUR,0,4.22,False,Paid
OL-0003061,ORD-001821,2026-05-10,CUS-C-00056,Consumer,United States,Social,Electronics,ELE-018,1,1190.92,USD,15,12.89,False,Paid
OL-0001598,ORD-000954,2026-06-16,CUS-C-00006,Consumer,Germany,Organic,Electronics,ELE-016,1,393.06,EUR,15,16.31,False,Paid
OL-0002730,ORD-001628,2026-06-20,CUS-C-01168,Consumer,United States,Email,Electronics,ELE-020,1,505.45,USD,0,15.3,False,Paid
OL-0002626,ORD-001565,12/06/2026,CUS-C-00157,Consumer,France,Paid Search,Electronics,ELE-004,2,1056.91,EUR,15,13.9,False,Paid
OL-0003158,ORD-001875,27/02/2026,CUS-S-00531,Small Business,Spain,Social,Home,HOM-011,2,92.87,EUR,0,7.21,False,Paid
OL-0003315,ORD-001970,2026-03-24,CUS-C-01142,Consumer,Spain,Marketplace,Office,OFF-019,3,15.53,EUR,0,5.77,False,Paid
OL-0001723,ORD-001027,2026-01-22,CUS-C-00161,Consumer,United Kingdom,Paid Search,Office,OFF-016,2,8.05,GBP,0,4.58,False,Pending
OL-0005280,ORD-003159,2026-01-18,CUS-B-00126,Corporate,Spain,Organic,Electronics,ELE-038,3,495.91,EUR,10,10.34,False,Pending
OL-0001060,ORD-000632,2026-06-02,CUS-S-00084,Small Business,United Kingdom,Social,Office,OFF-031,1,46.57,GBP,0,4.82,False,Paid
OL-0004637,ORD-002770,15/04/2026,CUS-C-01112,Consumer,United Kingdom,Social,Electronics,ELE-035,1,389.52,GBP,25,9.33,False,Paid
OL-0003243,ORD-001932,29/05/2026,CUS-C-00879,Consumer,United States,Email,Office,OFF-002,2,12.24,USD,0,4.14,False,Paid
OL-0001679,ORD-001003,06/06/2026,CUS-S-00516,Small Business,Germany,Paid Search,Electronics,ELE-003,3,422.65,EUR,0,10.57,False,Paid
OL-0001758,ORD-001049,23/04/2026,CUS-C-01270,Consumer,Germany,Paid Search,Electronics,ELE-019,1,246.6,EUR,10,10.24,False,Paid
OL-0004192,ORD-002507,2026-04-11,CUS-C-01382,Consumer,United States,Paid Search,Office,OFF-007,6,43.72,USD,20,5.75,False,Paid
OL-0005117,ORD-003061,2026-02-05,CUS-S-00577,Small Business,France,Paid Search,Electronics,ELE-030,1,1149.62,EUR,15,15.55,False,Paid
OL-0000564,ORD-000345,05/04/2026,CUS-B-00071,Corporate,Germany,Social,Office,OFF-016,1,9.47,EUR,0,5.22,False,Paid
OL-0002791,ORD-001666,2026-05-19,CUS-C-00623,Consumer,France,Marketplace,Office,OFF-039,1,20.16,EUR,0,5.73,False,Paid
OL-0000864,ORD-000523,2026-02-05,CUS-B-00202,Corporate,France,Paid Search,Office,OFF-027,1,52.88,EUR,0,4.02,False,Paid
OL-0001485,ORD-000887,2026-03-14,CUS-S-00375,Small Business,Germany,Social,Home,HOM-030,2,138.06,EUR,15,7.23,False,Paid
OL-0005135,ORD-003072,2026-02-24,CUS-S-00566,Small Business,France,Social,Office,OFF-038,4,59.84,EUR,10,5.31,False,Paid
OL-0000207,ORD-000129,17/06/2026,CUS-C-00854,Consumer,Spain,Social,Home,HOM-013,1,102.54,EUR,15,10.77,False,Paid
OL-0004489,ORD-002682,2026-02-08,CUS-S-00177,Small Business,Germany,Email,Office,OFF-012,4,85.26,EUR,0,4.13,False,Paid
OL-0000871,ORD-000527,2026-04-13,CUS-S-00344,Small Business,United States,Email,Office,OFF-029,1,90.87,USD,0,4.9,False,Paid
OL-0004494,ORD-002686,19/06/2026,CUS-C-00426,Consumer,Germany,Email,Home,HOM-031,1,75.21,EUR,15,7.72,False,Paid
OL-0000503,ORD-000308,2026-02-17,CUS-S-00548,Small Business,France,Paid Search,Electronics,ELE-004,1,1079.07,EUR,15,12.32,False,Paid
OL-0001029,ORD-000615,11/01/2026,CUS-C-00953,Consumer,Germany,Marketplace,Home,HOM-017,1,51.0,EUR,15,7.61,False,Paid
OL-0003841,ORD-002292,06/04/2026,CUS-B-00132,Corporate,Spain,Paid Search,Electronics,ELE-037,1,278.5,EUR,0,14.16,False,Paid
OL-0002691,ORD-001603,2026-06-15,CUS-B-00124,Corporate,United States,Organic,Office,OFF-008,1,8.65,USD,0,4.63,False,Paid
OL-0005582,ORD-003344,2026-05-16,CUS-S-00244,Small Business,Spain,Email,Office,OFF-020,3,47.42,EUR,0,4.94,False,Paid
OL-0005057,ORD-003027,2026-03-31,,Consumer,France,Paid Search,Home,HOM-025,3,127.63,EUR,0,7.98,False,Paid
OL-0001571,ORD-000937,2026-01-02,,Consumer,Spain,Marketplace,Electronics,ELE-023,1,521.53,EUR,15,14.39,False,Paid
OL-0002774,ORD-001655,2026-06-18,CUS-C-01351,Consumer,Spain,Email,Home,HOM-025,2,128.25,EUR,0,9.26,False,Paid
OL-0002732,ORD-001630,03/04/2026,CUS-C-00975,Consumer,United States,Organic,Home,HOM-033,1,70.01,USD,20,8.03,False,Paid
OL-0000805,ORD-000485,2026-04-23,CUS-S-00355,Small Business,United States,Paid Search,Home,HOM-010,1,157.59,USD,15,7.61,False,Paid
OL-0000038,ORD-000021,31/05/2026,CUS-B-00096,Corporate,Germany,Organic,Electronics,ELE-017,2,757.32,EUR,15,12.86,False,Paid
OL-0003646,ORD-002179,2026-06-30,CUS-C-00429,Consumer,France,Organic,Electronics,ELE-016,1,403.34,EUR,10,15.61,False,Paid
OL-0002455,ORD-001459,27/02/2026,CUS-C-01046,Consumer,Spain,Email,Electronics,ELE-024,1,1067.28,EUR,15,14.21,False,Paid
OL-0004599,ORD-002750,2026-03-24,CUS-B-00121,Corporate,France,Marketplace,Office,OFF-034,3,75.97,EUR,0,3.76,False,Paid
OL-0003105,ORD-001850,09/04/2026,CUS-C-00435,Consumer,United Kingdom,Email,Office,OFF-016,6,8.05,GBP,0,4.22,False,Paid
OL-0004876,ORD-002917,2026-01-12,,Consumer,France,Marketplace,Electronics,ELE-023,1,505.25,EUR,20,13.91,False,Paid
OL-0000201,ORD-000123,2026-06-02,CUS-S-00579,Small Business,France,Email,Home,HOM-017,1,49.18,EUR,0,6.63,False,Paid
OL-0003100,ORD-001847,2026-05-06,CUS-S-00097,Small Business,France,Social,Electronics,ELE-017,2,827.46,EUR,20,15.53,False,Paid
OL-0002279,ORD-001361,12/06/2026,CUS-C-00767,Consumer,France,Organic,Office,OFF-036,1,19.85,EUR,0,4.63,False,Paid
OL-0003562,ORD-002127,2026-02-19,CUS-C-01491,Consumer,Germany,Social,Home,HOM-020,1,57.72,EUR,20,10.62,False,Pending
OL-0004475,ORD-002674,2026-06-13,CUS-C-00494,Consumer,United States,Email,Home,HOM-008,1,80.15,USD,0,9.49,False,Paid
OL-0004515,ORD-002696,2026-01-17,CUS-B-00233,Corporate,Germany,Social,Electronics,ELE-018,1,1120.78,EUR,20,11.72,False,Paid
OL-0005795,ORD-003470,2026-05-16,CUS-C-01298,Consumer,Germany,Paid Search,Office,OFF-009,1,79.28,EUR,0,5.52,False,Paid
OL-0000392,ORD-000237,2026-03-13,CUS-C-01224,Consumer,United Kingdom,Email,Office,OFF-032,2,46.11,GBP,0,3.45,False,Paid
OL-0005619,ORD-003370,2026-05-13,CUS-B-00051,Corporate,Germany,Social,Office,OFF-033,2,34.77,EUR,0,5.34,False,Paid
OL-0005259,ORD-003145,15/02/2026,,Corporate,Spain,Paid Search,Electronics,ELE-016,2,390.72,EUR,5,13.54,False,Paid
OL-0001496,ORD-000894,04/05/2026,CUS-C-01066,Consumer,France,Paid Search,Office,OFF-035,2,32.58,EUR,0,4.04,False,Paid
OL-0002696,ORD-001607,2026-03-10,CUS-S-00096,Small Business,Germany,Paid Search,Home,HOM-039,1,46.79,EUR,15,6.81,False,Paid
OL-0002028,ORD-001207,2026-04-04,CUS-C-01284,Consumer,Spain,Email,Home,HOM-002,1,197.72,EUR,0,8.72,False,Paid
OL-0005249,ORD-003139,2026-06-07,CUS-C-00511,Consumer,France,Paid Search,Home,HOM-025,1,129.98,EUR,15,9.68,False,Paid
OL-0005464,ORD-003269,11/01/2026,,Consumer,Germany,Paid Search,Office,OFF-022,2,22.87,EUR,0,3.97,False,Paid
OL-0002569,ORD-001530,2026-04-06,CUS-S-00059,Small Business,Germany,Organic,Office,OFF-019,6,15.36,EUR,0,4.57,False,Paid
OL-0000065,ORD-000037,20/04/2026,CUS-C-01473,Consumer,France,Marketplace,Electronics,ELE-006,2,218.75,EUR,15,14.78,False,Paid
OL-0003885,ORD-002321,2026-05-05,CUS-S-00169,Small Business,Spain,Paid Search,Office,OFF-023,1,55.09,EUR,0,5.62,False,Paid
OL-0002063,ORD-001230,2026-01-27,CUS-B-00227,Corporate,France,Organic,Office,OFF-004,8,17.51,EUR,0,3.77,False,Pending
OL-0005277,ORD-003156,2026-04-23,CUS-B-00132,Corporate,United Kingdom,Social,Office,OFF-039,5,17.28,GBP,0,5.03,False,Paid
OL-0000493,ORD-000301,2026-05-21,,Consumer,United States,Marketplace,Home,HOM-031,1,86.09,USD,0,8.17,False,Paid
OL-0000380,ORD-000232,2026-01-20,CUS-B-00069,Corporate,United Kingdom,Marketplace,Electronics,ELE-011,1,1065.85,GBP,20,12.75,False,Paid
OL-0004860,ORD-002907,2026-02-25,CUS-C-01472,Consumer,Germany,Paid Search,Office,OFF-032,2,55.54,EUR,0,5.74,False,Paid
OL-0003994,ORD-002391,2026-03-12,CUS-S-00220,Small Business,Spain,Organic,Home,HOM-038,1,98.34,EUR,15,10.23,False,Paid
OL-0004888,ORD-002923,19/05/2026,CUS-C-00999,Consumer,Spain,Organic,Home,HOM-005,-1,264.04,EUR,20,8.18,True,Refunded
OL-0001077,ORD-000642,2026-05-06,CUS-C-00463,Consumer,Germany,Paid Search,Electronics,ELE-011,1,1189.63,EUR,10,10.68,False,Paid
OL-0000879,ORD-000530,2026-01-09,CUS-S-00369,Small Business,Spain,Marketplace,Home,HOM-031,1,75.66,EUR,0,6.56,False,Paid
OL-0000338,ORD-000206,2026-06-29,CUS-B-00003,Corporate,Spain,Email,Electronics,ELE-027,1,664.7,EUR,15,11.05,False,Paid
OL-0001017,ORD-000611,08/01/2026,CUS-C-00021,Consumer,Spain,Paid Search,Home,HOM-036,2,140.4,EUR,10,10.12,False,Paid
OL-0001276,ORD-000768,2026-02-02,CUS-C-00022,Consumer,Spain,Organic,Office,OFF-029,1,98.95,EUR,0,4.93,False,Paid
OL-0003799,ORD-002270,2026-04-24,CUS-C-00367,Consumer,Spain,Social,Home,HOM-036,-3,142.09,EUR,25,9.52,True,Refunded
OL-0004552,ORD-002718,2026-05-27,CUS-C-00445,Consumer,France,Organic,Electronics,ELE-017,2,810.63,EUR,5,10.24,False,Paid
OL-0003343,ORD-001986,2026-04-05,CUS-S-00459,Small Business,France,Organic,Office,OFF-016,1,9.05,EUR,0,5.21,False,Paid
OL-0004912,ORD-002937,2026-01-12,CUS-C-00261,Consumer,Spain,Organic,Electronics,ELE-014,2,183.68,EUR,10,11.63,False,Paid
OL-0000996,ORD-000601,2026-05-07,CUS-C-00629,Consumer,Spain,Marketplace,Home,HOM-039,1,47.4,EUR,0,10.48,False,Paid
OL-0001982,ORD-001181,2026-06-18,,Small Business,United Kingdom,Marketplace,Office,OFF-002,1,9.21,GBP,0,4.21,False,Paid
OL-0004298,ORD-002572,2026-05-20,CUS-C-01168,Consumer,Spain,Paid Search,Electronics,ELE-024,1,1126.18,EUR,25,10.74,False,Paid
OL-0000162,ORD-000101,2026-06-30,CUS-C-00007,Consumer,Germany,Email,Office,OFF-021,1,29.25,EUR,0,4.59,False,Paid
OL-0005676,ORD-003401,2026-03-28,CUS-C-01028,Consumer,Germany,Paid Search,Office,OFF-017,3,9.65,EUR,0,4.37,False,Paid
OL-0004799,ORD-002869,11/02/2026,CUS-S-00592,Small Business,France,Marketplace,Home,HOM-029,1,68.67,EUR,20,9.6,False,Paid
OL-0001501,ORD-000896,2026-03-18,CUS-C-00954,Consumer,Germany,Organic,Office,OFF-023,2,54.56,EUR,0,5.06,False,Pending
OL-0003844,ORD-002294,28/02/2026,CUS-S-00097,Small Business,France,Organic,Office,OFF-002,4,11.09,EUR,0,5.85,False,Paid
OL-0005226,ORD-003125,18/03/2026,CUS-C-00553,Consumer,Spain,Social,Electronics,ELE-040,1,328.03,EUR,0,15.23,False,Paid
OL-0002614,ORD-001561,2026-01-10,CUS-C-00149,Consumer,France,Social,Home,HOM-003,1,157.4,EUR,0,7.65,False,Paid
OL-0003462,ORD-002061,14/06/2026,CUS-C-00024,Consumer,United States,Organic,Home,HOM-002,2,220.29,USD,10,10.82,False,Pending
OL-0001022,ORD-000613,2026-01-19,CUS-C-01201,Consumer,Spain,Marketplace,Home,HOM-024,2,76.93,EUR,0,8.92,False,Paid
OL-0003074,ORD-001830,2026-02-13,CUS-C-00247,Consumer,Germany,Email,Office,OFF-009,6,79.65,EUR,0,5.64,False,Paid
OL-0003944,ORD-002359,2026-02-19,CUS-S-00189,Small Business,Germany,Marketplace,Electronics,ELE-039,1,229.33,EUR,0,12.42,False,Paid
OL-0001586,ORD-000947,2026-02-17,CUS-B-00056,Corporate,United Kingdom,Social,Office,OFF-023,3,45.14,GBP,0,4.58,False,Paid
OL-0001956,ORD-001163,2026-04-07,CUS-C-01432,Consumer,Germany,Email,Electronics,ELE-011,1,1234.71,EUR,25,16.69,False,Paid
OL-0003153,ORD-001873,2026-02-18,CUS-S-00533,Small Business,Germany,Organic,Home,HOM-040,1,294.2,EUR,0,7.14,False,Paid
OL-0000035,ORD-000020,2026-05-31,CUS-C-00306,Consumer,Spain,Paid Search,Home,HOM-018,2,47.12,EUR,10,9.69,False,Pending
OL-0004015,ORD-002403,2026-02-03,,Small Business,United Kingdom,Social,Office,OFF-032,1,44.64,GBP,0,3.2,False,Paid
OL-0000776,ORD-000464,2026-03-30,CUS-C-00818,Consumer,Germany,Social,Electronics,ELE-006,2,212.93,EUR,15,13.98,False,Paid
OL-0002557,ORD-001522,06/02/2026,,Corporate,Spain,Marketplace,Office,OFF-040,1,55.82,EUR,0,3.8,False,Paid
OL-0001479,ORD-000883,2026-03-06,,Consumer,France,Social,Office,OFF-034,5,74.76,EUR,0,5.35,False,Paid
OL-0005487,ORD-003282,2026-05-25,CUS-C-00476,Consumer,Germany,Social,Office,OFF-006,1,28.61,EUR,0,5.63,False,Paid
OL-0001364,ORD-000818,2026-04-14,CUS-C-00608,Consumer,Germany,Paid Search,Electronics,ELE-002,1,384.94,EUR,15,10.24,False,Paid
OL-0002613,ORD-001561,2026-01-10,CUS-C-00149,Consumer,France,Social,Office,OFF-025,2,9.72,EUR,0,5.0,False,Paid
OL-0002825,ORD-001683,2026-01-17,CUS-C-00336,Consumer,France,Paid Search,Electronics,ELE-003,1,445.47,EUR,10,12.57,False,Paid
OL-0002042,ORD-001218,2026-03-18,CUS-S-00421,Small Business,Germany,Organic,Electronics,ELE-005,1,515.84,EUR,20,12.58,False,Paid
OL-0000242,ORD-000151,16/02/2026,,Corporate,United Kingdom,Marketplace,Office,OFF-034,2,61.49,GBP,0,4.64,False,Paid
OL-0002062,ORD-001229,2026-03-21,CUS-C-01241,Consumer,Spain,Organic,Office,OFF-026,3,20.99,EUR,0,4.12,False,Paid
OL-0002364,ORD-001409,07/03/2026,CUS-C-00447,Consumer,Spain,Paid Search,Office,OFF-008,1,8.21,EUR,0,3.66,False,Paid
OL-0000601,ORD-000367,08/01/2026,CUS-C-00522,Consumer,Germany,Paid Search,Office,OFF-028,1,26.71,EUR,0,3.85,False,Paid
OL-0002436,ORD-001448,2026-05-30,CUS-C-01010,Consumer,France,Email,Office,OFF-027,2,52.54,EUR,0,5.68,False,Paid
OL-0005394,ORD-003224,2026-04-15,CUS-B-00155,Corporate,France,Organic,Office,OFF-032,1,52.06,EUR,0,5.91,False,Paid
OL-0002889,ORD-001718,2026-02-21,CUS-S-00303,Small Business,Germany,Paid Search,Home,HOM-012,1,119.31,EUR,0,10.03,False,Paid
OL-0000647,ORD-000392,2026-06-12,CUS-S-00527,Small Business,United States,Paid Search,Office,OFF-005,1,56.94,USD,0,5.84,False,Paid
OL-0003891,ORD-002326,2026-03-25,CUS-B-00158,Corporate,France,Paid Search,Office,OFF-025,1,9.58,EUR,0,4.67,False,Paid
OL-0003557,ORD-002122,2026-03-31,CUS-C-00920,Consumer,Spain,Paid Search,Electronics,ELE-035,1,469.21,EUR,20,11.13,False,Paid
OL-0003203,ORD-001905,2026-02-06,CUS-B-00218,Corporate,Spain,Organic,Office,OFF-019,5,14.82,EUR,5,4.54,False,Paid
OL-0001529,ORD-000914,2026-01-23,CUS-C-01172,Consumer,United Kingdom,Paid Search,Electronics,ELE-007,1,428.75,GBP,0,9.48,False,Paid
OL-0001268,ORD-000762,2026-03-25,CUS-C-00254,Consumer,France,Email,HOME,HOM-002,1,208.07,EUR,0,6.95,False,Paid
OL-0001900,ORD-001130,24/04/2026,CUS-C-01432,Consumer,Germany,Organic,Electronics,ELE-006,1,229.47,EUR,5,10.71,False,Paid
OL-0004659,ORD-002783,2026-06-22,CUS-S-00318,Small Business,France,Organic,Office,OFF-019,4,15.59,EUR,0,4.64,False,Paid
OL-0003006,ORD-001787,2026-02-18,CUS-C-00667,Consumer,United Kingdom,Email,Electronics,ELE-033,1,718.99,GBP,15,10.54,False,Paid
OL-0002735,ORD-001632,2026-03-18,,Corporate,United Kingdom,Social,Electronics,ELE-005,1,467.59,GBP,0,11.98,False,Paid
OL-0000190,ORD-000117,26/02/2026,CUS-C-00074,Consumer,Germany,Email,Electronics,ELE-020,1,466.88,EUR,20,10.59,False,Paid
OL-0001807,ORD-001077,2026-02-08,CUS-C-00685,Consumer,France,Organic,Home,HOM-022,1,68.97,EUR,15,7.76,False,Paid
OL-0000976,ORD-000590,2026-04-25,CUS-C-01450,Consumer,Germany,Paid Search,Office,OFF-032,3,56.26,EUR,0,5.26,False,Paid
OL-0002748,ORD-001638,2026-04-12,CUS-C-00077,Consumer,Spain,Paid Search,Home,HOM-002,1,193.45,EUR,0,6.86,False,Paid
OL-0002048,ORD-001222,2026-04-22,CUS-B-00066,Corporate,Germany,Paid Search,Office,OFF-015,-2,68.37,EUR,0,5.82,True,Refunded
OL-0002559,ORD-001523,22/04/2026,,Small Business,Spain,Paid Search,Office,OFF-040,5,56.6,EUR,0,5.06,False,Paid
OL-0001083,ORD-000646,31/05/2026,CUS-S-00298,Small Business,Spain,Social,Electronics,ELE-004,1,1079.46,EUR,10,13.87,False,Paid
OL-0000475,ORD-000293,26/02/2026,CUS-C-00977,Consumer,United Kingdom,Paid Search,Electronics,ELE-009,1,182.84,GBP,20,10.33,False,Paid
OL-0002905,ORD-001728,2026-01-02,CUS-C-00606,Consumer,United Kingdom,Paid Search,Home,HOM-010,2,125.55,GBP,0,7.48,False,Paid
OL-0004844,ORD-002899,2026-06-02,CUS-C-00004,Consumer,France,Organic,Electronics,ELE-039,1,223.26,EUR,15,12.97,False,Paid
OL-0004118,ORD-002462,11/01/2026,CUS-C-00358,Consumer,Spain,Social,Electronics,ELE-039,2,222.63,EUR,0,15.16,False,Paid
OL-0003386,ORD-002010,2026-05-28,CUS-C-01205,Consumer,France,Organic,Electronics,ELE-035,1,435.75,EUR,15,13.38,False,Paid
OL-0004556,ORD-002720,2026-02-14,CUS-C-00584,Consumer,Spain,Paid Search,Home,HOM-039,2,48.16,EUR,0,9.59,False,Paid
OL-0001185,ORD-000707,01/02/2026,CUS-B-00036,Corporate,Spain,Email,Electronics,ELE-040,1,321.06,EUR,25,13.44,False,Paid
OL-0005052,ORD-003023,16/05/2026,CUS-C-01050,Consumer,Spain,Paid Search,Electronics,ELE-040,1,314.26,EUR,5,15.25,False,Paid
OL-0005312,ORD-003174,22/06/2026,CUS-B-00023,Corporate,Germany,Email,Home,HOM-028,2,341.01,EUR,0,8.24,False,Paid
OL-0002434,ORD-001447,2026-06-21,CUS-C-00205,Consumer,United Kingdom,Organic,Electronics,ELE-016,1,329.18,GBP,10,10.0,False,Paid
OL-0005612,ORD-003365,2026-05-30,CUS-S-00068,Small Business,United States,Paid Search,Electronics,ELE-009,1,239.82,USD,10,13.68,False,Paid
OL-0002392,ORD-001420,21/04/2026,CUS-C-00048,Consumer,Spain,Organic,Home,HOM-026,1,191.76,EUR,25,8.48,False,Paid
OL-0000770,ORD-000461,2026-06-25,CUS-S-00500,Small Business,France,Email,Home,HOM-019,2,65.43,EUR,0,8.89,False,Paid
OL-0001686,ORD-001007,2026-05-25,CUS-B-00173,Corporate,United States,Marketplace,Electronics,ELE-028,2,202.57,USD,15,16.13,False,Paid
OL-0000131,ORD-000080,2026-05-07,CUS-C-01469,Consumer,United Kingdom,Email,Home,HOM-037,1,114.71,GBP,0,7.77,False,Paid
OL-0002920,ORD-001736,2026-02-18,CUS-C-01319,Consumer,Spain,Paid Search,Home,HOM-038,1,95.7,EUR,15,7.62,False,Paid
OL-0003172,ORD-001884,2026-05-05,CUS-C-01028,Consumer,Germany,Marketplace,Home,HOM-002,-1,197.29,EUR,0,6.89,True,Refunded
OL-0003445,ORD-002051,2026-03-15,CUS-B-00090,Corporate,Germany,Email,Office,OFF-034,6,76.52,EUR,0,5.82,False,Paid
OL-0005579,ORD-003342,2026-04-21,CUS-B-00165,Corporate,United Kingdom,Social,Home,HOM-029,1,58.36,GBP,15,8.17,False,Pending
OL-0004427,ORD-002646,2026-03-08,CUS-C-01253,Consumer,Spain,Email,Home,HOM-002,1,194.24,EUR,10,8.04,False,Paid
OL-0005335,ORD-003188,2026-01-07,CUS-S-00501,Small Business,Germany,Email,Office,OFF-007,4,41.73,EUR,0,5.5,False,Paid
OL-0000467,ORD-000289,2026-03-04,CUS-B-00220,Corporate,United Kingdom,Paid Search,Electronics,ELE-015,1,152.76,GBP,15,11.97,False,Paid
OL-0005735,ORD-003435,2026-01-23,CUS-S-00021,Small Business,United Kingdom,Marketplace,Office,OFF-020,3,38.09,GBP,0,4.49,False,Paid
OL-0003093,ORD-001843,2026-05-08,CUS-B-00001,Corporate,Germany,Organic,Home,HOM-013,2,104.35,EUR,15,10.08,False,Paid
OL-0003773,ORD-002255,2026-06-10,CUS-B-00087,Corporate,Spain,Social,Electronics,ELE-001,2,572.91,EUR,10,12.48,False,Paid
OL-0005192,ORD-003103,21/06/2026,CUS-C-00477,Consumer,United Kingdom,Organic,Office,OFF-010,-5,10.44,GBP,0,4.43,True,Refunded
OL-0005227,ORD-003126,17/06/2026,CUS-B-00164,Corporate,France,Social,Home,HOM-027,2,110.4,EUR,0,9.11,False,Paid
OL-0005391,ORD-003223,2026-03-15,CUS-C-00756,Consumer,Spain,Organic,Home,HOM-011,1,96.29,EUR,0,9.54,False,Paid
OL-0000861,ORD-000521,2026-02-03,CUS-S-00160,Small Business,Germany,Social,Office,OFF-036,3,19.55,EUR,0,5.09,False,Paid
